tabela,variavel_id,variavel,unidade,localidade_id,localidade,Posição na ocupação e categoria do emprego no trabalho principal,Sexo,Cor ou raça,periodo,valor_original,valor
10261,4090,Pessoas de 14 anos ou mais de idade ocupadas na semana de referência,Pessoas,2302404,Boa Viagem (CE),Total,Total,Total,2022,12993,12993.0
10261,4090,Pessoas de 14 anos ou mais de idade ocupadas na semana de referência,Pessoas,2307635,Madalena (CE),Total,Total,Total,2022,4827,4827.0
10261,4090,Pessoas de 14 anos ou mais de idade ocupadas na semana de referência,Pessoas,2311405,Quixeramobim (CE),Total,Total,Total,2022,27958,27958.0
10261,4090,Pessoas de 14 anos ou mais de idade ocupadas na semana de referência,Pessoas,2311306,Quixadá (CE),Total,Total,Total,2022,29202,29202.0
10261,4090,Pessoas de 14 anos ou mais de idade ocupadas na semana de referência,Pessoas,2301851,Banabuiú (CE),Total,Total,Total,2022,4890,4890.0
10261,4090,Pessoas de 14 anos ou mais de idade ocupadas na semana de referência,Pessoas,2303931,Choró (CE),Total,Total,Total,2022,2216,2216.0
10261,4090,Pessoas de 14 anos ou mais de idade ocupadas na semana de referência,Pessoas,2305266,Ibaretama (CE),Total,Total,Total,2022,3022,3022.0
10261,4090,Pessoas de 14 anos ou mais de idade ocupadas na semana de referência,Pessoas,2302800,Canindé (CE),Total,Total,Total,2022,25953,25953.0
10261,4090,Pessoas de 14 anos ou mais de idade ocupadas na semana de referência,Pessoas,2308609,Monsenhor Tabosa (CE),Total,Total,Total,2022,5481,5481.0
10261,4090,Pessoas de 14 anos ou mais de idade ocupadas na semana de referência,Pessoas,2313203,Tamboril (CE),Total,Total,Total,2022,6995,6995.0
10261,4090,Pessoas de 14 anos ou mais de idade ocupadas na semana de referência,Pessoas,2310506,Pedra Branca (CE),Total,Total,Total,2022,10510,10510.0
10261,4090,Pessoas de 14 anos ou mais de idade ocupadas na semana de referência,Pessoas,2302404,Boa Viagem (CE),"Empregado no setor privado, exclusive trabalhador doméstico",Total,Total,2022,4488,4488.0
10261,4090,Pessoas de 14 anos ou mais de idade ocupadas na semana de referência,Pessoas,2307635,Madalena (CE),"Empregado no setor privado, exclusive trabalhador doméstico",Total,Total,2022,1541,1541.0
10261,4090,Pessoas de 14 anos ou mais de idade ocupadas na semana de referência,Pessoas,2311405,Quixeramobim (CE),"Empregado no setor privado, exclusive trabalhador doméstico",Total,Total,2022,14872,14872.0
10261,4090,Pessoas de 14 anos ou mais de idade ocupadas na semana de referência,Pessoas,2311306,Quixadá (CE),"Empregado no setor privado, exclusive trabalhador doméstico",Total,Total,2022,12306,12306.0
10261,4090,Pessoas de 14 anos ou mais de idade ocupadas na semana de referência,Pessoas,2301851,Banabuiú (CE),"Empregado no setor privado, exclusive trabalhador doméstico",Total,Total,2022,1225,1225.0
10261,4090,Pessoas de 14 anos ou mais de idade ocupadas na semana de referência,Pessoas,2303931,Choró (CE),"Empregado no setor privado, exclusive trabalhador doméstico",Total,Total,2022,684,684.0
10261,4090,Pessoas de 14 anos ou mais de idade ocupadas na semana de referência,Pessoas,2305266,Ibaretama (CE),"Empregado no setor privado, exclusive trabalhador doméstico",Total,Total,2022,988,988.0
10261,4090,Pessoas de 14 anos ou mais de idade ocupadas na semana de referência,Pessoas,2302800,Canindé (CE),"Empregado no setor privado, exclusive trabalhador doméstico",Total,Total,2022,10516,10516.0
10261,4090,Pessoas de 14 anos ou mais de idade ocupadas na semana de referência,Pessoas,2308609,Monsenhor Tabosa (CE),"Empregado no setor privado, exclusive trabalhador doméstico",Total,Total,2022,1168,1168.0
10261,4090,Pessoas de 14 anos ou mais de idade ocupadas na semana de referência,Pessoas,2313203,Tamboril (CE),"Empregado no setor privado, exclusive trabalhador doméstico",Total,Total,2022,1818,1818.0
10261,4090,Pessoas de 14 anos ou mais de idade ocupadas na semana de referência,Pessoas,2310506,Pedra Branca (CE),"Empregado no setor privado, exclusive trabalhador doméstico",Total,Total,2022,3310,3310.0
10261,4090,Pessoas de 14 anos ou mais de idade ocupadas na semana de referência,Pessoas,2302404,Boa Viagem (CE),"Empregado no setor privado, exclusive trabalhador doméstico - com carteira de trabalho assinada",Total,Total,2022,1083,1083.0
10261,4090,Pessoas de 14 anos ou mais de idade ocupadas na semana de referência,Pessoas,2307635,Madalena (CE),"Empregado no setor privado, exclusive trabalhador doméstico - com carteira de trabalho assinada",Total,Total,2022,601,601.0
10261,4090,Pessoas de 14 anos ou mais de idade ocupadas na semana de referência,Pessoas,2311405,Quixeramobim (CE),"Empregado no setor privado, exclusive trabalhador doméstico - com carteira de trabalho assinada",Total,Total,2022,9645,9645.0
10261,4090,Pessoas de 14 anos ou mais de idade ocupadas na semana de referência,Pessoas,2311306,Quixadá (CE),"Empregado no setor privado, exclusive trabalhador doméstico - com carteira de trabalho assinada",Total,Total,2022,5770,5770.0
10261,4090,Pessoas de 14 anos ou mais de idade ocupadas na semana de referência,Pessoas,2301851,Banabuiú (CE),"Empregado no setor privado, exclusive trabalhador doméstico - com carteira de trabalho assinada",Total,Total,2022,584,584.0
10261,4090,Pessoas de 14 anos ou mais de idade ocupadas na semana de referência,Pessoas,2303931,Choró (CE),"Empregado no setor privado, exclusive trabalhador doméstico - com carteira de trabalho assinada",Total,Total,2022,226,226.0
10261,4090,Pessoas de 14 anos ou mais de idade ocupadas na semana de referência,Pessoas,2305266,Ibaretama (CE),"Empregado no setor privado, exclusive trabalhador doméstico - com carteira de trabalho assinada",Total,Total,2022,205,205.0
10261,4090,Pessoas de 14 anos ou mais de idade ocupadas na semana de referência,Pessoas,2302800,Canindé (CE),"Empregado no setor privado, exclusive trabalhador doméstico - com carteira de trabalho assinada",Total,Total,2022,4701,4701.0
10261,4090,Pessoas de 14 anos ou mais de idade ocupadas na semana de referência,Pessoas,2308609,Monsenhor Tabosa (CE),"Empregado no setor privado, exclusive trabalhador doméstico - com carteira de trabalho assinada",Total,Total,2022,367,367.0
10261,4090,Pessoas de 14 anos ou mais de idade ocupadas na semana de referência,Pessoas,2313203,Tamboril (CE),"Empregado no setor privado, exclusive trabalhador doméstico - com carteira de trabalho assinada",Total,Total,2022,236,236.0
10261,4090,Pessoas de 14 anos ou mais de idade ocupadas na semana de referência,Pessoas,2310506,Pedra Branca (CE),"Empregado no setor privado, exclusive trabalhador doméstico - com carteira de trabalho assinada",Total,Total,2022,1059,1059.0
10261,4090,Pessoas de 14 anos ou mais de idade ocupadas na semana de referência,Pessoas,2302404,Boa Viagem (CE),"Empregado no setor privado, exclusive trabalhador doméstico - sem carteira de trabalho assinada",Total,Total,2022,3405,3405.0
10261,4090,Pessoas de 14 anos ou mais de idade ocupadas na semana de referência,Pessoas,2307635,Madalena (CE),"Empregado no setor privado, exclusive trabalhador doméstico - sem carteira de trabalho assinada",Total,Total,2022,939,939.0
10261,4090,Pessoas de 14 anos ou mais de idade ocupadas na semana de referência,Pessoas,2311405,Quixeramobim (CE),"Empregado no setor privado, exclusive trabalhador doméstico - sem carteira de trabalho assinada",Total,Total,2022,5228,5228.0
10261,4090,Pessoas de 14 anos ou mais de idade ocupadas na semana de referência,Pessoas,2311306,Quixadá (CE),"Empregado no setor privado, exclusive trabalhador doméstico - sem carteira de trabalho assinada",Total,Total,2022,6535,6535.0
10261,4090,Pessoas de 14 anos ou mais de idade ocupadas na semana de referência,Pessoas,2301851,Banabuiú (CE),"Empregado no setor privado, exclusive trabalhador doméstico - sem carteira de trabalho assinada",Total,Total,2022,641,641.0
10261,4090,Pessoas de 14 anos ou mais de idade ocupadas na semana de referência,Pessoas,2303931,Choró (CE),"Empregado no setor privado, exclusive trabalhador doméstico - sem carteira de trabalho assinada",Total,Total,2022,457,457.0
10261,4090,Pessoas de 14 anos ou mais de idade ocupadas na semana de referência,Pessoas,2305266,Ibaretama (CE),"Empregado no setor privado, exclusive trabalhador doméstico - sem carteira de trabalho assinada",Total,Total,2022,782,782.0
10261,4090,Pessoas de 14 anos ou mais de idade ocupadas na semana de referência,Pessoas,2302800,Canindé (CE),"Empregado no setor privado, exclusive trabalhador doméstico - sem carteira de trabalho assinada",Total,Total,2022,5815,5815.0
10261,4090,Pessoas de 14 anos ou mais de idade ocupadas na semana de referência,Pessoas,2308609,Monsenhor Tabosa (CE),"Empregado no setor privado, exclusive trabalhador doméstico - sem carteira de trabalho assinada",Total,Total,2022,801,801.0
10261,4090,Pessoas de 14 anos ou mais de idade ocupadas na semana de referência,Pessoas,2313203,Tamboril (CE),"Empregado no setor privado, exclusive trabalhador doméstico - sem carteira de trabalho assinada",Total,Total,2022,1583,1583.0
10261,4090,Pessoas de 14 anos ou mais de idade ocupadas na semana de referência,Pessoas,2310506,Pedra Branca (CE),"Empregado no setor privado, exclusive trabalhador doméstico - sem carteira de trabalho assinada",Total,Total,2022,2251,2251.0
10261,4090,Pessoas de 14 anos ou mais de idade ocupadas na semana de referência,Pessoas,2302404,Boa Viagem (CE),Trabalhador doméstico,Total,Total,2022,870,870.0
10261,4090,Pessoas de 14 anos ou mais de idade ocupadas na semana de referência,Pessoas,2307635,Madalena (CE),Trabalhador doméstico,Total,Total,2022,284,284.0
10261,4090,Pessoas de 14 anos ou mais de idade ocupadas na semana de referência,Pessoas,2311405,Quixeramobim (CE),Trabalhador doméstico,Total,Total,2022,1406,1406.0
10261,4090,Pessoas de 14 anos ou mais de idade ocupadas na semana de referência,Pessoas,2311306,Quixadá (CE),Trabalhador doméstico,Total,Total,2022,1229,1229.0
10261,4090,Pessoas de 14 anos ou mais de idade ocupadas na semana de referência,Pessoas,2301851,Banabuiú (CE),Trabalhador doméstico,Total,Total,2022,180,180.0
10261,4090,Pessoas de 14 anos ou mais de idade ocupadas na semana de referência,Pessoas,2303931,Choró (CE),Trabalhador doméstico,Total,Total,2022,133,133.0
10261,4090,Pessoas de 14 anos ou mais de idade ocupadas na semana de referência,Pessoas,2305266,Ibaretama (CE),Trabalhador doméstico,Total,Total,2022,101,101.0
10261,4090,Pessoas de 14 anos ou mais de idade ocupadas na semana de referência,Pessoas,2302800,Canindé (CE),Trabalhador doméstico,Total,Total,2022,1322,1322.0
10261,4090,Pessoas de 14 anos ou mais de idade ocupadas na semana de referência,Pessoas,2308609,Monsenhor Tabosa (CE),Trabalhador doméstico,Total,Total,2022,139,139.0
10261,4090,Pessoas de 14 anos ou mais de idade ocupadas na semana de referência,Pessoas,2313203,Tamboril (CE),Trabalhador doméstico,Total,Total,2022,368,368.0
10261,4090,Pessoas de 14 anos ou mais de idade ocupadas na semana de referência,Pessoas,2310506,Pedra Branca (CE),Trabalhador doméstico,Total,Total,2022,671,671.0
10261,4090,Pessoas de 14 anos ou mais de idade ocupadas na semana de referência,Pessoas,2302404,Boa Viagem (CE),Trabalhador doméstico (inclusive diarista) - com carteira de trabalho assinada,Total,Total,2022,18,18.0
10261,4090,Pessoas de 14 anos ou mais de idade ocupadas na semana de referência,Pessoas,2307635,Madalena (CE),Trabalhador doméstico (inclusive diarista) - com carteira de trabalho assinada,Total,Total,2022,-,
10261,4090,Pessoas de 14 anos ou mais de idade ocupadas na semana de referência,Pessoas,2311405,Quixeramobim (CE),Trabalhador doméstico (inclusive diarista) - com carteira de trabalho assinada,Total,Total,2022,54,54.0
10261,4090,Pessoas de 14 anos ou mais de idade ocupadas na semana de referência,Pessoas,2311306,Quixadá (CE),Trabalhador doméstico (inclusive diarista) - com carteira de trabalho assinada,Total,Total,2022,69,69.0
10261,4090,Pessoas de 14 anos ou mais de idade ocupadas na semana de referência,Pessoas,2301851,Banabuiú (CE),Trabalhador doméstico (inclusive diarista) - com carteira de trabalho assinada,Total,Total,2022,5,5.0
10261,4090,Pessoas de 14 anos ou mais de idade ocupadas na semana de referência,Pessoas,2303931,Choró (CE),Trabalhador doméstico (inclusive diarista) - com carteira de trabalho assinada,Total,Total,2022,6,6.0
10261,4090,Pessoas de 14 anos ou mais de idade ocupadas na semana de referência,Pessoas,2305266,Ibaretama (CE),Trabalhador doméstico (inclusive diarista) - com carteira de trabalho assinada,Total,Total,2022,-,
10261,4090,Pessoas de 14 anos ou mais de idade ocupadas na semana de referência,Pessoas,2302800,Canindé (CE),Trabalhador doméstico (inclusive diarista) - com carteira de trabalho assinada,Total,Total,2022,42,42.0
10261,4090,Pessoas de 14 anos ou mais de idade ocupadas na semana de referência,Pessoas,2308609,Monsenhor Tabosa (CE),Trabalhador doméstico (inclusive diarista) - com carteira de trabalho assinada,Total,Total,2022,15,15.0
10261,4090,Pessoas de 14 anos ou mais de idade ocupadas na semana de referência,Pessoas,2313203,Tamboril (CE),Trabalhador doméstico (inclusive diarista) - com carteira de trabalho assinada,Total,Total,2022,12,12.0
10261,4090,Pessoas de 14 anos ou mais de idade ocupadas na semana de referência,Pessoas,2310506,Pedra Branca (CE),Trabalhador doméstico (inclusive diarista) - com carteira de trabalho assinada,Total,Total,2022,9,9.0
10261,4090,Pessoas de 14 anos ou mais de idade ocupadas na semana de referência,Pessoas,2302404,Boa Viagem (CE),Trabalhador doméstico (inclusive diarista) - sem carteira de trabalho assinada,Total,Total,2022,852,852.0
10261,4090,Pessoas de 14 anos ou mais de idade ocupadas na semana de referência,Pessoas,2307635,Madalena (CE),Trabalhador doméstico (inclusive diarista) - sem carteira de trabalho assinada,Total,Total,2022,284,284.0
10261,4090,Pessoas de 14 anos ou mais de idade ocupadas na semana de referência,Pessoas,2311405,Quixeramobim (CE),Trabalhador doméstico (inclusive diarista) - sem carteira de trabalho assinada,Total,Total,2022,1352,1352.0
10261,4090,Pessoas de 14 anos ou mais de idade ocupadas na semana de referência,Pessoas,2311306,Quixadá (CE),Trabalhador doméstico (inclusive diarista) - sem carteira de trabalho assinada,Total,Total,2022,1161,1161.0
10261,4090,Pessoas de 14 anos ou mais de idade ocupadas na semana de referência,Pessoas,2301851,Banabuiú (CE),Trabalhador doméstico (inclusive diarista) - sem carteira de trabalho assinada,Total,Total,2022,175,175.0
10261,4090,Pessoas de 14 anos ou mais de idade ocupadas na semana de referência,Pessoas,2303931,Choró (CE),Trabalhador doméstico (inclusive diarista) - sem carteira de trabalho assinada,Total,Total,2022,127,127.0
10261,4090,Pessoas de 14 anos ou mais de idade ocupadas na semana de referência,Pessoas,2305266,Ibaretama (CE),Trabalhador doméstico (inclusive diarista) - sem carteira de trabalho assinada,Total,Total,2022,101,101.0
10261,4090,Pessoas de 14 anos ou mais de idade ocupadas na semana de referência,Pessoas,2302800,Canindé (CE),Trabalhador doméstico (inclusive diarista) - sem carteira de trabalho assinada,Total,Total,2022,1280,1280.0
10261,4090,Pessoas de 14 anos ou mais de idade ocupadas na semana de referência,Pessoas,2308609,Monsenhor Tabosa (CE),Trabalhador doméstico (inclusive diarista) - sem carteira de trabalho assinada,Total,Total,2022,124,124.0
10261,4090,Pessoas de 14 anos ou mais de idade ocupadas na semana de referência,Pessoas,2313203,Tamboril (CE),Trabalhador doméstico (inclusive diarista) - sem carteira de trabalho assinada,Total,Total,2022,357,357.0
10261,4090,Pessoas de 14 anos ou mais de idade ocupadas na semana de referência,Pessoas,2310506,Pedra Branca (CE),Trabalhador doméstico (inclusive diarista) - sem carteira de trabalho assinada,Total,Total,2022,662,662.0
10261,4090,Pessoas de 14 anos ou mais de idade ocupadas na semana de referência,Pessoas,2302404,Boa Viagem (CE),"Militar do exército, da marinha, da aeronáutica, da polícia militar ou do corpo de bombeiros militar",Total,Total,2022,19,19.0
10261,4090,Pessoas de 14 anos ou mais de idade ocupadas na semana de referência,Pessoas,2307635,Madalena (CE),"Militar do exército, da marinha, da aeronáutica, da polícia militar ou do corpo de bombeiros militar",Total,Total,2022,-,
10261,4090,Pessoas de 14 anos ou mais de idade ocupadas na semana de referência,Pessoas,2311405,Quixeramobim (CE),"Militar do exército, da marinha, da aeronáutica, da polícia militar ou do corpo de bombeiros militar",Total,Total,2022,63,63.0
10261,4090,Pessoas de 14 anos ou mais de idade ocupadas na semana de referência,Pessoas,2311306,Quixadá (CE),"Militar do exército, da marinha, da aeronáutica, da polícia militar ou do corpo de bombeiros militar",Total,Total,2022,192,192.0
10261,4090,Pessoas de 14 anos ou mais de idade ocupadas na semana de referência,Pessoas,2301851,Banabuiú (CE),"Militar do exército, da marinha, da aeronáutica, da polícia militar ou do corpo de bombeiros militar",Total,Total,2022,6,6.0
10261,4090,Pessoas de 14 anos ou mais de idade ocupadas na semana de referência,Pessoas,2303931,Choró (CE),"Militar do exército, da marinha, da aeronáutica, da polícia militar ou do corpo de bombeiros militar",Total,Total,2022,16,16.0
10261,4090,Pessoas de 14 anos ou mais de idade ocupadas na semana de referência,Pessoas,2305266,Ibaretama (CE),"Militar do exército, da marinha, da aeronáutica, da polícia militar ou do corpo de bombeiros militar",Total,Total,2022,14,14.0
10261,4090,Pessoas de 14 anos ou mais de idade ocupadas na semana de referência,Pessoas,2302800,Canindé (CE),"Militar do exército, da marinha, da aeronáutica, da polícia militar ou do corpo de bombeiros militar",Total,Total,2022,263,263.0
10261,4090,Pessoas de 14 anos ou mais de idade ocupadas na semana de referência,Pessoas,2308609,Monsenhor Tabosa (CE),"Militar do exército, da marinha, da aeronáutica, da polícia militar ou do corpo de bombeiros militar",Total,Total,2022,-,
10261,4090,Pessoas de 14 anos ou mais de idade ocupadas na semana de referência,Pessoas,2313203,Tamboril (CE),"Militar do exército, da marinha, da aeronáutica, da polícia militar ou do corpo de bombeiros militar",Total,Total,2022,10,10.0
10261,4090,Pessoas de 14 anos ou mais de idade ocupadas na semana de referência,Pessoas,2310506,Pedra Branca (CE),"Militar do exército, da marinha, da aeronáutica, da polícia militar ou do corpo de bombeiros militar",Total,Total,2022,9,9.0
10261,4090,Pessoas de 14 anos ou mais de idade ocupadas na semana de referência,Pessoas,2302404,Boa Viagem (CE),Empregado no setor público,Total,Total,2022,2660,2660.0
10261,4090,Pessoas de 14 anos ou mais de idade ocupadas na semana de referência,Pessoas,2307635,Madalena (CE),Empregado no setor público,Total,Total,2022,1288,1288.0
10261,4090,Pessoas de 14 anos ou mais de idade ocupadas na semana de referência,Pessoas,2311405,Quixeramobim (CE),Empregado no setor público,Total,Total,2022,4228,4228.0
10261,4090,Pessoas de 14 anos ou mais de idade ocupadas na semana de referência,Pessoas,2311306,Quixadá (CE),Empregado no setor público,Total,Total,2022,4775,4775.0
10261,4090,Pessoas de 14 anos ou mais de idade ocupadas na semana de referência,Pessoas,2301851,Banabuiú (CE),Empregado no setor público,Total,Total,2022,1363,1363.0
10261,4090,Pessoas de 14 anos ou mais de idade ocupadas na semana de referência,Pessoas,2303931,Choró (CE),Empregado no setor público,Total,Total,2022,619,619.0
10261,4090,Pessoas de 14 anos ou mais de idade ocupadas na semana de referência,Pessoas,2305266,Ibaretama (CE),Empregado no setor público,Total,Total,2022,800,800.0
10261,4090,Pessoas de 14 anos ou mais de idade ocupadas na semana de referência,Pessoas,2302800,Canindé (CE),Empregado no setor público,Total,Total,2022,3984,3984.0
10261,4090,Pessoas de 14 anos ou mais de idade ocupadas na semana de referência,Pessoas,2308609,Monsenhor Tabosa (CE),Empregado no setor público,Total,Total,2022,1594,1594.0
10261,4090,Pessoas de 14 anos ou mais de idade ocupadas na semana de referência,Pessoas,2313203,Tamboril (CE),Empregado no setor público,Total,Total,2022,1503,1503.0
10261,4090,Pessoas de 14 anos ou mais de idade ocupadas na semana de referência,Pessoas,2310506,Pedra Branca (CE),Empregado no setor público,Total,Total,2022,2900,2900.0
10261,4090,Pessoas de 14 anos ou mais de idade ocupadas na semana de referência,Pessoas,2302404,Boa Viagem (CE),Empregado no setor público - funcionário estatutário,Total,Total,2022,1661,1661.0
10261,4090,Pessoas de 14 anos ou mais de idade ocupadas na semana de referência,Pessoas,2307635,Madalena (CE),Empregado no setor público - funcionário estatutário,Total,Total,2022,758,758.0
10261,4090,Pessoas de 14 anos ou mais de idade ocupadas na semana de referência,Pessoas,2311405,Quixeramobim (CE),Empregado no setor público - funcionário estatutário,Total,Total,2022,2339,2339.0
10261,4090,Pessoas de 14 anos ou mais de idade ocupadas na semana de referência,Pessoas,2311306,Quixadá (CE),Empregado no setor público - funcionário estatutário,Total,Total,2022,2994,2994.0
10261,4090,Pessoas de 14 anos ou mais de idade ocupadas na semana de referência,Pessoas,2301851,Banabuiú (CE),Empregado no setor público - funcionário estatutário,Total,Total,2022,602,602.0
10261,4090,Pessoas de 14 anos ou mais de idade ocupadas na semana de referência,Pessoas,2303931,Choró (CE),Empregado no setor público - funcionário estatutário,Total,Total,2022,375,375.0
10261,4090,Pessoas de 14 anos ou mais de idade ocupadas na semana de referência,Pessoas,2305266,Ibaretama (CE),Empregado no setor público - funcionário estatutário,Total,Total,2022,405,405.0
10261,4090,Pessoas de 14 anos ou mais de idade ocupadas na semana de referência,Pessoas,2302800,Canindé (CE),Empregado no setor público - funcionário estatutário,Total,Total,2022,2600,2600.0
10261,4090,Pessoas de 14 anos ou mais de idade ocupadas na semana de referência,Pessoas,2308609,Monsenhor Tabosa (CE),Empregado no setor público - funcionário estatutário,Total,Total,2022,635,635.0
10261,4090,Pessoas de 14 anos ou mais de idade ocupadas na semana de referência,Pessoas,2313203,Tamboril (CE),Empregado no setor público - funcionário estatutário,Total,Total,2022,1011,1011.0
10261,4090,Pessoas de 14 anos ou mais de idade ocupadas na semana de referência,Pessoas,2310506,Pedra Branca (CE),Empregado no setor público - funcionário estatutário,Total,Total,2022,1362,1362.0
10261,4090,Pessoas de 14 anos ou mais de idade ocupadas na semana de referência,Pessoas,2302404,Boa Viagem (CE),Empregado no setor público - empregado não estatutário,Total,Total,2022,999,999.0
10261,4090,Pessoas de 14 anos ou mais de idade ocupadas na semana de referência,Pessoas,2307635,Madalena (CE),Empregado no setor público - empregado não estatutário,Total,Total,2022,530,530.0
10261,4090,Pessoas de 14 anos ou mais de idade ocupadas na semana de referência,Pessoas,2311405,Quixeramobim (CE),Empregado no setor público - empregado não estatutário,Total,Total,2022,1889,1889.0
10261,4090,Pessoas de 14 anos ou mais de idade ocupadas na semana de referência,Pessoas,2311306,Quixadá (CE),Empregado no setor público - empregado não estatutário,Total,Total,2022,1781,1781.0
10261,4090,Pessoas de 14 anos ou mais de idade ocupadas na semana de referência,Pessoas,2301851,Banabuiú (CE),Empregado no setor público - empregado não estatutário,Total,Total,2022,762,762.0
10261,4090,Pessoas de 14 anos ou mais de idade ocupadas na semana de referência,Pessoas,2303931,Choró (CE),Empregado no setor público - empregado não estatutário,Total,Total,2022,243,243.0
10261,4090,Pessoas de 14 anos ou mais de idade ocupadas na semana de referência,Pessoas,2305266,Ibaretama (CE),Empregado no setor público - empregado não estatutário,Total,Total,2022,394,394.0
10261,4090,Pessoas de 14 anos ou mais de idade ocupadas na semana de referência,Pessoas,2302800,Canindé (CE),Empregado no setor público - empregado não estatutário,Total,Total,2022,1384,1384.0
10261,4090,Pessoas de 14 anos ou mais de idade ocupadas na semana de referência,Pessoas,2308609,Monsenhor Tabosa (CE),Empregado no setor público - empregado não estatutário,Total,Total,2022,959,959.0
10261,4090,Pessoas de 14 anos ou mais de idade ocupadas na semana de referência,Pessoas,2313203,Tamboril (CE),Empregado no setor público - empregado não estatutário,Total,Total,2022,491,491.0
10261,4090,Pessoas de 14 anos ou mais de idade ocupadas na semana de referência,Pessoas,2310506,Pedra Branca (CE),Empregado no setor público - empregado não estatutário,Total,Total,2022,1538,1538.0
10261,4090,Pessoas de 14 anos ou mais de idade ocupadas na semana de referência,Pessoas,2302404,Boa Viagem (CE),Empregado no setor público - empregado não estatutário com carteira de trabalho assinada,Total,Total,2022,302,302.0
10261,4090,Pessoas de 14 anos ou mais de idade ocupadas na semana de referência,Pessoas,2307635,Madalena (CE),Empregado no setor público - empregado não estatutário com carteira de trabalho assinada,Total,Total,2022,21,21.0
10261,4090,Pessoas de 14 anos ou mais de idade ocupadas na semana de referência,Pessoas,2311405,Quixeramobim (CE),Empregado no setor público - empregado não estatutário com carteira de trabalho assinada,Total,Total,2022,452,452.0
10261,4090,Pessoas de 14 anos ou mais de idade ocupadas na semana de referência,Pessoas,2311306,Quixadá (CE),Empregado no setor público - empregado não estatutário com carteira de trabalho assinada,Total,Total,2022,433,433.0
10261,4090,Pessoas de 14 anos ou mais de idade ocupadas na semana de referência,Pessoas,2301851,Banabuiú (CE),Empregado no setor público - empregado não estatutário com carteira de trabalho assinada,Total,Total,2022,201,201.0
10261,4090,Pessoas de 14 anos ou mais de idade ocupadas na semana de referência,Pessoas,2303931,Choró (CE),Empregado no setor público - empregado não estatutário com carteira de trabalho assinada,Total,Total,2022,7,7.0
10261,4090,Pessoas de 14 anos ou mais de idade ocupadas na semana de referência,Pessoas,2305266,Ibaretama (CE),Empregado no setor público - empregado não estatutário com carteira de trabalho assinada,Total,Total,2022,41,41.0
10261,4090,Pessoas de 14 anos ou mais de idade ocupadas na semana de referência,Pessoas,2302800,Canindé (CE),Empregado no setor público - empregado não estatutário com carteira de trabalho assinada,Total,Total,2022,327,327.0
10261,4090,Pessoas de 14 anos ou mais de idade ocupadas na semana de referência,Pessoas,2308609,Monsenhor Tabosa (CE),Empregado no setor público - empregado não estatutário com carteira de trabalho assinada,Total,Total,2022,132,132.0
10261,4090,Pessoas de 14 anos ou mais de idade ocupadas na semana de referência,Pessoas,2313203,Tamboril (CE),Empregado no setor público - empregado não estatutário com carteira de trabalho assinada,Total,Total,2022,80,80.0
10261,4090,Pessoas de 14 anos ou mais de idade ocupadas na semana de referência,Pessoas,2310506,Pedra Branca (CE),Empregado no setor público - empregado não estatutário com carteira de trabalho assinada,Total,Total,2022,279,279.0
10261,4090,Pessoas de 14 anos ou mais de idade ocupadas na semana de referência,Pessoas,2302404,Boa Viagem (CE),Empregado do setor público - empregado não estatutário sem carteira de trabalho assinada,Total,Total,2022,697,697.0
10261,4090,Pessoas de 14 anos ou mais de idade ocupadas na semana de referência,Pessoas,2307635,Madalena (CE),Empregado do setor público - empregado não estatutário sem carteira de trabalho assinada,Total,Total,2022,509,509.0
10261,4090,Pessoas de 14 anos ou mais de idade ocupadas na semana de referência,Pessoas,2311405,Quixeramobim (CE),Empregado do setor público - empregado não estatutário sem carteira de trabalho assinada,Total,Total,2022,1437,1437.0
10261,4090,Pessoas de 14 anos ou mais de idade ocupadas na semana de referência,Pessoas,2311306,Quixadá (CE),Empregado do setor público - empregado não estatutário sem carteira de trabalho assinada,Total,Total,2022,1348,1348.0
10261,4090,Pessoas de 14 anos ou mais de idade ocupadas na semana de referência,Pessoas,2301851,Banabuiú (CE),Empregado do setor público - empregado não estatutário sem carteira de trabalho assinada,Total,Total,2022,560,560.0
10261,4090,Pessoas de 14 anos ou mais de idade ocupadas na semana de referência,Pessoas,2303931,Choró (CE),Empregado do setor público - empregado não estatutário sem carteira de trabalho assinada,Total,Total,2022,236,236.0
10261,4090,Pessoas de 14 anos ou mais de idade ocupadas na semana de referência,Pessoas,2305266,Ibaretama (CE),Empregado do setor público - empregado não estatutário sem carteira de trabalho assinada,Total,Total,2022,353,353.0
10261,4090,Pessoas de 14 anos ou mais de idade ocupadas na semana de referência,Pessoas,2302800,Canindé (CE),Empregado do setor público - empregado não estatutário sem carteira de trabalho assinada,Total,Total,2022,1057,1057.0
10261,4090,Pessoas de 14 anos ou mais de idade ocupadas na semana de referência,Pessoas,2308609,Monsenhor Tabosa (CE),Empregado do setor público - empregado não estatutário sem carteira de trabalho assinada,Total,Total,2022,827,827.0
10261,4090,Pessoas de 14 anos ou mais de idade ocupadas na semana de referência,Pessoas,2313203,Tamboril (CE),Empregado do setor público - empregado não estatutário sem carteira de trabalho assinada,Total,Total,2022,411,411.0
10261,4090,Pessoas de 14 anos ou mais de idade ocupadas na semana de referência,Pessoas,2310506,Pedra Branca (CE),Empregado do setor público - empregado não estatutário sem carteira de trabalho assinada,Total,Total,2022,1260,1260.0
10261,4090,Pessoas de 14 anos ou mais de idade ocupadas na semana de referência,Pessoas,2302404,Boa Viagem (CE),Empregado de empresas estatais,Total,Total,2022,185,185.0
10261,4090,Pessoas de 14 anos ou mais de idade ocupadas na semana de referência,Pessoas,2307635,Madalena (CE),Empregado de empresas estatais,Total,Total,2022,-,
10261,4090,Pessoas de 14 anos ou mais de idade ocupadas na semana de referência,Pessoas,2311405,Quixeramobim (CE),Empregado de empresas estatais,Total,Total,2022,99,99.0
10261,4090,Pessoas de 14 anos ou mais de idade ocupadas na semana de referência,Pessoas,2311306,Quixadá (CE),Empregado de empresas estatais,Total,Total,2022,115,115.0
10261,4090,Pessoas de 14 anos ou mais de idade ocupadas na semana de referência,Pessoas,2301851,Banabuiú (CE),Empregado de empresas estatais,Total,Total,2022,19,19.0
10261,4090,Pessoas de 14 anos ou mais de idade ocupadas na semana de referência,Pessoas,2303931,Choró (CE),Empregado de empresas estatais,Total,Total,2022,-,
10261,4090,Pessoas de 14 anos ou mais de idade ocupadas na semana de referência,Pessoas,2305266,Ibaretama (CE),Empregado de empresas estatais,Total,Total,2022,-,
10261,4090,Pessoas de 14 anos ou mais de idade ocupadas na semana de referência,Pessoas,2302800,Canindé (CE),Empregado de empresas estatais,Total,Total,2022,22,22.0
10261,4090,Pessoas de 14 anos ou mais de idade ocupadas na semana de referência,Pessoas,2308609,Monsenhor Tabosa (CE),Empregado de empresas estatais,Total,Total,2022,13,13.0
10261,4090,Pessoas de 14 anos ou mais de idade ocupadas na semana de referência,Pessoas,2313203,Tamboril (CE),Empregado de empresas estatais,Total,Total,2022,-,
10261,4090,Pessoas de 14 anos ou mais de idade ocupadas na semana de referência,Pessoas,2310506,Pedra Branca (CE),Empregado de empresas estatais,Total,Total,2022,-,
10261,4090,Pessoas de 14 anos ou mais de idade ocupadas na semana de referência,Pessoas,2302404,Boa Viagem (CE),Empregado de empresas estatais com carteira de trabalho assinada,Total,Total,2022,57,57.0
10261,4090,Pessoas de 14 anos ou mais de idade ocupadas na semana de referência,Pessoas,2307635,Madalena (CE),Empregado de empresas estatais com carteira de trabalho assinada,Total,Total,2022,-,
10261,4090,Pessoas de 14 anos ou mais de idade ocupadas na semana de referência,Pessoas,2311405,Quixeramobim (CE),Empregado de empresas estatais com carteira de trabalho assinada,Total,Total,2022,35,35.0
10261,4090,Pessoas de 14 anos ou mais de idade ocupadas na semana de referência,Pessoas,2311306,Quixadá (CE),Empregado de empresas estatais com carteira de trabalho assinada,Total,Total,2022,44,44.0
10261,4090,Pessoas de 14 anos ou mais de idade ocupadas na semana de referência,Pessoas,2301851,Banabuiú (CE),Empregado de empresas estatais com carteira de trabalho assinada,Total,Total,2022,19,19.0
10261,4090,Pessoas de 14 anos ou mais de idade ocupadas na semana de referência,Pessoas,2303931,Choró (CE),Empregado de empresas estatais com carteira de trabalho assinada,Total,Total,2022,-,
10261,4090,Pessoas de 14 anos ou mais de idade ocupadas na semana de referência,Pessoas,2305266,Ibaretama (CE),Empregado de empresas estatais com carteira de trabalho assinada,Total,Total,2022,-,
10261,4090,Pessoas de 14 anos ou mais de idade ocupadas na semana de referência,Pessoas,2302800,Canindé (CE),Empregado de empresas estatais com carteira de trabalho assinada,Total,Total,2022,18,18.0
10261,4090,Pessoas de 14 anos ou mais de idade ocupadas na semana de referência,Pessoas,2308609,Monsenhor Tabosa (CE),Empregado de empresas estatais com carteira de trabalho assinada,Total,Total,2022,4,4.0
10261,4090,Pessoas de 14 anos ou mais de idade ocupadas na semana de referência,Pessoas,2313203,Tamboril (CE),Empregado de empresas estatais com carteira de trabalho assinada,Total,Total,2022,-,
10261,4090,Pessoas de 14 anos ou mais de idade ocupadas na semana de referência,Pessoas,2310506,Pedra Branca (CE),Empregado de empresas estatais com carteira de trabalho assinada,Total,Total,2022,-,
10261,4090,Pessoas de 14 anos ou mais de idade ocupadas na semana de referência,Pessoas,2302404,Boa Viagem (CE),Empregado de empresas estatais sem carteira de trabalho assinada,Total,Total,2022,128,128.0
10261,4090,Pessoas de 14 anos ou mais de idade ocupadas na semana de referência,Pessoas,2307635,Madalena (CE),Empregado de empresas estatais sem carteira de trabalho assinada,Total,Total,2022,-,
10261,4090,Pessoas de 14 anos ou mais de idade ocupadas na semana de referência,Pessoas,2311405,Quixeramobim (CE),Empregado de empresas estatais sem carteira de trabalho assinada,Total,Total,2022,64,64.0
10261,4090,Pessoas de 14 anos ou mais de idade ocupadas na semana de referência,Pessoas,2311306,Quixadá (CE),Empregado de empresas estatais sem carteira de trabalho assinada,Total,Total,2022,71,71.0
10261,4090,Pessoas de 14 anos ou mais de idade ocupadas na semana de referência,Pessoas,2301851,Banabuiú (CE),Empregado de empresas estatais sem carteira de trabalho assinada,Total,Total,2022,-,
10261,4090,Pessoas de 14 anos ou mais de idade ocupadas na semana de referência,Pessoas,2303931,Choró (CE),Empregado de empresas estatais sem carteira de trabalho assinada,Total,Total,2022,-,
10261,4090,Pessoas de 14 anos ou mais de idade ocupadas na semana de referência,Pessoas,2305266,Ibaretama (CE),Empregado de empresas estatais sem carteira de trabalho assinada,Total,Total,2022,-,
10261,4090,Pessoas de 14 anos ou mais de idade ocupadas na semana de referência,Pessoas,2302800,Canindé (CE),Empregado de empresas estatais sem carteira de trabalho assinada,Total,Total,2022,4,4.0
10261,4090,Pessoas de 14 anos ou mais de idade ocupadas na semana de referência,Pessoas,2308609,Monsenhor Tabosa (CE),Empregado de empresas estatais sem carteira de trabalho assinada,Total,Total,2022,9,9.0
10261,4090,Pessoas de 14 anos ou mais de idade ocupadas na semana de referência,Pessoas,2313203,Tamboril (CE),Empregado de empresas estatais sem carteira de trabalho assinada,Total,Total,2022,-,
10261,4090,Pessoas de 14 anos ou mais de idade ocupadas na semana de referência,Pessoas,2310506,Pedra Branca (CE),Empregado de empresas estatais sem carteira de trabalho assinada,Total,Total,2022,-,
10261,4090,Pessoas de 14 anos ou mais de idade ocupadas na semana de referência,Pessoas,2302404,Boa Viagem (CE),Empregador (com pelo menos um empregado),Total,Total,2022,449,449.0
10261,4090,Pessoas de 14 anos ou mais de idade ocupadas na semana de referência,Pessoas,2307635,Madalena (CE),Empregador (com pelo menos um empregado),Total,Total,2022,104,104.0
10261,4090,Pessoas de 14 anos ou mais de idade ocupadas na semana de referência,Pessoas,2311405,Quixeramobim (CE),Empregador (com pelo menos um empregado),Total,Total,2022,678,678.0
10261,4090,Pessoas de 14 anos ou mais de idade ocupadas na semana de referência,Pessoas,2311306,Quixadá (CE),Empregador (com pelo menos um empregado),Total,Total,2022,823,823.0
10261,4090,Pessoas de 14 anos ou mais de idade ocupadas na semana de referência,Pessoas,2301851,Banabuiú (CE),Empregador (com pelo menos um empregado),Total,Total,2022,77,77.0
10261,4090,Pessoas de 14 anos ou mais de idade ocupadas na semana de referência,Pessoas,2303931,Choró (CE),Empregador (com pelo menos um empregado),Total,Total,2022,41,41.0
10261,4090,Pessoas de 14 anos ou mais de idade ocupadas na semana de referência,Pessoas,2305266,Ibaretama (CE),Empregador (com pelo menos um empregado),Total,Total,2022,35,35.0
10261,4090,Pessoas de 14 anos ou mais de idade ocupadas na semana de referência,Pessoas,2302800,Canindé (CE),Empregador (com pelo menos um empregado),Total,Total,2022,548,548.0
10261,4090,Pessoas de 14 anos ou mais de idade ocupadas na semana de referência,Pessoas,2308609,Monsenhor Tabosa (CE),Empregador (com pelo menos um empregado),Total,Total,2022,144,144.0
10261,4090,Pessoas de 14 anos ou mais de idade ocupadas na semana de referência,Pessoas,2313203,Tamboril (CE),Empregador (com pelo menos um empregado),Total,Total,2022,226,226.0
10261,4090,Pessoas de 14 anos ou mais de idade ocupadas na semana de referência,Pessoas,2310506,Pedra Branca (CE),Empregador (com pelo menos um empregado),Total,Total,2022,311,311.0
10261,4090,Pessoas de 14 anos ou mais de idade ocupadas na semana de referência,Pessoas,2302404,Boa Viagem (CE),Empregador com CNPJ,Total,Total,2022,368,368.0
10261,4090,Pessoas de 14 anos ou mais de idade ocupadas na semana de referência,Pessoas,2307635,Madalena (CE),Empregador com CNPJ,Total,Total,2022,78,78.0
10261,4090,Pessoas de 14 anos ou mais de idade ocupadas na semana de referência,Pessoas,2311405,Quixeramobim (CE),Empregador com CNPJ,Total,Total,2022,568,568.0
10261,4090,Pessoas de 14 anos ou mais de idade ocupadas na semana de referência,Pessoas,2311306,Quixadá (CE),Empregador com CNPJ,Total,Total,2022,579,579.0
10261,4090,Pessoas de 14 anos ou mais de idade ocupadas na semana de referência,Pessoas,2301851,Banabuiú (CE),Empregador com CNPJ,Total,Total,2022,56,56.0
10261,4090,Pessoas de 14 anos ou mais de idade ocupadas na semana de referência,Pessoas,2303931,Choró (CE),Empregador com CNPJ,Total,Total,2022,9,9.0
10261,4090,Pessoas de 14 anos ou mais de idade ocupadas na semana de referência,Pessoas,2305266,Ibaretama (CE),Empregador com CNPJ,Total,Total,2022,5,5.0
10261,4090,Pessoas de 14 anos ou mais de idade ocupadas na semana de referência,Pessoas,2302800,Canindé (CE),Empregador com CNPJ,Total,Total,2022,455,455.0
10261,4090,Pessoas de 14 anos ou mais de idade ocupadas na semana de referência,Pessoas,2308609,Monsenhor Tabosa (CE),Empregador com CNPJ,Total,Total,2022,115,115.0
10261,4090,Pessoas de 14 anos ou mais de idade ocupadas na semana de referência,Pessoas,2313203,Tamboril (CE),Empregador com CNPJ,Total,Total,2022,128,128.0
10261,4090,Pessoas de 14 anos ou mais de idade ocupadas na semana de referência,Pessoas,2310506,Pedra Branca (CE),Empregador com CNPJ,Total,Total,2022,231,231.0
10261,4090,Pessoas de 14 anos ou mais de idade ocupadas na semana de referência,Pessoas,2302404,Boa Viagem (CE),Empregador sem CNPJ,Total,Total,2022,81,81.0
10261,4090,Pessoas de 14 anos ou mais de idade ocupadas na semana de referência,Pessoas,2307635,Madalena (CE),Empregador sem CNPJ,Total,Total,2022,26,26.0
10261,4090,Pessoas de 14 anos ou mais de idade ocupadas na semana de referência,Pessoas,2311405,Quixeramobim (CE),Empregador sem CNPJ,Total,Total,2022,110,110.0
10261,4090,Pessoas de 14 anos ou mais de idade ocupadas na semana de referência,Pessoas,2311306,Quixadá (CE),Empregador sem CNPJ,Total,Total,2022,244,244.0
10261,4090,Pessoas de 14 anos ou mais de idade ocupadas na semana de referência,Pessoas,2301851,Banabuiú (CE),Empregador sem CNPJ,Total,Total,2022,22,22.0
10261,4090,Pessoas de 14 anos ou mais de idade ocupadas na semana de referência,Pessoas,2303931,Choró (CE),Empregador sem CNPJ,Total,Total,2022,32,32.0
10261,4090,Pessoas de 14 anos ou mais de idade ocupadas na semana de referência,Pessoas,2305266,Ibaretama (CE),Empregador sem CNPJ,Total,Total,2022,30,30.0
10261,4090,Pessoas de 14 anos ou mais de idade ocupadas na semana de referência,Pessoas,2302800,Canindé (CE),Empregador sem CNPJ,Total,Total,2022,93,93.0
10261,4090,Pessoas de 14 anos ou mais de idade ocupadas na semana de referência,Pessoas,2308609,Monsenhor Tabosa (CE),Empregador sem CNPJ,Total,Total,2022,29,29.0
10261,4090,Pessoas de 14 anos ou mais de idade ocupadas na semana de referência,Pessoas,2313203,Tamboril (CE),Empregador sem CNPJ,Total,Total,2022,98,98.0
10261,4090,Pessoas de 14 anos ou mais de idade ocupadas na semana de referência,Pessoas,2310506,Pedra Branca (CE),Empregador sem CNPJ,Total,Total,2022,80,80.0
10261,4090,Pessoas de 14 anos ou mais de idade ocupadas na semana de referência,Pessoas,2302404,Boa Viagem (CE),Conta própria (sem empregados),Total,Total,2022,3088,3088.0
10261,4090,Pessoas de 14 anos ou mais de idade ocupadas na semana de referência,Pessoas,2307635,Madalena (CE),Conta própria (sem empregados),Total,Total,2022,1416,1416.0
10261,4090,Pessoas de 14 anos ou mais de idade ocupadas na semana de referência,Pessoas,2311405,Quixeramobim (CE),Conta própria (sem empregados),Total,Total,2022,6417,6417.0
10261,4090,Pessoas de 14 anos ou mais de idade ocupadas na semana de referência,Pessoas,2311306,Quixadá (CE),Conta própria (sem empregados),Total,Total,2022,9357,9357.0
10261,4090,Pessoas de 14 anos ou mais de idade ocupadas na semana de referência,Pessoas,2301851,Banabuiú (CE),Conta própria (sem empregados),Total,Total,2022,1999,1999.0
10261,4090,Pessoas de 14 anos ou mais de idade ocupadas na semana de referência,Pessoas,2303931,Choró (CE),Conta própria (sem empregados),Total,Total,2022,703,703.0
10261,4090,Pessoas de 14 anos ou mais de idade ocupadas na semana de referência,Pessoas,2305266,Ibaretama (CE),Conta própria (sem empregados),Total,Total,2022,1064,1064.0
10261,4090,Pessoas de 14 anos ou mais de idade ocupadas na semana de referência,Pessoas,2302800,Canindé (CE),Conta própria (sem empregados),Total,Total,2022,7903,7903.0
10261,4090,Pessoas de 14 anos ou mais de idade ocupadas na semana de referência,Pessoas,2308609,Monsenhor Tabosa (CE),Conta própria (sem empregados),Total,Total,2022,2398,2398.0
10261,4090,Pessoas de 14 anos ou mais de idade ocupadas na semana de referência,Pessoas,2313203,Tamboril (CE),Conta própria (sem empregados),Total,Total,2022,2842,2842.0
10261,4090,Pessoas de 14 anos ou mais de idade ocupadas na semana de referência,Pessoas,2310506,Pedra Branca (CE),Conta própria (sem empregados),Total,Total,2022,3047,3047.0
10261,4090,Pessoas de 14 anos ou mais de idade ocupadas na semana de referência,Pessoas,2302404,Boa Viagem (CE),Conta própria com CNPJ,Total,Total,2022,413,413.0
10261,4090,Pessoas de 14 anos ou mais de idade ocupadas na semana de referência,Pessoas,2307635,Madalena (CE),Conta própria com CNPJ,Total,Total,2022,71,71.0
10261,4090,Pessoas de 14 anos ou mais de idade ocupadas na semana de referência,Pessoas,2311405,Quixeramobim (CE),Conta própria com CNPJ,Total,Total,2022,979,979.0
10261,4090,Pessoas de 14 anos ou mais de idade ocupadas na semana de referência,Pessoas,2311306,Quixadá (CE),Conta própria com CNPJ,Total,Total,2022,1442,1442.0
10261,4090,Pessoas de 14 anos ou mais de idade ocupadas na semana de referência,Pessoas,2301851,Banabuiú (CE),Conta própria com CNPJ,Total,Total,2022,184,184.0
10261,4090,Pessoas de 14 anos ou mais de idade ocupadas na semana de referência,Pessoas,2303931,Choró (CE),Conta própria com CNPJ,Total,Total,2022,44,44.0
10261,4090,Pessoas de 14 anos ou mais de idade ocupadas na semana de referência,Pessoas,2305266,Ibaretama (CE),Conta própria com CNPJ,Total,Total,2022,68,68.0
10261,4090,Pessoas de 14 anos ou mais de idade ocupadas na semana de referência,Pessoas,2302800,Canindé (CE),Conta própria com CNPJ,Total,Total,2022,1164,1164.0
10261,4090,Pessoas de 14 anos ou mais de idade ocupadas na semana de referência,Pessoas,2308609,Monsenhor Tabosa (CE),Conta própria com CNPJ,Total,Total,2022,114,114.0
10261,4090,Pessoas de 14 anos ou mais de idade ocupadas na semana de referência,Pessoas,2313203,Tamboril (CE),Conta própria com CNPJ,Total,Total,2022,124,124.0
10261,4090,Pessoas de 14 anos ou mais de idade ocupadas na semana de referência,Pessoas,2310506,Pedra Branca (CE),Conta própria com CNPJ,Total,Total,2022,425,425.0
10261,4090,Pessoas de 14 anos ou mais de idade ocupadas na semana de referência,Pessoas,2302404,Boa Viagem (CE),Conta própria sem CNPJ,Total,Total,2022,2675,2675.0
10261,4090,Pessoas de 14 anos ou mais de idade ocupadas na semana de referência,Pessoas,2307635,Madalena (CE),Conta própria sem CNPJ,Total,Total,2022,1345,1345.0
10261,4090,Pessoas de 14 anos ou mais de idade ocupadas na semana de referência,Pessoas,2311405,Quixeramobim (CE),Conta própria sem CNPJ,Total,Total,2022,5438,5438.0
10261,4090,Pessoas de 14 anos ou mais de idade ocupadas na semana de referência,Pessoas,2311306,Quixadá (CE),Conta própria sem CNPJ,Total,Total,2022,7915,7915.0
10261,4090,Pessoas de 14 anos ou mais de idade ocupadas na semana de referência,Pessoas,2301851,Banabuiú (CE),Conta própria sem CNPJ,Total,Total,2022,1815,1815.0
10261,4090,Pessoas de 14 anos ou mais de idade ocupadas na semana de referência,Pessoas,2303931,Choró (CE),Conta própria sem CNPJ,Total,Total,2022,659,659.0
10261,4090,Pessoas de 14 anos ou mais de idade ocupadas na semana de referência,Pessoas,2305266,Ibaretama (CE),Conta própria sem CNPJ,Total,Total,2022,996,996.0
10261,4090,Pessoas de 14 anos ou mais de idade ocupadas na semana de referência,Pessoas,2302800,Canindé (CE),Conta própria sem CNPJ,Total,Total,2022,6739,6739.0
10261,4090,Pessoas de 14 anos ou mais de idade ocupadas na semana de referência,Pessoas,2308609,Monsenhor Tabosa (CE),Conta própria sem CNPJ,Total,Total,2022,2284,2284.0
10261,4090,Pessoas de 14 anos ou mais de idade ocupadas na semana de referência,Pessoas,2313203,Tamboril (CE),Conta própria sem CNPJ,Total,Total,2022,2719,2719.0
10261,4090,Pessoas de 14 anos ou mais de idade ocupadas na semana de referência,Pessoas,2310506,Pedra Branca (CE),Conta própria sem CNPJ,Total,Total,2022,2621,2621.0
10261,4090,Pessoas de 14 anos ou mais de idade ocupadas na semana de referência,Pessoas,2302404,Boa Viagem (CE),Trabalhador familiar auxiliar,Total,Total,2022,1234,1234.0
10261,4090,Pessoas de 14 anos ou mais de idade ocupadas na semana de referência,Pessoas,2307635,Madalena (CE),Trabalhador familiar auxiliar,Total,Total,2022,195,195.0
10261,4090,Pessoas de 14 anos ou mais de idade ocupadas na semana de referência,Pessoas,2311405,Quixeramobim (CE),Trabalhador familiar auxiliar,Total,Total,2022,194,194.0
10261,4090,Pessoas de 14 anos ou mais de idade ocupadas na semana de referência,Pessoas,2311306,Quixadá (CE),Trabalhador familiar auxiliar,Total,Total,2022,405,405.0
10261,4090,Pessoas de 14 anos ou mais de idade ocupadas na semana de referência,Pessoas,2301851,Banabuiú (CE),Trabalhador familiar auxiliar,Total,Total,2022,19,19.0
10261,4090,Pessoas de 14 anos ou mais de idade ocupadas na semana de referência,Pessoas,2303931,Choró (CE),Trabalhador familiar auxiliar,Total,Total,2022,21,21.0
10261,4090,Pessoas de 14 anos ou mais de idade ocupadas na semana de referência,Pessoas,2305266,Ibaretama (CE),Trabalhador familiar auxiliar,Total,Total,2022,22,22.0
10261,4090,Pessoas de 14 anos ou mais de idade ocupadas na semana de referência,Pessoas,2302800,Canindé (CE),Trabalhador familiar auxiliar,Total,Total,2022,1395,1395.0
10261,4090,Pessoas de 14 anos ou mais de idade ocupadas na semana de referência,Pessoas,2308609,Monsenhor Tabosa (CE),Trabalhador familiar auxiliar,Total,Total,2022,24,24.0
10261,4090,Pessoas de 14 anos ou mais de idade ocupadas na semana de referência,Pessoas,2313203,Tamboril (CE),Trabalhador familiar auxiliar,Total,Total,2022,227,227.0
10261,4090,Pessoas de 14 anos ou mais de idade ocupadas na semana de referência,Pessoas,2310506,Pedra Branca (CE),Trabalhador familiar auxiliar,Total,Total,2022,263,263.0
10261,1004090,Pessoas de 14 anos ou mais de idade ocupadas na semana de referência - percentual do total geral,Percentual,2302404,Boa Viagem (CE),Total,Total,Total,2022,100.00,100.0
10261,1004090,Pessoas de 14 anos ou mais de idade ocupadas na semana de referência - percentual do total geral,Percentual,2307635,Madalena (CE),Total,Total,Total,2022,100.00,100.0
10261,1004090,Pessoas de 14 anos ou mais de idade ocupadas na semana de referência - percentual do total geral,Percentual,2311405,Quixeramobim (CE),Total,Total,Total,2022,100.00,100.0
10261,1004090,Pessoas de 14 anos ou mais de idade ocupadas na semana de referência - percentual do total geral,Percentual,2311306,Quixadá (CE),Total,Total,Total,2022,100.00,100.0
10261,1004090,Pessoas de 14 anos ou mais de idade ocupadas na semana de referência - percentual do total geral,Percentual,2301851,Banabuiú (CE),Total,Total,Total,2022,100.00,100.0
10261,1004090,Pessoas de 14 anos ou mais de idade ocupadas na semana de referência - percentual do total geral,Percentual,2303931,Choró (CE),Total,Total,Total,2022,100.00,100.0
10261,1004090,Pessoas de 14 anos ou mais de idade ocupadas na semana de referência - percentual do total geral,Percentual,2305266,Ibaretama (CE),Total,Total,Total,2022,100.00,100.0
10261,1004090,Pessoas de 14 anos ou mais de idade ocupadas na semana de referência - percentual do total geral,Percentual,2302800,Canindé (CE),Total,Total,Total,2022,100.00,100.0
10261,1004090,Pessoas de 14 anos ou mais de idade ocupadas na semana de referência - percentual do total geral,Percentual,2308609,Monsenhor Tabosa (CE),Total,Total,Total,2022,100.00,100.0
10261,1004090,Pessoas de 14 anos ou mais de idade ocupadas na semana de referência - percentual do total geral,Percentual,2313203,Tamboril (CE),Total,Total,Total,2022,100.00,100.0
10261,1004090,Pessoas de 14 anos ou mais de idade ocupadas na semana de referência - percentual do total geral,Percentual,2310506,Pedra Branca (CE),Total,Total,Total,2022,100.00,100.0
10261,1004090,Pessoas de 14 anos ou mais de idade ocupadas na semana de referência - percentual do total geral,Percentual,2302404,Boa Viagem (CE),"Empregado no setor privado, exclusive trabalhador doméstico",Total,Total,2022,34.54,34.54
10261,1004090,Pessoas de 14 anos ou mais de idade ocupadas na semana de referência - percentual do total geral,Percentual,2307635,Madalena (CE),"Empregado no setor privado, exclusive trabalhador doméstico",Total,Total,2022,31.92,31.92
10261,1004090,Pessoas de 14 anos ou mais de idade ocupadas na semana de referência - percentual do total geral,Percentual,2311405,Quixeramobim (CE),"Empregado no setor privado, exclusive trabalhador doméstico",Total,Total,2022,53.19,53.19
10261,1004090,Pessoas de 14 anos ou mais de idade ocupadas na semana de referência - percentual do total geral,Percentual,2311306,Quixadá (CE),"Empregado no setor privado, exclusive trabalhador doméstico",Total,Total,2022,42.14,42.14
10261,1004090,Pessoas de 14 anos ou mais de idade ocupadas na semana de referência - percentual do total geral,Percentual,2301851,Banabuiú (CE),"Empregado no setor privado, exclusive trabalhador doméstico",Total,Total,2022,25.05,25.05
10261,1004090,Pessoas de 14 anos ou mais de idade ocupadas na semana de referência - percentual do total geral,Percentual,2303931,Choró (CE),"Empregado no setor privado, exclusive trabalhador doméstico",Total,Total,2022,30.87,30.87
10261,1004090,Pessoas de 14 anos ou mais de idade ocupadas na semana de referência - percentual do total geral,Percentual,2305266,Ibaretama (CE),"Empregado no setor privado, exclusive trabalhador doméstico",Total,Total,2022,32.69,32.69
10261,1004090,Pessoas de 14 anos ou mais de idade ocupadas na semana de referência - percentual do total geral,Percentual,2302800,Canindé (CE),"Empregado no setor privado, exclusive trabalhador doméstico",Total,Total,2022,40.52,40.52
10261,1004090,Pessoas de 14 anos ou mais de idade ocupadas na semana de referência - percentual do total geral,Percentual,2308609,Monsenhor Tabosa (CE),"Empregado no setor privado, exclusive trabalhador doméstico",Total,Total,2022,21.31,21.31
10261,1004090,Pessoas de 14 anos ou mais de idade ocupadas na semana de referência - percentual do total geral,Percentual,2313203,Tamboril (CE),"Empregado no setor privado, exclusive trabalhador doméstico",Total,Total,2022,25.99,25.99
10261,1004090,Pessoas de 14 anos ou mais de idade ocupadas na semana de referência - percentual do total geral,Percentual,2310506,Pedra Branca (CE),"Empregado no setor privado, exclusive trabalhador doméstico",Total,Total,2022,31.49,31.49
10261,1004090,Pessoas de 14 anos ou mais de idade ocupadas na semana de referência - percentual do total geral,Percentual,2302404,Boa Viagem (CE),"Empregado no setor privado, exclusive trabalhador doméstico - com carteira de trabalho assinada",Total,Total,2022,8.34,8.34
10261,1004090,Pessoas de 14 anos ou mais de idade ocupadas na semana de referência - percentual do total geral,Percentual,2307635,Madalena (CE),"Empregado no setor privado, exclusive trabalhador doméstico - com carteira de trabalho assinada",Total,Total,2022,12.45,12.45
10261,1004090,Pessoas de 14 anos ou mais de idade ocupadas na semana de referência - percentual do total geral,Percentual,2311405,Quixeramobim (CE),"Empregado no setor privado, exclusive trabalhador doméstico - com carteira de trabalho assinada",Total,Total,2022,34.50,34.5
10261,1004090,Pessoas de 14 anos ou mais de idade ocupadas na semana de referência - percentual do total geral,Percentual,2311306,Quixadá (CE),"Empregado no setor privado, exclusive trabalhador doméstico - com carteira de trabalho assinada",Total,Total,2022,19.76,19.76
10261,1004090,Pessoas de 14 anos ou mais de idade ocupadas na semana de referência - percentual do total geral,Percentual,2301851,Banabuiú (CE),"Empregado no setor privado, exclusive trabalhador doméstico - com carteira de trabalho assinada",Total,Total,2022,11.94,11.94
10261,1004090,Pessoas de 14 anos ou mais de idade ocupadas na semana de referência - percentual do total geral,Percentual,2303931,Choró (CE),"Empregado no setor privado, exclusive trabalhador doméstico - com carteira de trabalho assinada",Total,Total,2022,10.20,10.2
10261,1004090,Pessoas de 14 anos ou mais de idade ocupadas na semana de referência - percentual do total geral,Percentual,2305266,Ibaretama (CE),"Empregado no setor privado, exclusive trabalhador doméstico - com carteira de trabalho assinada",Total,Total,2022,6.78,6.78
10261,1004090,Pessoas de 14 anos ou mais de idade ocupadas na semana de referência - percentual do total geral,Percentual,2302800,Canindé (CE),"Empregado no setor privado, exclusive trabalhador doméstico - com carteira de trabalho assinada",Total,Total,2022,18.11,18.11
10261,1004090,Pessoas de 14 anos ou mais de idade ocupadas na semana de referência - percentual do total geral,Percentual,2308609,Monsenhor Tabosa (CE),"Empregado no setor privado, exclusive trabalhador doméstico - com carteira de trabalho assinada",Total,Total,2022,6.70,6.7
10261,1004090,Pessoas de 14 anos ou mais de idade ocupadas na semana de referência - percentual do total geral,Percentual,2313203,Tamboril (CE),"Empregado no setor privado, exclusive trabalhador doméstico - com carteira de trabalho assinada",Total,Total,2022,3.37,3.37
10261,1004090,Pessoas de 14 anos ou mais de idade ocupadas na semana de referência - percentual do total geral,Percentual,2310506,Pedra Branca (CE),"Empregado no setor privado, exclusive trabalhador doméstico - com carteira de trabalho assinada",Total,Total,2022,10.08,10.08
10261,1004090,Pessoas de 14 anos ou mais de idade ocupadas na semana de referência - percentual do total geral,Percentual,2302404,Boa Viagem (CE),"Empregado no setor privado, exclusive trabalhador doméstico - sem carteira de trabalho assinada",Total,Total,2022,26.21,26.21
10261,1004090,Pessoas de 14 anos ou mais de idade ocupadas na semana de referência - percentual do total geral,Percentual,2307635,Madalena (CE),"Empregado no setor privado, exclusive trabalhador doméstico - sem carteira de trabalho assinada",Total,Total,2022,19.45,19.45
10261,1004090,Pessoas de 14 anos ou mais de idade ocupadas na semana de referência - percentual do total geral,Percentual,2311405,Quixeramobim (CE),"Empregado no setor privado, exclusive trabalhador doméstico - sem carteira de trabalho assinada",Total,Total,2022,18.70,18.7
10261,1004090,Pessoas de 14 anos ou mais de idade ocupadas na semana de referência - percentual do total geral,Percentual,2311306,Quixadá (CE),"Empregado no setor privado, exclusive trabalhador doméstico - sem carteira de trabalho assinada",Total,Total,2022,22.38,22.38
10261,1004090,Pessoas de 14 anos ou mais de idade ocupadas na semana de referência - percentual do total geral,Percentual,2301851,Banabuiú (CE),"Empregado no setor privado, exclusive trabalhador doméstico - sem carteira de trabalho assinada",Total,Total,2022,13.11,13.11
10261,1004090,Pessoas de 14 anos ou mais de idade ocupadas na semana de referência - percentual do total geral,Percentual,2303931,Choró (CE),"Empregado no setor privado, exclusive trabalhador doméstico - sem carteira de trabalho assinada",Total,Total,2022,20.62,20.62
10261,1004090,Pessoas de 14 anos ou mais de idade ocupadas na semana de referência - percentual do total geral,Percentual,2305266,Ibaretama (CE),"Empregado no setor privado, exclusive trabalhador doméstico - sem carteira de trabalho assinada",Total,Total,2022,25.88,25.88
10261,1004090,Pessoas de 14 anos ou mais de idade ocupadas na semana de referência - percentual do total geral,Percentual,2302800,Canindé (CE),"Empregado no setor privado, exclusive trabalhador doméstico - sem carteira de trabalho assinada",Total,Total,2022,22.41,22.41
10261,1004090,Pessoas de 14 anos ou mais de idade ocupadas na semana de referência - percentual do total geral,Percentual,2308609,Monsenhor Tabosa (CE),"Empregado no setor privado, exclusive trabalhador doméstico - sem carteira de trabalho assinada",Total,Total,2022,14.61,14.61
10261,1004090,Pessoas de 14 anos ou mais de idade ocupadas na semana de referência - percentual do total geral,Percentual,2313203,Tamboril (CE),"Empregado no setor privado, exclusive trabalhador doméstico - sem carteira de trabalho assinada",Total,Total,2022,22.63,22.63
10261,1004090,Pessoas de 14 anos ou mais de idade ocupadas na semana de referência - percentual do total geral,Percentual,2310506,Pedra Branca (CE),"Empregado no setor privado, exclusive trabalhador doméstico - sem carteira de trabalho assinada",Total,Total,2022,21.42,21.42
10261,1004090,Pessoas de 14 anos ou mais de idade ocupadas na semana de referência - percentual do total geral,Percentual,2302404,Boa Viagem (CE),Trabalhador doméstico,Total,Total,2022,6.70,6.7
10261,1004090,Pessoas de 14 anos ou mais de idade ocupadas na semana de referência - percentual do total geral,Percentual,2307635,Madalena (CE),Trabalhador doméstico,Total,Total,2022,5.88,5.88
10261,1004090,Pessoas de 14 anos ou mais de idade ocupadas na semana de referência - percentual do total geral,Percentual,2311405,Quixeramobim (CE),Trabalhador doméstico,Total,Total,2022,5.03,5.03
10261,1004090,Pessoas de 14 anos ou mais de idade ocupadas na semana de referência - percentual do total geral,Percentual,2311306,Quixadá (CE),Trabalhador doméstico,Total,Total,2022,4.21,4.21
10261,1004090,Pessoas de 14 anos ou mais de idade ocupadas na semana de referência - percentual do total geral,Percentual,2301851,Banabuiú (CE),Trabalhador doméstico,Total,Total,2022,3.68,3.68
10261,1004090,Pessoas de 14 anos ou mais de idade ocupadas na semana de referência - percentual do total geral,Percentual,2303931,Choró (CE),Trabalhador doméstico,Total,Total,2022,6.00,6.0
10261,1004090,Pessoas de 14 anos ou mais de idade ocupadas na semana de referência - percentual do total geral,Percentual,2305266,Ibaretama (CE),Trabalhador doméstico,Total,Total,2022,3.34,3.34
10261,1004090,Pessoas de 14 anos ou mais de idade ocupadas na semana de referência - percentual do total geral,Percentual,2302800,Canindé (CE),Trabalhador doméstico,Total,Total,2022,5.09,5.09
10261,1004090,Pessoas de 14 anos ou mais de idade ocupadas na semana de referência - percentual do total geral,Percentual,2308609,Monsenhor Tabosa (CE),Trabalhador doméstico,Total,Total,2022,2.54,2.54
10261,1004090,Pessoas de 14 anos ou mais de idade ocupadas na semana de referência - percentual do total geral,Percentual,2313203,Tamboril (CE),Trabalhador doméstico,Total,Total,2022,5.26,5.26
10261,1004090,Pessoas de 14 anos ou mais de idade ocupadas na semana de referência - percentual do total geral,Percentual,2310506,Pedra Branca (CE),Trabalhador doméstico,Total,Total,2022,6.38,6.38
10261,1004090,Pessoas de 14 anos ou mais de idade ocupadas na semana de referência - percentual do total geral,Percentual,2302404,Boa Viagem (CE),Trabalhador doméstico (inclusive diarista) - com carteira de trabalho assinada,Total,Total,2022,0.14,0.14
10261,1004090,Pessoas de 14 anos ou mais de idade ocupadas na semana de referência - percentual do total geral,Percentual,2307635,Madalena (CE),Trabalhador doméstico (inclusive diarista) - com carteira de trabalho assinada,Total,Total,2022,-,
10261,1004090,Pessoas de 14 anos ou mais de idade ocupadas na semana de referência - percentual do total geral,Percentual,2311405,Quixeramobim (CE),Trabalhador doméstico (inclusive diarista) - com carteira de trabalho assinada,Total,Total,2022,0.19,0.19
10261,1004090,Pessoas de 14 anos ou mais de idade ocupadas na semana de referência - percentual do total geral,Percentual,2311306,Quixadá (CE),Trabalhador doméstico (inclusive diarista) - com carteira de trabalho assinada,Total,Total,2022,0.24,0.24
10261,1004090,Pessoas de 14 anos ou mais de idade ocupadas na semana de referência - percentual do total geral,Percentual,2301851,Banabuiú (CE),Trabalhador doméstico (inclusive diarista) - com carteira de trabalho assinada,Total,Total,2022,0.10,0.1
10261,1004090,Pessoas de 14 anos ou mais de idade ocupadas na semana de referência - percentual do total geral,Percentual,2303931,Choró (CE),Trabalhador doméstico (inclusive diarista) - com carteira de trabalho assinada,Total,Total,2022,0.27,0.27
10261,1004090,Pessoas de 14 anos ou mais de idade ocupadas na semana de referência - percentual do total geral,Percentual,2305266,Ibaretama (CE),Trabalhador doméstico (inclusive diarista) - com carteira de trabalho assinada,Total,Total,2022,-,
10261,1004090,Pessoas de 14 anos ou mais de idade ocupadas na semana de referência - percentual do total geral,Percentual,2302800,Canindé (CE),Trabalhador doméstico (inclusive diarista) - com carteira de trabalho assinada,Total,Total,2022,0.16,0.16
10261,1004090,Pessoas de 14 anos ou mais de idade ocupadas na semana de referência - percentual do total geral,Percentual,2308609,Monsenhor Tabosa (CE),Trabalhador doméstico (inclusive diarista) - com carteira de trabalho assinada,Total,Total,2022,0.27,0.27
10261,1004090,Pessoas de 14 anos ou mais de idade ocupadas na semana de referência - percentual do total geral,Percentual,2313203,Tamboril (CE),Trabalhador doméstico (inclusive diarista) - com carteira de trabalho assinada,Total,Total,2022,0.17,0.17
10261,1004090,Pessoas de 14 anos ou mais de idade ocupadas na semana de referência - percentual do total geral,Percentual,2310506,Pedra Branca (CE),Trabalhador doméstico (inclusive diarista) - com carteira de trabalho assinada,Total,Total,2022,0.09,0.09
10261,1004090,Pessoas de 14 anos ou mais de idade ocupadas na semana de referência - percentual do total geral,Percentual,2302404,Boa Viagem (CE),Trabalhador doméstico (inclusive diarista) - sem carteira de trabalho assinada,Total,Total,2022,6.56,6.56
10261,1004090,Pessoas de 14 anos ou mais de idade ocupadas na semana de referência - percentual do total geral,Percentual,2307635,Madalena (CE),Trabalhador doméstico (inclusive diarista) - sem carteira de trabalho assinada,Total,Total,2022,5.88,5.88
10261,1004090,Pessoas de 14 anos ou mais de idade ocupadas na semana de referência - percentual do total geral,Percentual,2311405,Quixeramobim (CE),Trabalhador doméstico (inclusive diarista) - sem carteira de trabalho assinada,Total,Total,2022,4.84,4.84
10261,1004090,Pessoas de 14 anos ou mais de idade ocupadas na semana de referência - percentual do total geral,Percentual,2311306,Quixadá (CE),Trabalhador doméstico (inclusive diarista) - sem carteira de trabalho assinada,Total,Total,2022,3.98,3.98
10261,1004090,Pessoas de 14 anos ou mais de idade ocupadas na semana de referência - percentual do total geral,Percentual,2301851,Banabuiú (CE),Trabalhador doméstico (inclusive diarista) - sem carteira de trabalho assinada,Total,Total,2022,3.58,3.58
10261,1004090,Pessoas de 14 anos ou mais de idade ocupadas na semana de referência - percentual do total geral,Percentual,2303931,Choró (CE),Trabalhador doméstico (inclusive diarista) - sem carteira de trabalho assinada,Total,Total,2022,5.73,5.73
10261,1004090,Pessoas de 14 anos ou mais de idade ocupadas na semana de referência - percentual do total geral,Percentual,2305266,Ibaretama (CE),Trabalhador doméstico (inclusive diarista) - sem carteira de trabalho assinada,Total,Total,2022,3.34,3.34
10261,1004090,Pessoas de 14 anos ou mais de idade ocupadas na semana de referência - percentual do total geral,Percentual,2302800,Canindé (CE),Trabalhador doméstico (inclusive diarista) - sem carteira de trabalho assinada,Total,Total,2022,4.93,4.93
10261,1004090,Pessoas de 14 anos ou mais de idade ocupadas na semana de referência - percentual do total geral,Percentual,2308609,Monsenhor Tabosa (CE),Trabalhador doméstico (inclusive diarista) - sem carteira de trabalho assinada,Total,Total,2022,2.26,2.26
10261,1004090,Pessoas de 14 anos ou mais de idade ocupadas na semana de referência - percentual do total geral,Percentual,2313203,Tamboril (CE),Trabalhador doméstico (inclusive diarista) - sem carteira de trabalho assinada,Total,Total,2022,5.10,5.1
10261,1004090,Pessoas de 14 anos ou mais de idade ocupadas na semana de referência - percentual do total geral,Percentual,2310506,Pedra Branca (CE),Trabalhador doméstico (inclusive diarista) - sem carteira de trabalho assinada,Total,Total,2022,6.30,6.3
10261,1004090,Pessoas de 14 anos ou mais de idade ocupadas na semana de referência - percentual do total geral,Percentual,2302404,Boa Viagem (CE),"Militar do exército, da marinha, da aeronáutica, da polícia militar ou do corpo de bombeiros militar",Total,Total,2022,0.15,0.15
10261,1004090,Pessoas de 14 anos ou mais de idade ocupadas na semana de referência - percentual do total geral,Percentual,2307635,Madalena (CE),"Militar do exército, da marinha, da aeronáutica, da polícia militar ou do corpo de bombeiros militar",Total,Total,2022,-,
10261,1004090,Pessoas de 14 anos ou mais de idade ocupadas na semana de referência - percentual do total geral,Percentual,2311405,Quixeramobim (CE),"Militar do exército, da marinha, da aeronáutica, da polícia militar ou do corpo de bombeiros militar",Total,Total,2022,0.23,0.23
10261,1004090,Pessoas de 14 anos ou mais de idade ocupadas na semana de referência - percentual do total geral,Percentual,2311306,Quixadá (CE),"Militar do exército, da marinha, da aeronáutica, da polícia militar ou do corpo de bombeiros militar",Total,Total,2022,0.66,0.66
10261,1004090,Pessoas de 14 anos ou mais de idade ocupadas na semana de referência - percentual do total geral,Percentual,2301851,Banabuiú (CE),"Militar do exército, da marinha, da aeronáutica, da polícia militar ou do corpo de bombeiros militar",Total,Total,2022,0.12,0.12
10261,1004090,Pessoas de 14 anos ou mais de idade ocupadas na semana de referência - percentual do total geral,Percentual,2303931,Choró (CE),"Militar do exército, da marinha, da aeronáutica, da polícia militar ou do corpo de bombeiros militar",Total,Total,2022,0.72,0.72
10261,1004090,Pessoas de 14 anos ou mais de idade ocupadas na semana de referência - percentual do total geral,Percentual,2305266,Ibaretama (CE),"Militar do exército, da marinha, da aeronáutica, da polícia militar ou do corpo de bombeiros militar",Total,Total,2022,0.46,0.46
10261,1004090,Pessoas de 14 anos ou mais de idade ocupadas na semana de referência - percentual do total geral,Percentual,2302800,Canindé (CE),"Militar do exército, da marinha, da aeronáutica, da polícia militar ou do corpo de bombeiros militar",Total,Total,2022,1.01,1.01
10261,1004090,Pessoas de 14 anos ou mais de idade ocupadas na semana de referência - percentual do total geral,Percentual,2308609,Monsenhor Tabosa (CE),"Militar do exército, da marinha, da aeronáutica, da polícia militar ou do corpo de bombeiros militar",Total,Total,2022,-,
10261,1004090,Pessoas de 14 anos ou mais de idade ocupadas na semana de referência - percentual do total geral,Percentual,2313203,Tamboril (CE),"Militar do exército, da marinha, da aeronáutica, da polícia militar ou do corpo de bombeiros militar",Total,Total,2022,0.14,0.14
10261,1004090,Pessoas de 14 anos ou mais de idade ocupadas na semana de referência - percentual do total geral,Percentual,2310506,Pedra Branca (CE),"Militar do exército, da marinha, da aeronáutica, da polícia militar ou do corpo de bombeiros militar",Total,Total,2022,0.09,0.09
10261,1004090,Pessoas de 14 anos ou mais de idade ocupadas na semana de referência - percentual do total geral,Percentual,2302404,Boa Viagem (CE),Empregado no setor público,Total,Total,2022,20.47,20.47
10261,1004090,Pessoas de 14 anos ou mais de idade ocupadas na semana de referência - percentual do total geral,Percentual,2307635,Madalena (CE),Empregado no setor público,Total,Total,2022,26.68,26.68
10261,1004090,Pessoas de 14 anos ou mais de idade ocupadas na semana de referência - percentual do total geral,Percentual,2311405,Quixeramobim (CE),Empregado no setor público,Total,Total,2022,15.12,15.12
10261,1004090,Pessoas de 14 anos ou mais de idade ocupadas na semana de referência - percentual do total geral,Percentual,2311306,Quixadá (CE),Empregado no setor público,Total,Total,2022,16.35,16.35
10261,1004090,Pessoas de 14 anos ou mais de idade ocupadas na semana de referência - percentual do total geral,Percentual,2301851,Banabuiú (CE),Empregado no setor público,Total,Total,2022,27.87,27.87
10261,1004090,Pessoas de 14 anos ou mais de idade ocupadas na semana de referência - percentual do total geral,Percentual,2303931,Choró (CE),Empregado no setor público,Total,Total,2022,27.93,27.93
10261,1004090,Pessoas de 14 anos ou mais de idade ocupadas na semana de referência - percentual do total geral,Percentual,2305266,Ibaretama (CE),Empregado no setor público,Total,Total,2022,26.47,26.47
10261,1004090,Pessoas de 14 anos ou mais de idade ocupadas na semana de referência - percentual do total geral,Percentual,2302800,Canindé (CE),Empregado no setor público,Total,Total,2022,15.35,15.35
10261,1004090,Pessoas de 14 anos ou mais de idade ocupadas na semana de referência - percentual do total geral,Percentual,2308609,Monsenhor Tabosa (CE),Empregado no setor público,Total,Total,2022,29.08,29.08
10261,1004090,Pessoas de 14 anos ou mais de idade ocupadas na semana de referência - percentual do total geral,Percentual,2313203,Tamboril (CE),Empregado no setor público,Total,Total,2022,21.49,21.49
10261,1004090,Pessoas de 14 anos ou mais de idade ocupadas na semana de referência - percentual do total geral,Percentual,2310506,Pedra Branca (CE),Empregado no setor público,Total,Total,2022,27.59,27.59
10261,1004090,Pessoas de 14 anos ou mais de idade ocupadas na semana de referência - percentual do total geral,Percentual,2302404,Boa Viagem (CE),Empregado no setor público - funcionário estatutário,Total,Total,2022,12.78,12.78
10261,1004090,Pessoas de 14 anos ou mais de idade ocupadas na semana de referência - percentual do total geral,Percentual,2307635,Madalena (CE),Empregado no setor público - funcionário estatutário,Total,Total,2022,15.70,15.7
10261,1004090,Pessoas de 14 anos ou mais de idade ocupadas na semana de referência - percentual do total geral,Percentual,2311405,Quixeramobim (CE),Empregado no setor público - funcionário estatutário,Total,Total,2022,8.37,8.37
10261,1004090,Pessoas de 14 anos ou mais de idade ocupadas na semana de referência - percentual do total geral,Percentual,2311306,Quixadá (CE),Empregado no setor público - funcionário estatutário,Total,Total,2022,10.25,10.25
10261,1004090,Pessoas de 14 anos ou mais de idade ocupadas na semana de referência - percentual do total geral,Percentual,2301851,Banabuiú (CE),Empregado no setor público - funcionário estatutário,Total,Total,2022,12.31,12.31
10261,1004090,Pessoas de 14 anos ou mais de idade ocupadas na semana de referência - percentual do total geral,Percentual,2303931,Choró (CE),Empregado no setor público - funcionário estatutário,Total,Total,2022,16.92,16.92
10261,1004090,Pessoas de 14 anos ou mais de idade ocupadas na semana de referência - percentual do total geral,Percentual,2305266,Ibaretama (CE),Empregado no setor público - funcionário estatutário,Total,Total,2022,13.40,13.4
10261,1004090,Pessoas de 14 anos ou mais de idade ocupadas na semana de referência - percentual do total geral,Percentual,2302800,Canindé (CE),Empregado no setor público - funcionário estatutário,Total,Total,2022,10.02,10.02
10261,1004090,Pessoas de 14 anos ou mais de idade ocupadas na semana de referência - percentual do total geral,Percentual,2308609,Monsenhor Tabosa (CE),Empregado no setor público - funcionário estatutário,Total,Total,2022,11.59,11.59
10261,1004090,Pessoas de 14 anos ou mais de idade ocupadas na semana de referência - percentual do total geral,Percentual,2313203,Tamboril (CE),Empregado no setor público - funcionário estatutário,Total,Total,2022,14.45,14.45
10261,1004090,Pessoas de 14 anos ou mais de idade ocupadas na semana de referência - percentual do total geral,Percentual,2310506,Pedra Branca (CE),Empregado no setor público - funcionário estatutário,Total,Total,2022,12.96,12.96
10261,1004090,Pessoas de 14 anos ou mais de idade ocupadas na semana de referência - percentual do total geral,Percentual,2302404,Boa Viagem (CE),Empregado no setor público - empregado não estatutário,Total,Total,2022,7.69,7.69
10261,1004090,Pessoas de 14 anos ou mais de idade ocupadas na semana de referência - percentual do total geral,Percentual,2307635,Madalena (CE),Empregado no setor público - empregado não estatutário,Total,Total,2022,10.98,10.98
10261,1004090,Pessoas de 14 anos ou mais de idade ocupadas na semana de referência - percentual do total geral,Percentual,2311405,Quixeramobim (CE),Empregado no setor público - empregado não estatutário,Total,Total,2022,6.76,6.76
10261,1004090,Pessoas de 14 anos ou mais de idade ocupadas na semana de referência - percentual do total geral,Percentual,2311306,Quixadá (CE),Empregado no setor público - empregado não estatutário,Total,Total,2022,6.10,6.1
10261,1004090,Pessoas de 14 anos ou mais de idade ocupadas na semana de referência - percentual do total geral,Percentual,2301851,Banabuiú (CE),Empregado no setor público - empregado não estatutário,Total,Total,2022,15.58,15.58
10261,1004090,Pessoas de 14 anos ou mais de idade ocupadas na semana de referência - percentual do total geral,Percentual,2303931,Choró (CE),Empregado no setor público - empregado não estatutário,Total,Total,2022,10.97,10.97
10261,1004090,Pessoas de 14 anos ou mais de idade ocupadas na semana de referência - percentual do total geral,Percentual,2305266,Ibaretama (CE),Empregado no setor público - empregado não estatutário,Total,Total,2022,13.04,13.04
10261,1004090,Pessoas de 14 anos ou mais de idade ocupadas na semana de referência - percentual do total geral,Percentual,2302800,Canindé (CE),Empregado no setor público - empregado não estatutário,Total,Total,2022,5.33,5.33
10261,1004090,Pessoas de 14 anos ou mais de idade ocupadas na semana de referência - percentual do total geral,Percentual,2308609,Monsenhor Tabosa (CE),Empregado no setor público - empregado não estatutário,Total,Total,2022,17.50,17.5
10261,1004090,Pessoas de 14 anos ou mais de idade ocupadas na semana de referência - percentual do total geral,Percentual,2313203,Tamboril (CE),Empregado no setor público - empregado não estatutário,Total,Total,2022,7.02,7.02
10261,1004090,Pessoas de 14 anos ou mais de idade ocupadas na semana de referência - percentual do total geral,Percentual,2310506,Pedra Branca (CE),Empregado no setor público - empregado não estatutário,Total,Total,2022,14.63,14.63
10261,1004090,Pessoas de 14 anos ou mais de idade ocupadas na semana de referência - percentual do total geral,Percentual,2302404,Boa Viagem (CE),Empregado no setor público - empregado não estatutário com carteira de trabalho assinada,Total,Total,2022,2.32,2.32
10261,1004090,Pessoas de 14 anos ou mais de idade ocupadas na semana de referência - percentual do total geral,Percentual,2307635,Madalena (CE),Empregado no setor público - empregado não estatutário com carteira de trabalho assinada,Total,Total,2022,0.44,0.44
10261,1004090,Pessoas de 14 anos ou mais de idade ocupadas na semana de referência - percentual do total geral,Percentual,2311405,Quixeramobim (CE),Empregado no setor público - empregado não estatutário com carteira de trabalho assinada,Total,Total,2022,1.62,1.62
10261,1004090,Pessoas de 14 anos ou mais de idade ocupadas na semana de referência - percentual do total geral,Percentual,2311306,Quixadá (CE),Empregado no setor público - empregado não estatutário com carteira de trabalho assinada,Total,Total,2022,1.48,1.48
10261,1004090,Pessoas de 14 anos ou mais de idade ocupadas na semana de referência - percentual do total geral,Percentual,2301851,Banabuiú (CE),Empregado no setor público - empregado não estatutário com carteira de trabalho assinada,Total,Total,2022,4.11,4.11
10261,1004090,Pessoas de 14 anos ou mais de idade ocupadas na semana de referência - percentual do total geral,Percentual,2303931,Choró (CE),Empregado no setor público - empregado não estatutário com carteira de trabalho assinada,Total,Total,2022,0.32,0.32
10261,1004090,Pessoas de 14 anos ou mais de idade ocupadas na semana de referência - percentual do total geral,Percentual,2305266,Ibaretama (CE),Empregado no setor público - empregado não estatutário com carteira de trabalho assinada,Total,Total,2022,1.36,1.36
10261,1004090,Pessoas de 14 anos ou mais de idade ocupadas na semana de referência - percentual do total geral,Percentual,2302800,Canindé (CE),Empregado no setor público - empregado não estatutário com carteira de trabalho assinada,Total,Total,2022,1.26,1.26
10261,1004090,Pessoas de 14 anos ou mais de idade ocupadas na semana de referência - percentual do total geral,Percentual,2308609,Monsenhor Tabosa (CE),Empregado no setor público - empregado não estatutário com carteira de trabalho assinada,Total,Total,2022,2.41,2.41
10261,1004090,Pessoas de 14 anos ou mais de idade ocupadas na semana de referência - percentual do total geral,Percentual,2313203,Tamboril (CE),Empregado no setor público - empregado não estatutário com carteira de trabalho assinada,Total,Total,2022,1.14,1.14
10261,1004090,Pessoas de 14 anos ou mais de idade ocupadas na semana de referência - percentual do total geral,Percentual,2310506,Pedra Branca (CE),Empregado no setor público - empregado não estatutário com carteira de trabalho assinada,Total,Total,2022,2.65,2.65
10261,1004090,Pessoas de 14 anos ou mais de idade ocupadas na semana de referência - percentual do total geral,Percentual,2302404,Boa Viagem (CE),Empregado do setor público - empregado não estatutário sem carteira de trabalho assinada,Total,Total,2022,5.36,5.36
10261,1004090,Pessoas de 14 anos ou mais de idade ocupadas na semana de referência - percentual do total geral,Percentual,2307635,Madalena (CE),Empregado do setor público - empregado não estatutário sem carteira de trabalho assinada,Total,Total,2022,10.54,10.54
10261,1004090,Pessoas de 14 anos ou mais de idade ocupadas na semana de referência - percentual do total geral,Percentual,2311405,Quixeramobim (CE),Empregado do setor público - empregado não estatutário sem carteira de trabalho assinada,Total,Total,2022,5.14,5.14
10261,1004090,Pessoas de 14 anos ou mais de idade ocupadas na semana de referência - percentual do total geral,Percentual,2311306,Quixadá (CE),Empregado do setor público - empregado não estatutário sem carteira de trabalho assinada,Total,Total,2022,4.62,4.62
10261,1004090,Pessoas de 14 anos ou mais de idade ocupadas na semana de referência - percentual do total geral,Percentual,2301851,Banabuiú (CE),Empregado do setor público - empregado não estatutário sem carteira de trabalho assinada,Total,Total,2022,11.45,11.45
10261,1004090,Pessoas de 14 anos ou mais de idade ocupadas na semana de referência - percentual do total geral,Percentual,2303931,Choró (CE),Empregado do setor público - empregado não estatutário sem carteira de trabalho assinada,Total,Total,2022,10.65,10.65
10261,1004090,Pessoas de 14 anos ou mais de idade ocupadas na semana de referência - percentual do total geral,Percentual,2305266,Ibaretama (CE),Empregado do setor público - empregado não estatutário sem carteira de trabalho assinada,Total,Total,2022,11.68,11.68
10261,1004090,Pessoas de 14 anos ou mais de idade ocupadas na semana de referência - percentual do total geral,Percentual,2302800,Canindé (CE),Empregado do setor público - empregado não estatutário sem carteira de trabalho assinada,Total,Total,2022,4.07,4.07
10261,1004090,Pessoas de 14 anos ou mais de idade ocupadas na semana de referência - percentual do total geral,Percentual,2308609,Monsenhor Tabosa (CE),Empregado do setor público - empregado não estatutário sem carteira de trabalho assinada,Total,Total,2022,15.09,15.09
10261,1004090,Pessoas de 14 anos ou mais de idade ocupadas na semana de referência - percentual do total geral,Percentual,2313203,Tamboril (CE),Empregado do setor público - empregado não estatutário sem carteira de trabalho assinada,Total,Total,2022,5.88,5.88
10261,1004090,Pessoas de 14 anos ou mais de idade ocupadas na semana de referência - percentual do total geral,Percentual,2310506,Pedra Branca (CE),Empregado do setor público - empregado não estatutário sem carteira de trabalho assinada,Total,Total,2022,11.99,11.99
10261,1004090,Pessoas de 14 anos ou mais de idade ocupadas na semana de referência - percentual do total geral,Percentual,2302404,Boa Viagem (CE),Empregado de empresas estatais,Total,Total,2022,1.42,1.42
10261,1004090,Pessoas de 14 anos ou mais de idade ocupadas na semana de referência - percentual do total geral,Percentual,2307635,Madalena (CE),Empregado de empresas estatais,Total,Total,2022,-,
10261,1004090,Pessoas de 14 anos ou mais de idade ocupadas na semana de referência - percentual do total geral,Percentual,2311405,Quixeramobim (CE),Empregado de empresas estatais,Total,Total,2022,0.35,0.35
10261,1004090,Pessoas de 14 anos ou mais de idade ocupadas na semana de referência - percentual do total geral,Percentual,2311306,Quixadá (CE),Empregado de empresas estatais,Total,Total,2022,0.39,0.39
10261,1004090,Pessoas de 14 anos ou mais de idade ocupadas na semana de referência - percentual do total geral,Percentual,2301851,Banabuiú (CE),Empregado de empresas estatais,Total,Total,2022,0.39,0.39
10261,1004090,Pessoas de 14 anos ou mais de idade ocupadas na semana de referência - percentual do total geral,Percentual,2303931,Choró (CE),Empregado de empresas estatais,Total,Total,2022,-,
10261,1004090,Pessoas de 14 anos ou mais de idade ocupadas na semana de referência - percentual do total geral,Percentual,2305266,Ibaretama (CE),Empregado de empresas estatais,Total,Total,2022,-,
10261,1004090,Pessoas de 14 anos ou mais de idade ocupadas na semana de referência - percentual do total geral,Percentual,2302800,Canindé (CE),Empregado de empresas estatais,Total,Total,2022,0.08,0.08
10261,1004090,Pessoas de 14 anos ou mais de idade ocupadas na semana de referência - percentual do total geral,Percentual,2308609,Monsenhor Tabosa (CE),Empregado de empresas estatais,Total,Total,2022,0.24,0.24
10261,1004090,Pessoas de 14 anos ou mais de idade ocupadas na semana de referência - percentual do total geral,Percentual,2313203,Tamboril (CE),Empregado de empresas estatais,Total,Total,2022,-,
10261,1004090,Pessoas de 14 anos ou mais de idade ocupadas na semana de referência - percentual do total geral,Percentual,2310506,Pedra Branca (CE),Empregado de empresas estatais,Total,Total,2022,-,
10261,1004090,Pessoas de 14 anos ou mais de idade ocupadas na semana de referência - percentual do total geral,Percentual,2302404,Boa Viagem (CE),Empregado de empresas estatais com carteira de trabalho assinada,Total,Total,2022,0.44,0.44
10261,1004090,Pessoas de 14 anos ou mais de idade ocupadas na semana de referência - percentual do total geral,Percentual,2307635,Madalena (CE),Empregado de empresas estatais com carteira de trabalho assinada,Total,Total,2022,-,
10261,1004090,Pessoas de 14 anos ou mais de idade ocupadas na semana de referência - percentual do total geral,Percentual,2311405,Quixeramobim (CE),Empregado de empresas estatais com carteira de trabalho assinada,Total,Total,2022,0.13,0.13
10261,1004090,Pessoas de 14 anos ou mais de idade ocupadas na semana de referência - percentual do total geral,Percentual,2311306,Quixadá (CE),Empregado de empresas estatais com carteira de trabalho assinada,Total,Total,2022,0.15,0.15
10261,1004090,Pessoas de 14 anos ou mais de idade ocupadas na semana de referência - percentual do total geral,Percentual,2301851,Banabuiú (CE),Empregado de empresas estatais com carteira de trabalho assinada,Total,Total,2022,0.39,0.39
10261,1004090,Pessoas de 14 anos ou mais de idade ocupadas na semana de referência - percentual do total geral,Percentual,2303931,Choró (CE),Empregado de empresas estatais com carteira de trabalho assinada,Total,Total,2022,-,
10261,1004090,Pessoas de 14 anos ou mais de idade ocupadas na semana de referência - percentual do total geral,Percentual,2305266,Ibaretama (CE),Empregado de empresas estatais com carteira de trabalho assinada,Total,Total,2022,-,
10261,1004090,Pessoas de 14 anos ou mais de idade ocupadas na semana de referência - percentual do total geral,Percentual,2302800,Canindé (CE),Empregado de empresas estatais com carteira de trabalho assinada,Total,Total,2022,0.07,0.07
10261,1004090,Pessoas de 14 anos ou mais de idade ocupadas na semana de referência - percentual do total geral,Percentual,2308609,Monsenhor Tabosa (CE),Empregado de empresas estatais com carteira de trabalho assinada,Total,Total,2022,0.07,0.07
10261,1004090,Pessoas de 14 anos ou mais de idade ocupadas na semana de referência - percentual do total geral,Percentual,2313203,Tamboril (CE),Empregado de empresas estatais com carteira de trabalho assinada,Total,Total,2022,-,
10261,1004090,Pessoas de 14 anos ou mais de idade ocupadas na semana de referência - percentual do total geral,Percentual,2310506,Pedra Branca (CE),Empregado de empresas estatais com carteira de trabalho assinada,Total,Total,2022,-,
10261,1004090,Pessoas de 14 anos ou mais de idade ocupadas na semana de referência - percentual do total geral,Percentual,2302404,Boa Viagem (CE),Empregado de empresas estatais sem carteira de trabalho assinada,Total,Total,2022,0.99,0.99
10261,1004090,Pessoas de 14 anos ou mais de idade ocupadas na semana de referência - percentual do total geral,Percentual,2307635,Madalena (CE),Empregado de empresas estatais sem carteira de trabalho assinada,Total,Total,2022,-,
10261,1004090,Pessoas de 14 anos ou mais de idade ocupadas na semana de referência - percentual do total geral,Percentual,2311405,Quixeramobim (CE),Empregado de empresas estatais sem carteira de trabalho assinada,Total,Total,2022,0.23,0.23
10261,1004090,Pessoas de 14 anos ou mais de idade ocupadas na semana de referência - percentual do total geral,Percentual,2311306,Quixadá (CE),Empregado de empresas estatais sem carteira de trabalho assinada,Total,Total,2022,0.24,0.24
10261,1004090,Pessoas de 14 anos ou mais de idade ocupadas na semana de referência - percentual do total geral,Percentual,2301851,Banabuiú (CE),Empregado de empresas estatais sem carteira de trabalho assinada,Total,Total,2022,-,
10261,1004090,Pessoas de 14 anos ou mais de idade ocupadas na semana de referência - percentual do total geral,Percentual,2303931,Choró (CE),Empregado de empresas estatais sem carteira de trabalho assinada,Total,Total,2022,-,
10261,1004090,Pessoas de 14 anos ou mais de idade ocupadas na semana de referência - percentual do total geral,Percentual,2305266,Ibaretama (CE),Empregado de empresas estatais sem carteira de trabalho assinada,Total,Total,2022,-,
10261,1004090,Pessoas de 14 anos ou mais de idade ocupadas na semana de referência - percentual do total geral,Percentual,2302800,Canindé (CE),Empregado de empresas estatais sem carteira de trabalho assinada,Total,Total,2022,0.02,0.02
10261,1004090,Pessoas de 14 anos ou mais de idade ocupadas na semana de referência - percentual do total geral,Percentual,2308609,Monsenhor Tabosa (CE),Empregado de empresas estatais sem carteira de trabalho assinada,Total,Total,2022,0.16,0.16
10261,1004090,Pessoas de 14 anos ou mais de idade ocupadas na semana de referência - percentual do total geral,Percentual,2313203,Tamboril (CE),Empregado de empresas estatais sem carteira de trabalho assinada,Total,Total,2022,-,
10261,1004090,Pessoas de 14 anos ou mais de idade ocupadas na semana de referência - percentual do total geral,Percentual,2310506,Pedra Branca (CE),Empregado de empresas estatais sem carteira de trabalho assinada,Total,Total,2022,-,
10261,1004090,Pessoas de 14 anos ou mais de idade ocupadas na semana de referência - percentual do total geral,Percentual,2302404,Boa Viagem (CE),Empregador (com pelo menos um empregado),Total,Total,2022,3.46,3.46
10261,1004090,Pessoas de 14 anos ou mais de idade ocupadas na semana de referência - percentual do total geral,Percentual,2307635,Madalena (CE),Empregador (com pelo menos um empregado),Total,Total,2022,2.15,2.15
10261,1004090,Pessoas de 14 anos ou mais de idade ocupadas na semana de referência - percentual do total geral,Percentual,2311405,Quixeramobim (CE),Empregador (com pelo menos um empregado),Total,Total,2022,2.43,2.43
10261,1004090,Pessoas de 14 anos ou mais de idade ocupadas na semana de referência - percentual do total geral,Percentual,2311306,Quixadá (CE),Empregador (com pelo menos um empregado),Total,Total,2022,2.82,2.82
10261,1004090,Pessoas de 14 anos ou mais de idade ocupadas na semana de referência - percentual do total geral,Percentual,2301851,Banabuiú (CE),Empregador (com pelo menos um empregado),Total,Total,2022,1.57,1.57
10261,1004090,Pessoas de 14 anos ou mais de idade ocupadas na semana de referência - percentual do total geral,Percentual,2303931,Choró (CE),Empregador (com pelo menos um empregado),Total,Total,2022,1.85,1.85
10261,1004090,Pessoas de 14 anos ou mais de idade ocupadas na semana de referência - percentual do total geral,Percentual,2305266,Ibaretama (CE),Empregador (com pelo menos um empregado),Total,Total,2022,1.16,1.16
10261,1004090,Pessoas de 14 anos ou mais de idade ocupadas na semana de referência - percentual do total geral,Percentual,2302800,Canindé (CE),Empregador (com pelo menos um empregado),Total,Total,2022,2.11,2.11
10261,1004090,Pessoas de 14 anos ou mais de idade ocupadas na semana de referência - percentual do total geral,Percentual,2308609,Monsenhor Tabosa (CE),Empregador (com pelo menos um empregado),Total,Total,2022,2.63,2.63
10261,1004090,Pessoas de 14 anos ou mais de idade ocupadas na semana de referência - percentual do total geral,Percentual,2313203,Tamboril (CE),Empregador (com pelo menos um empregado),Total,Total,2022,3.23,3.23
10261,1004090,Pessoas de 14 anos ou mais de idade ocupadas na semana de referência - percentual do total geral,Percentual,2310506,Pedra Branca (CE),Empregador (com pelo menos um empregado),Total,Total,2022,2.96,2.96
10261,1004090,Pessoas de 14 anos ou mais de idade ocupadas na semana de referência - percentual do total geral,Percentual,2302404,Boa Viagem (CE),Empregador com CNPJ,Total,Total,2022,2.83,2.83
10261,1004090,Pessoas de 14 anos ou mais de idade ocupadas na semana de referência - percentual do total geral,Percentual,2307635,Madalena (CE),Empregador com CNPJ,Total,Total,2022,1.62,1.62
10261,1004090,Pessoas de 14 anos ou mais de idade ocupadas na semana de referência - percentual do total geral,Percentual,2311405,Quixeramobim (CE),Empregador com CNPJ,Total,Total,2022,2.03,2.03
10261,1004090,Pessoas de 14 anos ou mais de idade ocupadas na semana de referência - percentual do total geral,Percentual,2311306,Quixadá (CE),Empregador com CNPJ,Total,Total,2022,1.98,1.98
10261,1004090,Pessoas de 14 anos ou mais de idade ocupadas na semana de referência - percentual do total geral,Percentual,2301851,Banabuiú (CE),Empregador com CNPJ,Total,Total,2022,1.15,1.15
10261,1004090,Pessoas de 14 anos ou mais de idade ocupadas na semana de referência - percentual do total geral,Percentual,2303931,Choró (CE),Empregador com CNPJ,Total,Total,2022,0.41,0.41
10261,1004090,Pessoas de 14 anos ou mais de idade ocupadas na semana de referência - percentual do total geral,Percentual,2305266,Ibaretama (CE),Empregador com CNPJ,Total,Total,2022,0.17,0.17
10261,1004090,Pessoas de 14 anos ou mais de idade ocupadas na semana de referência - percentual do total geral,Percentual,2302800,Canindé (CE),Empregador com CNPJ,Total,Total,2022,1.75,1.75
10261,1004090,Pessoas de 14 anos ou mais de idade ocupadas na semana de referência - percentual do total geral,Percentual,2308609,Monsenhor Tabosa (CE),Empregador com CNPJ,Total,Total,2022,2.10,2.1
10261,1004090,Pessoas de 14 anos ou mais de idade ocupadas na semana de referência - percentual do total geral,Percentual,2313203,Tamboril (CE),Empregador com CNPJ,Total,Total,2022,1.83,1.83
10261,1004090,Pessoas de 14 anos ou mais de idade ocupadas na semana de referência - percentual do total geral,Percentual,2310506,Pedra Branca (CE),Empregador com CNPJ,Total,Total,2022,2.20,2.2
10261,1004090,Pessoas de 14 anos ou mais de idade ocupadas na semana de referência - percentual do total geral,Percentual,2302404,Boa Viagem (CE),Empregador sem CNPJ,Total,Total,2022,0.62,0.62
10261,1004090,Pessoas de 14 anos ou mais de idade ocupadas na semana de referência - percentual do total geral,Percentual,2307635,Madalena (CE),Empregador sem CNPJ,Total,Total,2022,0.54,0.54
10261,1004090,Pessoas de 14 anos ou mais de idade ocupadas na semana de referência - percentual do total geral,Percentual,2311405,Quixeramobim (CE),Empregador sem CNPJ,Total,Total,2022,0.39,0.39
10261,1004090,Pessoas de 14 anos ou mais de idade ocupadas na semana de referência - percentual do total geral,Percentual,2311306,Quixadá (CE),Empregador sem CNPJ,Total,Total,2022,0.84,0.84
10261,1004090,Pessoas de 14 anos ou mais de idade ocupadas na semana de referência - percentual do total geral,Percentual,2301851,Banabuiú (CE),Empregador sem CNPJ,Total,Total,2022,0.45,0.45
10261,1004090,Pessoas de 14 anos ou mais de idade ocupadas na semana de referência - percentual do total geral,Percentual,2303931,Choró (CE),Empregador sem CNPJ,Total,Total,2022,1.44,1.44
10261,1004090,Pessoas de 14 anos ou mais de idade ocupadas na semana de referência - percentual do total geral,Percentual,2305266,Ibaretama (CE),Empregador sem CNPJ,Total,Total,2022,0.99,0.99
10261,1004090,Pessoas de 14 anos ou mais de idade ocupadas na semana de referência - percentual do total geral,Percentual,2302800,Canindé (CE),Empregador sem CNPJ,Total,Total,2022,0.36,0.36
10261,1004090,Pessoas de 14 anos ou mais de idade ocupadas na semana de referência - percentual do total geral,Percentual,2308609,Monsenhor Tabosa (CE),Empregador sem CNPJ,Total,Total,2022,0.53,0.53
10261,1004090,Pessoas de 14 anos ou mais de idade ocupadas na semana de referência - percentual do total geral,Percentual,2313203,Tamboril (CE),Empregador sem CNPJ,Total,Total,2022,1.40,1.4
10261,1004090,Pessoas de 14 anos ou mais de idade ocupadas na semana de referência - percentual do total geral,Percentual,2310506,Pedra Branca (CE),Empregador sem CNPJ,Total,Total,2022,0.76,0.76
10261,1004090,Pessoas de 14 anos ou mais de idade ocupadas na semana de referência - percentual do total geral,Percentual,2302404,Boa Viagem (CE),Conta própria (sem empregados),Total,Total,2022,23.77,23.77
10261,1004090,Pessoas de 14 anos ou mais de idade ocupadas na semana de referência - percentual do total geral,Percentual,2307635,Madalena (CE),Conta própria (sem empregados),Total,Total,2022,29.33,29.33
10261,1004090,Pessoas de 14 anos ou mais de idade ocupadas na semana de referência - percentual do total geral,Percentual,2311405,Quixeramobim (CE),Conta própria (sem empregados),Total,Total,2022,22.95,22.95
10261,1004090,Pessoas de 14 anos ou mais de idade ocupadas na semana de referência - percentual do total geral,Percentual,2311306,Quixadá (CE),Conta própria (sem empregados),Total,Total,2022,32.04,32.04
10261,1004090,Pessoas de 14 anos ou mais de idade ocupadas na semana de referência - percentual do total geral,Percentual,2301851,Banabuiú (CE),Conta própria (sem empregados),Total,Total,2022,40.88,40.88
10261,1004090,Pessoas de 14 anos ou mais de idade ocupadas na semana de referência - percentual do total geral,Percentual,2303931,Choró (CE),Conta própria (sem empregados),Total,Total,2022,31.72,31.72
10261,1004090,Pessoas de 14 anos ou mais de idade ocupadas na semana de referência - percentual do total geral,Percentual,2305266,Ibaretama (CE),Conta própria (sem empregados),Total,Total,2022,35.21,35.21
10261,1004090,Pessoas de 14 anos ou mais de idade ocupadas na semana de referência - percentual do total geral,Percentual,2302800,Canindé (CE),Conta própria (sem empregados),Total,Total,2022,30.45,30.45
10261,1004090,Pessoas de 14 anos ou mais de idade ocupadas na semana de referência - percentual do total geral,Percentual,2308609,Monsenhor Tabosa (CE),Conta própria (sem empregados),Total,Total,2022,43.75,43.75
10261,1004090,Pessoas de 14 anos ou mais de idade ocupadas na semana de referência - percentual do total geral,Percentual,2313203,Tamboril (CE),Conta própria (sem empregados),Total,Total,2022,40.63,40.63
10261,1004090,Pessoas de 14 anos ou mais de idade ocupadas na semana de referência - percentual do total geral,Percentual,2310506,Pedra Branca (CE),Conta própria (sem empregados),Total,Total,2022,28.99,28.99
10261,1004090,Pessoas de 14 anos ou mais de idade ocupadas na semana de referência - percentual do total geral,Percentual,2302404,Boa Viagem (CE),Conta própria com CNPJ,Total,Total,2022,3.18,3.18
10261,1004090,Pessoas de 14 anos ou mais de idade ocupadas na semana de referência - percentual do total geral,Percentual,2307635,Madalena (CE),Conta própria com CNPJ,Total,Total,2022,1.47,1.47
10261,1004090,Pessoas de 14 anos ou mais de idade ocupadas na semana de referência - percentual do total geral,Percentual,2311405,Quixeramobim (CE),Conta própria com CNPJ,Total,Total,2022,3.50,3.5
10261,1004090,Pessoas de 14 anos ou mais de idade ocupadas na semana de referência - percentual do total geral,Percentual,2311306,Quixadá (CE),Conta própria com CNPJ,Total,Total,2022,4.94,4.94
10261,1004090,Pessoas de 14 anos ou mais de idade ocupadas na semana de referência - percentual do total geral,Percentual,2301851,Banabuiú (CE),Conta própria com CNPJ,Total,Total,2022,3.76,3.76
10261,1004090,Pessoas de 14 anos ou mais de idade ocupadas na semana de referência - percentual do total geral,Percentual,2303931,Choró (CE),Conta própria com CNPJ,Total,Total,2022,1.99,1.99
10261,1004090,Pessoas de 14 anos ou mais de idade ocupadas na semana de referência - percentual do total geral,Percentual,2305266,Ibaretama (CE),Conta própria com CNPJ,Total,Total,2022,2.25,2.25
10261,1004090,Pessoas de 14 anos ou mais de idade ocupadas na semana de referência - percentual do total geral,Percentual,2302800,Canindé (CE),Conta própria com CNPJ,Total,Total,2022,4.49,4.49
10261,1004090,Pessoas de 14 anos ou mais de idade ocupadas na semana de referência - percentual do total geral,Percentual,2308609,Monsenhor Tabosa (CE),Conta própria com CNPJ,Total,Total,2022,2.08,2.08
10261,1004090,Pessoas de 14 anos ou mais de idade ocupadas na semana de referência - percentual do total geral,Percentual,2313203,Tamboril (CE),Conta própria com CNPJ,Total,Total,2022,1.77,1.77
10261,1004090,Pessoas de 14 anos ou mais de idade ocupadas na semana de referência - percentual do total geral,Percentual,2310506,Pedra Branca (CE),Conta própria com CNPJ,Total,Total,2022,4.04,4.04
10261,1004090,Pessoas de 14 anos ou mais de idade ocupadas na semana de referência - percentual do total geral,Percentual,2302404,Boa Viagem (CE),Conta própria sem CNPJ,Total,Total,2022,20.59,20.59
10261,1004090,Pessoas de 14 anos ou mais de idade ocupadas na semana de referência - percentual do total geral,Percentual,2307635,Madalena (CE),Conta própria sem CNPJ,Total,Total,2022,27.86,27.86
10261,1004090,Pessoas de 14 anos ou mais de idade ocupadas na semana de referência - percentual do total geral,Percentual,2311405,Quixeramobim (CE),Conta própria sem CNPJ,Total,Total,2022,19.45,19.45
10261,1004090,Pessoas de 14 anos ou mais de idade ocupadas na semana de referência - percentual do total geral,Percentual,2311306,Quixadá (CE),Conta própria sem CNPJ,Total,Total,2022,27.10,27.1
10261,1004090,Pessoas de 14 anos ou mais de idade ocupadas na semana de referência - percentual do total geral,Percentual,2301851,Banabuiú (CE),Conta própria sem CNPJ,Total,Total,2022,37.12,37.12
10261,1004090,Pessoas de 14 anos ou mais de idade ocupadas na semana de referência - percentual do total geral,Percentual,2303931,Choró (CE),Conta própria sem CNPJ,Total,Total,2022,29.74,29.74
10261,1004090,Pessoas de 14 anos ou mais de idade ocupadas na semana de referência - percentual do total geral,Percentual,2305266,Ibaretama (CE),Conta própria sem CNPJ,Total,Total,2022,32.96,32.96
10261,1004090,Pessoas de 14 anos ou mais de idade ocupadas na semana de referência - percentual do total geral,Percentual,2302800,Canindé (CE),Conta própria sem CNPJ,Total,Total,2022,25.97,25.97
10261,1004090,Pessoas de 14 anos ou mais de idade ocupadas na semana de referência - percentual do total geral,Percentual,2308609,Monsenhor Tabosa (CE),Conta própria sem CNPJ,Total,Total,2022,41.67,41.67
10261,1004090,Pessoas de 14 anos ou mais de idade ocupadas na semana de referência - percentual do total geral,Percentual,2313203,Tamboril (CE),Conta própria sem CNPJ,Total,Total,2022,38.87,38.87
10261,1004090,Pessoas de 14 anos ou mais de idade ocupadas na semana de referência - percentual do total geral,Percentual,2310506,Pedra Branca (CE),Conta própria sem CNPJ,Total,Total,2022,24.94,24.94
10261,1004090,Pessoas de 14 anos ou mais de idade ocupadas na semana de referência - percentual do total geral,Percentual,2302404,Boa Viagem (CE),Trabalhador familiar auxiliar,Total,Total,2022,9.50,9.5
10261,1004090,Pessoas de 14 anos ou mais de idade ocupadas na semana de referência - percentual do total geral,Percentual,2307635,Madalena (CE),Trabalhador familiar auxiliar,Total,Total,2022,4.04,4.04
10261,1004090,Pessoas de 14 anos ou mais de idade ocupadas na semana de referência - percentual do total geral,Percentual,2311405,Quixeramobim (CE),Trabalhador familiar auxiliar,Total,Total,2022,0.69,0.69
10261,1004090,Pessoas de 14 anos ou mais de idade ocupadas na semana de referência - percentual do total geral,Percentual,2311306,Quixadá (CE),Trabalhador familiar auxiliar,Total,Total,2022,1.39,1.39
10261,1004090,Pessoas de 14 anos ou mais de idade ocupadas na semana de referência - percentual do total geral,Percentual,2301851,Banabuiú (CE),Trabalhador familiar auxiliar,Total,Total,2022,0.39,0.39
10261,1004090,Pessoas de 14 anos ou mais de idade ocupadas na semana de referência - percentual do total geral,Percentual,2303931,Choró (CE),Trabalhador familiar auxiliar,Total,Total,2022,0.95,0.95
10261,1004090,Pessoas de 14 anos ou mais de idade ocupadas na semana de referência - percentual do total geral,Percentual,2305266,Ibaretama (CE),Trabalhador familiar auxiliar,Total,Total,2022,0.73,0.73
10261,1004090,Pessoas de 14 anos ou mais de idade ocupadas na semana de referência - percentual do total geral,Percentual,2302800,Canindé (CE),Trabalhador familiar auxiliar,Total,Total,2022,5.38,5.38
10261,1004090,Pessoas de 14 anos ou mais de idade ocupadas na semana de referência - percentual do total geral,Percentual,2308609,Monsenhor Tabosa (CE),Trabalhador familiar auxiliar,Total,Total,2022,0.44,0.44
10261,1004090,Pessoas de 14 anos ou mais de idade ocupadas na semana de referência - percentual do total geral,Percentual,2313203,Tamboril (CE),Trabalhador familiar auxiliar,Total,Total,2022,3.25,3.25
10261,1004090,Pessoas de 14 anos ou mais de idade ocupadas na semana de referência - percentual do total geral,Percentual,2310506,Pedra Branca (CE),Trabalhador familiar auxiliar,Total,Total,2022,2.50,2.5
