tabela,variavel_id,variavel,unidade,localidade_id,localidade,periodo,valor_original,valor
5938,37,Produto Interno Bruto a preços correntes,Mil Reais,2302404,Boa Viagem (CE),2018,395707,395707.0
5938,37,Produto Interno Bruto a preços correntes,Mil Reais,2302404,Boa Viagem (CE),2019,469723,469723.0
5938,37,Produto Interno Bruto a preços correntes,Mil Reais,2302404,Boa Viagem (CE),2020,508266,508266.0
5938,37,Produto Interno Bruto a preços correntes,Mil Reais,2302404,Boa Viagem (CE),2021,539218,539218.0
5938,37,Produto Interno Bruto a preços correntes,Mil Reais,2302404,Boa Viagem (CE),2022,584404,584404.0
5938,37,Produto Interno Bruto a preços correntes,Mil Reais,2302404,Boa Viagem (CE),2023,717721,717721.0
5938,37,Produto Interno Bruto a preços correntes,Mil Reais,2307635,Madalena (CE),2018,131492,131492.0
5938,37,Produto Interno Bruto a preços correntes,Mil Reais,2307635,Madalena (CE),2019,141443,141443.0
5938,37,Produto Interno Bruto a preços correntes,Mil Reais,2307635,Madalena (CE),2020,161611,161611.0
5938,37,Produto Interno Bruto a preços correntes,Mil Reais,2307635,Madalena (CE),2021,174831,174831.0
5938,37,Produto Interno Bruto a preços correntes,Mil Reais,2307635,Madalena (CE),2022,208238,208238.0
5938,37,Produto Interno Bruto a preços correntes,Mil Reais,2307635,Madalena (CE),2023,215696,215696.0
5938,37,Produto Interno Bruto a preços correntes,Mil Reais,2311405,Quixeramobim (CE),2018,1072295,1072295.0
5938,37,Produto Interno Bruto a preços correntes,Mil Reais,2311405,Quixeramobim (CE),2019,1229512,1229512.0
5938,37,Produto Interno Bruto a preços correntes,Mil Reais,2311405,Quixeramobim (CE),2020,1185654,1185654.0
5938,37,Produto Interno Bruto a preços correntes,Mil Reais,2311405,Quixeramobim (CE),2021,1402461,1402461.0
5938,37,Produto Interno Bruto a preços correntes,Mil Reais,2311405,Quixeramobim (CE),2022,1725840,1725840.0
5938,37,Produto Interno Bruto a preços correntes,Mil Reais,2311405,Quixeramobim (CE),2023,1928559,1928559.0
5938,37,Produto Interno Bruto a preços correntes,Mil Reais,2302800,Canindé (CE),2018,655467,655467.0
5938,37,Produto Interno Bruto a preços correntes,Mil Reais,2302800,Canindé (CE),2019,888885,888885.0
5938,37,Produto Interno Bruto a preços correntes,Mil Reais,2302800,Canindé (CE),2020,882668,882668.0
5938,37,Produto Interno Bruto a preços correntes,Mil Reais,2302800,Canindé (CE),2021,911356,911356.0
5938,37,Produto Interno Bruto a preços correntes,Mil Reais,2302800,Canindé (CE),2022,1021411,1021411.0
5938,37,Produto Interno Bruto a preços correntes,Mil Reais,2302800,Canindé (CE),2023,1194867,1194867.0
5938,37,Produto Interno Bruto a preços correntes,Mil Reais,2308609,Monsenhor Tabosa (CE),2018,130693,130693.0
5938,37,Produto Interno Bruto a preços correntes,Mil Reais,2308609,Monsenhor Tabosa (CE),2019,141197,141197.0
5938,37,Produto Interno Bruto a preços correntes,Mil Reais,2308609,Monsenhor Tabosa (CE),2020,149162,149162.0
5938,37,Produto Interno Bruto a preços correntes,Mil Reais,2308609,Monsenhor Tabosa (CE),2021,160699,160699.0
5938,37,Produto Interno Bruto a preços correntes,Mil Reais,2308609,Monsenhor Tabosa (CE),2022,179307,179307.0
5938,37,Produto Interno Bruto a preços correntes,Mil Reais,2308609,Monsenhor Tabosa (CE),2023,210938,210938.0
5938,37,Produto Interno Bruto a preços correntes,Mil Reais,2313203,Tamboril (CE),2018,211770,211770.0
5938,37,Produto Interno Bruto a preços correntes,Mil Reais,2313203,Tamboril (CE),2019,239874,239874.0
5938,37,Produto Interno Bruto a preços correntes,Mil Reais,2313203,Tamboril (CE),2020,261258,261258.0
5938,37,Produto Interno Bruto a preços correntes,Mil Reais,2313203,Tamboril (CE),2021,282247,282247.0
5938,37,Produto Interno Bruto a preços correntes,Mil Reais,2313203,Tamboril (CE),2022,316962,316962.0
5938,37,Produto Interno Bruto a preços correntes,Mil Reais,2313203,Tamboril (CE),2023,319202,319202.0
5938,37,Produto Interno Bruto a preços correntes,Mil Reais,2310506,Pedra Branca (CE),2018,300170,300170.0
5938,37,Produto Interno Bruto a preços correntes,Mil Reais,2310506,Pedra Branca (CE),2019,332992,332992.0
5938,37,Produto Interno Bruto a preços correntes,Mil Reais,2310506,Pedra Branca (CE),2020,378258,378258.0
5938,37,Produto Interno Bruto a preços correntes,Mil Reais,2310506,Pedra Branca (CE),2021,389914,389914.0
5938,37,Produto Interno Bruto a preços correntes,Mil Reais,2310506,Pedra Branca (CE),2022,411066,411066.0
5938,37,Produto Interno Bruto a preços correntes,Mil Reais,2310506,Pedra Branca (CE),2023,481197,481197.0
5938,553,Participação do produto interno bruto a preços correntes no produto interno bruto a preços correntes da microrregião geográfica,%,2302404,Boa Viagem (CE),2018,13.26,13.26
5938,553,Participação do produto interno bruto a preços correntes no produto interno bruto a preços correntes da microrregião geográfica,%,2302404,Boa Viagem (CE),2019,14.39,14.39
5938,553,Participação do produto interno bruto a preços correntes no produto interno bruto a preços correntes da microrregião geográfica,%,2302404,Boa Viagem (CE),2020,14.87,14.87
5938,553,Participação do produto interno bruto a preços correntes no produto interno bruto a preços correntes da microrregião geográfica,%,2302404,Boa Viagem (CE),2021,14.20,14.2
5938,553,Participação do produto interno bruto a preços correntes no produto interno bruto a preços correntes da microrregião geográfica,%,2302404,Boa Viagem (CE),2022,13.17,13.17
5938,553,Participação do produto interno bruto a preços correntes no produto interno bruto a preços correntes da microrregião geográfica,%,2302404,Boa Viagem (CE),2023,14.41,14.41
5938,553,Participação do produto interno bruto a preços correntes no produto interno bruto a preços correntes da microrregião geográfica,%,2307635,Madalena (CE),2018,4.41,4.41
5938,553,Participação do produto interno bruto a preços correntes no produto interno bruto a preços correntes da microrregião geográfica,%,2307635,Madalena (CE),2019,4.33,4.33
5938,553,Participação do produto interno bruto a preços correntes no produto interno bruto a preços correntes da microrregião geográfica,%,2307635,Madalena (CE),2020,4.73,4.73
5938,553,Participação do produto interno bruto a preços correntes no produto interno bruto a preços correntes da microrregião geográfica,%,2307635,Madalena (CE),2021,4.60,4.6
5938,553,Participação do produto interno bruto a preços correntes no produto interno bruto a preços correntes da microrregião geográfica,%,2307635,Madalena (CE),2022,4.69,4.69
5938,553,Participação do produto interno bruto a preços correntes no produto interno bruto a preços correntes da microrregião geográfica,%,2307635,Madalena (CE),2023,4.33,4.33
5938,553,Participação do produto interno bruto a preços correntes no produto interno bruto a preços correntes da microrregião geográfica,%,2311405,Quixeramobim (CE),2018,35.93,35.93
5938,553,Participação do produto interno bruto a preços correntes no produto interno bruto a preços correntes da microrregião geográfica,%,2311405,Quixeramobim (CE),2019,37.68,37.68
5938,553,Participação do produto interno bruto a preços correntes no produto interno bruto a preços correntes da microrregião geográfica,%,2311405,Quixeramobim (CE),2020,34.68,34.68
5938,553,Participação do produto interno bruto a preços correntes no produto interno bruto a preços correntes da microrregião geográfica,%,2311405,Quixeramobim (CE),2021,36.93,36.93
5938,553,Participação do produto interno bruto a preços correntes no produto interno bruto a preços correntes da microrregião geográfica,%,2311405,Quixeramobim (CE),2022,38.91,38.91
5938,553,Participação do produto interno bruto a preços correntes no produto interno bruto a preços correntes da microrregião geográfica,%,2311405,Quixeramobim (CE),2023,38.72,38.72
5938,553,Participação do produto interno bruto a preços correntes no produto interno bruto a preços correntes da microrregião geográfica,%,2302800,Canindé (CE),2018,65.12,65.12
5938,553,Participação do produto interno bruto a preços correntes no produto interno bruto a preços correntes da microrregião geográfica,%,2302800,Canindé (CE),2019,69.02,69.02
5938,553,Participação do produto interno bruto a preços correntes no produto interno bruto a preços correntes da microrregião geográfica,%,2302800,Canindé (CE),2020,66.40,66.4
5938,553,Participação do produto interno bruto a preços correntes no produto interno bruto a preços correntes da microrregião geográfica,%,2302800,Canindé (CE),2021,65.92,65.92
5938,553,Participação do produto interno bruto a preços correntes no produto interno bruto a preços correntes da microrregião geográfica,%,2302800,Canindé (CE),2022,67.18,67.18
5938,553,Participação do produto interno bruto a preços correntes no produto interno bruto a preços correntes da microrregião geográfica,%,2302800,Canindé (CE),2023,67.19,67.19
5938,553,Participação do produto interno bruto a preços correntes no produto interno bruto a preços correntes da microrregião geográfica,%,2308609,Monsenhor Tabosa (CE),2018,6.30,6.3
5938,553,Participação do produto interno bruto a preços correntes no produto interno bruto a preços correntes da microrregião geográfica,%,2308609,Monsenhor Tabosa (CE),2019,5.99,5.99
5938,553,Participação do produto interno bruto a preços correntes no produto interno bruto a preços correntes da microrregião geográfica,%,2308609,Monsenhor Tabosa (CE),2020,5.90,5.9
5938,553,Participação do produto interno bruto a preços correntes no produto interno bruto a preços correntes da microrregião geográfica,%,2308609,Monsenhor Tabosa (CE),2021,5.89,5.89
5938,553,Participação do produto interno bruto a preços correntes no produto interno bruto a preços correntes da microrregião geográfica,%,2308609,Monsenhor Tabosa (CE),2022,5.86,5.86
5938,553,Participação do produto interno bruto a preços correntes no produto interno bruto a preços correntes da microrregião geográfica,%,2308609,Monsenhor Tabosa (CE),2023,6.03,6.03
5938,553,Participação do produto interno bruto a preços correntes no produto interno bruto a preços correntes da microrregião geográfica,%,2313203,Tamboril (CE),2018,10.20,10.2
5938,553,Participação do produto interno bruto a preços correntes no produto interno bruto a preços correntes da microrregião geográfica,%,2313203,Tamboril (CE),2019,10.18,10.18
5938,553,Participação do produto interno bruto a preços correntes no produto interno bruto a preços correntes da microrregião geográfica,%,2313203,Tamboril (CE),2020,10.34,10.34
5938,553,Participação do produto interno bruto a preços correntes no produto interno bruto a preços correntes da microrregião geográfica,%,2313203,Tamboril (CE),2021,10.35,10.35
5938,553,Participação do produto interno bruto a preços correntes no produto interno bruto a preços correntes da microrregião geográfica,%,2313203,Tamboril (CE),2022,10.35,10.35
5938,553,Participação do produto interno bruto a preços correntes no produto interno bruto a preços correntes da microrregião geográfica,%,2313203,Tamboril (CE),2023,9.12,9.12
5938,553,Participação do produto interno bruto a preços correntes no produto interno bruto a preços correntes da microrregião geográfica,%,2310506,Pedra Branca (CE),2018,16.26,16.26
5938,553,Participação do produto interno bruto a preços correntes no produto interno bruto a preços correntes da microrregião geográfica,%,2310506,Pedra Branca (CE),2019,16.47,16.47
5938,553,Participação do produto interno bruto a preços correntes no produto interno bruto a preços correntes da microrregião geográfica,%,2310506,Pedra Branca (CE),2020,16.66,16.66
5938,553,Participação do produto interno bruto a preços correntes no produto interno bruto a preços correntes da microrregião geográfica,%,2310506,Pedra Branca (CE),2021,15.50,15.5
5938,553,Participação do produto interno bruto a preços correntes no produto interno bruto a preços correntes da microrregião geográfica,%,2310506,Pedra Branca (CE),2022,14.60,14.6
5938,553,Participação do produto interno bruto a preços correntes no produto interno bruto a preços correntes da microrregião geográfica,%,2310506,Pedra Branca (CE),2023,15.28,15.28
5938,552,Participação do produto interno bruto a preços correntes no produto interno bruto a preços correntes da mesorregião geográfica,%,2302404,Boa Viagem (CE),2018,4.86,4.86
5938,552,Participação do produto interno bruto a preços correntes no produto interno bruto a preços correntes da mesorregião geográfica,%,2302404,Boa Viagem (CE),2019,5.23,5.23
5938,552,Participação do produto interno bruto a preços correntes no produto interno bruto a preços correntes da mesorregião geográfica,%,2302404,Boa Viagem (CE),2020,5.25,5.25
5938,552,Participação do produto interno bruto a preços correntes no produto interno bruto a preços correntes da mesorregião geográfica,%,2302404,Boa Viagem (CE),2021,5.09,5.09
5938,552,Participação do produto interno bruto a preços correntes no produto interno bruto a preços correntes da mesorregião geográfica,%,2302404,Boa Viagem (CE),2022,4.89,4.89
5938,552,Participação do produto interno bruto a preços correntes no produto interno bruto a preços correntes da mesorregião geográfica,%,2302404,Boa Viagem (CE),2023,5.31,5.31
5938,552,Participação do produto interno bruto a preços correntes no produto interno bruto a preços correntes da mesorregião geográfica,%,2307635,Madalena (CE),2018,1.61,1.61
5938,552,Participação do produto interno bruto a preços correntes no produto interno bruto a preços correntes da mesorregião geográfica,%,2307635,Madalena (CE),2019,1.58,1.58
5938,552,Participação do produto interno bruto a preços correntes no produto interno bruto a preços correntes da mesorregião geográfica,%,2307635,Madalena (CE),2020,1.67,1.67
5938,552,Participação do produto interno bruto a preços correntes no produto interno bruto a preços correntes da mesorregião geográfica,%,2307635,Madalena (CE),2021,1.65,1.65
5938,552,Participação do produto interno bruto a preços correntes no produto interno bruto a preços correntes da mesorregião geográfica,%,2307635,Madalena (CE),2022,1.74,1.74
5938,552,Participação do produto interno bruto a preços correntes no produto interno bruto a preços correntes da mesorregião geográfica,%,2307635,Madalena (CE),2023,1.60,1.6
5938,552,Participação do produto interno bruto a preços correntes no produto interno bruto a preços correntes da mesorregião geográfica,%,2311405,Quixeramobim (CE),2018,13.16,13.16
5938,552,Participação do produto interno bruto a preços correntes no produto interno bruto a preços correntes da mesorregião geográfica,%,2311405,Quixeramobim (CE),2019,13.69,13.69
5938,552,Participação do produto interno bruto a preços correntes no produto interno bruto a preços correntes da mesorregião geográfica,%,2311405,Quixeramobim (CE),2020,12.25,12.25
5938,552,Participação do produto interno bruto a preços correntes no produto interno bruto a preços correntes da mesorregião geográfica,%,2311405,Quixeramobim (CE),2021,13.25,13.25
5938,552,Participação do produto interno bruto a preços correntes no produto interno bruto a preços correntes da mesorregião geográfica,%,2311405,Quixeramobim (CE),2022,14.44,14.44
5938,552,Participação do produto interno bruto a preços correntes no produto interno bruto a preços correntes da mesorregião geográfica,%,2311405,Quixeramobim (CE),2023,14.27,14.27
5938,552,Participação do produto interno bruto a preços correntes no produto interno bruto a preços correntes da mesorregião geográfica,%,2302800,Canindé (CE),2018,4.26,4.26
5938,552,Participação do produto interno bruto a preços correntes no produto interno bruto a preços correntes da mesorregião geográfica,%,2302800,Canindé (CE),2019,5.65,5.65
5938,552,Participação do produto interno bruto a preços correntes no produto interno bruto a preços correntes da mesorregião geográfica,%,2302800,Canindé (CE),2020,5.28,5.28
5938,552,Participação do produto interno bruto a preços correntes no produto interno bruto a preços correntes da mesorregião geográfica,%,2302800,Canindé (CE),2021,4.09,4.09
5938,552,Participação do produto interno bruto a preços correntes no produto interno bruto a preços correntes da mesorregião geográfica,%,2302800,Canindé (CE),2022,4.65,4.65
5938,552,Participação do produto interno bruto a preços correntes no produto interno bruto a preços correntes da mesorregião geográfica,%,2302800,Canindé (CE),2023,4.99,4.99
5938,552,Participação do produto interno bruto a preços correntes no produto interno bruto a preços correntes da mesorregião geográfica,%,2308609,Monsenhor Tabosa (CE),2018,1.60,1.6
5938,552,Participação do produto interno bruto a preços correntes no produto interno bruto a preços correntes da mesorregião geográfica,%,2308609,Monsenhor Tabosa (CE),2019,1.57,1.57
5938,552,Participação do produto interno bruto a preços correntes no produto interno bruto a preços correntes da mesorregião geográfica,%,2308609,Monsenhor Tabosa (CE),2020,1.54,1.54
5938,552,Participação do produto interno bruto a preços correntes no produto interno bruto a preços correntes da mesorregião geográfica,%,2308609,Monsenhor Tabosa (CE),2021,1.52,1.52
5938,552,Participação do produto interno bruto a preços correntes no produto interno bruto a preços correntes da mesorregião geográfica,%,2308609,Monsenhor Tabosa (CE),2022,1.50,1.5
5938,552,Participação do produto interno bruto a preços correntes no produto interno bruto a preços correntes da mesorregião geográfica,%,2308609,Monsenhor Tabosa (CE),2023,1.56,1.56
5938,552,Participação do produto interno bruto a preços correntes no produto interno bruto a preços correntes da mesorregião geográfica,%,2313203,Tamboril (CE),2018,2.60,2.6
5938,552,Participação do produto interno bruto a preços correntes no produto interno bruto a preços correntes da mesorregião geográfica,%,2313203,Tamboril (CE),2019,2.67,2.67
5938,552,Participação do produto interno bruto a preços correntes no produto interno bruto a preços correntes da mesorregião geográfica,%,2313203,Tamboril (CE),2020,2.70,2.7
5938,552,Participação do produto interno bruto a preços correntes no produto interno bruto a preços correntes da mesorregião geográfica,%,2313203,Tamboril (CE),2021,2.67,2.67
5938,552,Participação do produto interno bruto a preços correntes no produto interno bruto a preços correntes da mesorregião geográfica,%,2313203,Tamboril (CE),2022,2.65,2.65
5938,552,Participação do produto interno bruto a preços correntes no produto interno bruto a preços correntes da mesorregião geográfica,%,2313203,Tamboril (CE),2023,2.36,2.36
5938,552,Participação do produto interno bruto a preços correntes no produto interno bruto a preços correntes da mesorregião geográfica,%,2310506,Pedra Branca (CE),2018,3.68,3.68
5938,552,Participação do produto interno bruto a preços correntes no produto interno bruto a preços correntes da mesorregião geográfica,%,2310506,Pedra Branca (CE),2019,3.71,3.71
5938,552,Participação do produto interno bruto a preços correntes no produto interno bruto a preços correntes da mesorregião geográfica,%,2310506,Pedra Branca (CE),2020,3.91,3.91
5938,552,Participação do produto interno bruto a preços correntes no produto interno bruto a preços correntes da mesorregião geográfica,%,2310506,Pedra Branca (CE),2021,3.68,3.68
5938,552,Participação do produto interno bruto a preços correntes no produto interno bruto a preços correntes da mesorregião geográfica,%,2310506,Pedra Branca (CE),2022,3.44,3.44
5938,552,Participação do produto interno bruto a preços correntes no produto interno bruto a preços correntes da mesorregião geográfica,%,2310506,Pedra Branca (CE),2023,3.56,3.56
5938,497,Participação do produto interno bruto a preços correntes no produto interno bruto a preços correntes da unidade da federação,%,2302404,Boa Viagem (CE),2018,0.25,0.25
5938,497,Participação do produto interno bruto a preços correntes no produto interno bruto a preços correntes da unidade da federação,%,2302404,Boa Viagem (CE),2019,0.29,0.29
5938,497,Participação do produto interno bruto a preços correntes no produto interno bruto a preços correntes da unidade da federação,%,2302404,Boa Viagem (CE),2020,0.30,0.3
5938,497,Participação do produto interno bruto a preços correntes no produto interno bruto a preços correntes da unidade da federação,%,2302404,Boa Viagem (CE),2021,0.28,0.28
5938,497,Participação do produto interno bruto a preços correntes no produto interno bruto a preços correntes da unidade da federação,%,2302404,Boa Viagem (CE),2022,0.27,0.27
5938,497,Participação do produto interno bruto a preços correntes no produto interno bruto a preços correntes da unidade da federação,%,2302404,Boa Viagem (CE),2023,0.31,0.31
5938,497,Participação do produto interno bruto a preços correntes no produto interno bruto a preços correntes da unidade da federação,%,2307635,Madalena (CE),2018,0.08,0.08
5938,497,Participação do produto interno bruto a preços correntes no produto interno bruto a preços correntes da unidade da federação,%,2307635,Madalena (CE),2019,0.09,0.09
5938,497,Participação do produto interno bruto a preços correntes no produto interno bruto a preços correntes da unidade da federação,%,2307635,Madalena (CE),2020,0.10,0.1
5938,497,Participação do produto interno bruto a preços correntes no produto interno bruto a preços correntes da unidade da federação,%,2307635,Madalena (CE),2021,0.09,0.09
5938,497,Participação do produto interno bruto a preços correntes no produto interno bruto a preços correntes da unidade da federação,%,2307635,Madalena (CE),2022,0.10,0.1
5938,497,Participação do produto interno bruto a preços correntes no produto interno bruto a preços correntes da unidade da federação,%,2307635,Madalena (CE),2023,0.09,0.09
5938,497,Participação do produto interno bruto a preços correntes no produto interno bruto a preços correntes da unidade da federação,%,2311405,Quixeramobim (CE),2018,0.69,0.69
5938,497,Participação do produto interno bruto a preços correntes no produto interno bruto a preços correntes da unidade da federação,%,2311405,Quixeramobim (CE),2019,0.75,0.75
5938,497,Participação do produto interno bruto a preços correntes no produto interno bruto a preços correntes da unidade da federação,%,2311405,Quixeramobim (CE),2020,0.71,0.71
5938,497,Participação do produto interno bruto a preços correntes no produto interno bruto a preços correntes da unidade da federação,%,2311405,Quixeramobim (CE),2021,0.72,0.72
5938,497,Participação do produto interno bruto a preços correntes no produto interno bruto a preços correntes da unidade da federação,%,2311405,Quixeramobim (CE),2022,0.81,0.81
5938,497,Participação do produto interno bruto a preços correntes no produto interno bruto a preços correntes da unidade da federação,%,2311405,Quixeramobim (CE),2023,0.83,0.83
5938,497,Participação do produto interno bruto a preços correntes no produto interno bruto a preços correntes da unidade da federação,%,2302800,Canindé (CE),2018,0.42,0.42
5938,497,Participação do produto interno bruto a preços correntes no produto interno bruto a preços correntes da unidade da federação,%,2302800,Canindé (CE),2019,0.54,0.54
5938,497,Participação do produto interno bruto a preços correntes no produto interno bruto a preços correntes da unidade da federação,%,2302800,Canindé (CE),2020,0.53,0.53
5938,497,Participação do produto interno bruto a preços correntes no produto interno bruto a preços correntes da unidade da federação,%,2302800,Canindé (CE),2021,0.47,0.47
5938,497,Participação do produto interno bruto a preços correntes no produto interno bruto a preços correntes da unidade da federação,%,2302800,Canindé (CE),2022,0.48,0.48
5938,497,Participação do produto interno bruto a preços correntes no produto interno bruto a preços correntes da unidade da federação,%,2302800,Canindé (CE),2023,0.51,0.51
5938,497,Participação do produto interno bruto a preços correntes no produto interno bruto a preços correntes da unidade da federação,%,2308609,Monsenhor Tabosa (CE),2018,0.08,0.08
5938,497,Participação do produto interno bruto a preços correntes no produto interno bruto a preços correntes da unidade da federação,%,2308609,Monsenhor Tabosa (CE),2019,0.09,0.09
5938,497,Participação do produto interno bruto a preços correntes no produto interno bruto a preços correntes da unidade da federação,%,2308609,Monsenhor Tabosa (CE),2020,0.09,0.09
5938,497,Participação do produto interno bruto a preços correntes no produto interno bruto a preços correntes da unidade da federação,%,2308609,Monsenhor Tabosa (CE),2021,0.08,0.08
5938,497,Participação do produto interno bruto a preços correntes no produto interno bruto a preços correntes da unidade da federação,%,2308609,Monsenhor Tabosa (CE),2022,0.08,0.08
5938,497,Participação do produto interno bruto a preços correntes no produto interno bruto a preços correntes da unidade da federação,%,2308609,Monsenhor Tabosa (CE),2023,0.09,0.09
5938,497,Participação do produto interno bruto a preços correntes no produto interno bruto a preços correntes da unidade da federação,%,2313203,Tamboril (CE),2018,0.14,0.14
5938,497,Participação do produto interno bruto a preços correntes no produto interno bruto a preços correntes da unidade da federação,%,2313203,Tamboril (CE),2019,0.15,0.15
5938,497,Participação do produto interno bruto a preços correntes no produto interno bruto a preços correntes da unidade da federação,%,2313203,Tamboril (CE),2020,0.16,0.16
5938,497,Participação do produto interno bruto a preços correntes no produto interno bruto a preços correntes da unidade da federação,%,2313203,Tamboril (CE),2021,0.14,0.14
5938,497,Participação do produto interno bruto a preços correntes no produto interno bruto a preços correntes da unidade da federação,%,2313203,Tamboril (CE),2022,0.15,0.15
5938,497,Participação do produto interno bruto a preços correntes no produto interno bruto a preços correntes da unidade da federação,%,2313203,Tamboril (CE),2023,0.14,0.14
5938,497,Participação do produto interno bruto a preços correntes no produto interno bruto a preços correntes da unidade da federação,%,2310506,Pedra Branca (CE),2018,0.19,0.19
5938,497,Participação do produto interno bruto a preços correntes no produto interno bruto a preços correntes da unidade da federação,%,2310506,Pedra Branca (CE),2019,0.20,0.2
5938,497,Participação do produto interno bruto a preços correntes no produto interno bruto a preços correntes da unidade da federação,%,2310506,Pedra Branca (CE),2020,0.23,0.23
5938,497,Participação do produto interno bruto a preços correntes no produto interno bruto a preços correntes da unidade da federação,%,2310506,Pedra Branca (CE),2021,0.20,0.2
5938,497,Participação do produto interno bruto a preços correntes no produto interno bruto a preços correntes da unidade da federação,%,2310506,Pedra Branca (CE),2022,0.19,0.19
5938,497,Participação do produto interno bruto a preços correntes no produto interno bruto a preços correntes da unidade da federação,%,2310506,Pedra Branca (CE),2023,0.21,0.21
5938,530,Participação do produto interno bruto a preços correntes no produto interno bruto a preços correntes da grande região,%,2302404,Boa Viagem (CE),2018,0.04,0.04
5938,530,Participação do produto interno bruto a preços correntes no produto interno bruto a preços correntes da grande região,%,2302404,Boa Viagem (CE),2019,0.04,0.04
5938,530,Participação do produto interno bruto a preços correntes no produto interno bruto a preços correntes da grande região,%,2302404,Boa Viagem (CE),2020,0.05,0.05
5938,530,Participação do produto interno bruto a preços correntes no produto interno bruto a preços correntes da grande região,%,2302404,Boa Viagem (CE),2021,0.04,0.04
5938,530,Participação do produto interno bruto a preços correntes no produto interno bruto a preços correntes da grande região,%,2302404,Boa Viagem (CE),2022,0.04,0.04
5938,530,Participação do produto interno bruto a preços correntes no produto interno bruto a preços correntes da grande região,%,2302404,Boa Viagem (CE),2023,0.05,0.05
5938,530,Participação do produto interno bruto a preços correntes no produto interno bruto a preços correntes da grande região,%,2307635,Madalena (CE),2018,0.01,0.01
5938,530,Participação do produto interno bruto a preços correntes no produto interno bruto a preços correntes da grande região,%,2307635,Madalena (CE),2019,0.01,0.01
5938,530,Participação do produto interno bruto a preços correntes no produto interno bruto a preços correntes da grande região,%,2307635,Madalena (CE),2020,0.01,0.01
5938,530,Participação do produto interno bruto a preços correntes no produto interno bruto a preços correntes da grande região,%,2307635,Madalena (CE),2021,0.01,0.01
5938,530,Participação do produto interno bruto a preços correntes no produto interno bruto a preços correntes da grande região,%,2307635,Madalena (CE),2022,0.02,0.02
5938,530,Participação do produto interno bruto a preços correntes no produto interno bruto a preços correntes da grande região,%,2307635,Madalena (CE),2023,0.01,0.01
5938,530,Participação do produto interno bruto a preços correntes no produto interno bruto a preços correntes da grande região,%,2311405,Quixeramobim (CE),2018,0.11,0.11
5938,530,Participação do produto interno bruto a preços correntes no produto interno bruto a preços correntes da grande região,%,2311405,Quixeramobim (CE),2019,0.12,0.12
5938,530,Participação do produto interno bruto a preços correntes no produto interno bruto a preços correntes da grande região,%,2311405,Quixeramobim (CE),2020,0.11,0.11
5938,530,Participação do produto interno bruto a preços correntes no produto interno bruto a preços correntes da grande região,%,2311405,Quixeramobim (CE),2021,0.11,0.11
5938,530,Participação do produto interno bruto a preços correntes no produto interno bruto a preços correntes da grande região,%,2311405,Quixeramobim (CE),2022,0.12,0.12
5938,530,Participação do produto interno bruto a preços correntes no produto interno bruto a preços correntes da grande região,%,2311405,Quixeramobim (CE),2023,0.13,0.13
5938,530,Participação do produto interno bruto a preços correntes no produto interno bruto a preços correntes da grande região,%,2302800,Canindé (CE),2018,0.07,0.07
5938,530,Participação do produto interno bruto a preços correntes no produto interno bruto a preços correntes da grande região,%,2302800,Canindé (CE),2019,0.08,0.08
5938,530,Participação do produto interno bruto a preços correntes no produto interno bruto a preços correntes da grande região,%,2302800,Canindé (CE),2020,0.08,0.08
5938,530,Participação do produto interno bruto a preços correntes no produto interno bruto a preços correntes da grande região,%,2302800,Canindé (CE),2021,0.07,0.07
5938,530,Participação do produto interno bruto a preços correntes no produto interno bruto a preços correntes da grande região,%,2302800,Canindé (CE),2022,0.07,0.07
5938,530,Participação do produto interno bruto a preços correntes no produto interno bruto a preços correntes da grande região,%,2302800,Canindé (CE),2023,0.08,0.08
5938,530,Participação do produto interno bruto a preços correntes no produto interno bruto a preços correntes da grande região,%,2308609,Monsenhor Tabosa (CE),2018,0.01,0.01
5938,530,Participação do produto interno bruto a preços correntes no produto interno bruto a preços correntes da grande região,%,2308609,Monsenhor Tabosa (CE),2019,0.01,0.01
5938,530,Participação do produto interno bruto a preços correntes no produto interno bruto a preços correntes da grande região,%,2308609,Monsenhor Tabosa (CE),2020,0.01,0.01
5938,530,Participação do produto interno bruto a preços correntes no produto interno bruto a preços correntes da grande região,%,2308609,Monsenhor Tabosa (CE),2021,0.01,0.01
5938,530,Participação do produto interno bruto a preços correntes no produto interno bruto a preços correntes da grande região,%,2308609,Monsenhor Tabosa (CE),2022,0.01,0.01
5938,530,Participação do produto interno bruto a preços correntes no produto interno bruto a preços correntes da grande região,%,2308609,Monsenhor Tabosa (CE),2023,0.01,0.01
5938,530,Participação do produto interno bruto a preços correntes no produto interno bruto a preços correntes da grande região,%,2313203,Tamboril (CE),2018,0.02,0.02
5938,530,Participação do produto interno bruto a preços correntes no produto interno bruto a preços correntes da grande região,%,2313203,Tamboril (CE),2019,0.02,0.02
5938,530,Participação do produto interno bruto a preços correntes no produto interno bruto a preços correntes da grande região,%,2313203,Tamboril (CE),2020,0.02,0.02
5938,530,Participação do produto interno bruto a preços correntes no produto interno bruto a preços correntes da grande região,%,2313203,Tamboril (CE),2021,0.02,0.02
5938,530,Participação do produto interno bruto a preços correntes no produto interno bruto a preços correntes da grande região,%,2313203,Tamboril (CE),2022,0.02,0.02
5938,530,Participação do produto interno bruto a preços correntes no produto interno bruto a preços correntes da grande região,%,2313203,Tamboril (CE),2023,0.02,0.02
5938,530,Participação do produto interno bruto a preços correntes no produto interno bruto a preços correntes da grande região,%,2310506,Pedra Branca (CE),2018,0.03,0.03
5938,530,Participação do produto interno bruto a preços correntes no produto interno bruto a preços correntes da grande região,%,2310506,Pedra Branca (CE),2019,0.03,0.03
5938,530,Participação do produto interno bruto a preços correntes no produto interno bruto a preços correntes da grande região,%,2310506,Pedra Branca (CE),2020,0.04,0.04
5938,530,Participação do produto interno bruto a preços correntes no produto interno bruto a preços correntes da grande região,%,2310506,Pedra Branca (CE),2021,0.03,0.03
5938,530,Participação do produto interno bruto a preços correntes no produto interno bruto a preços correntes da grande região,%,2310506,Pedra Branca (CE),2022,0.03,0.03
5938,530,Participação do produto interno bruto a preços correntes no produto interno bruto a preços correntes da grande região,%,2310506,Pedra Branca (CE),2023,0.03,0.03
5938,496,Participação do produto interno bruto a preços correntes no produto interno bruto a preços correntes do Brasil,%,2302404,Boa Viagem (CE),2018,0.01,0.01
5938,496,Participação do produto interno bruto a preços correntes no produto interno bruto a preços correntes do Brasil,%,2302404,Boa Viagem (CE),2019,0.01,0.01
5938,496,Participação do produto interno bruto a preços correntes no produto interno bruto a preços correntes do Brasil,%,2302404,Boa Viagem (CE),2020,0.01,0.01
5938,496,Participação do produto interno bruto a preços correntes no produto interno bruto a preços correntes do Brasil,%,2302404,Boa Viagem (CE),2021,0.01,0.01
5938,496,Participação do produto interno bruto a preços correntes no produto interno bruto a preços correntes do Brasil,%,2302404,Boa Viagem (CE),2022,0.01,0.01
5938,496,Participação do produto interno bruto a preços correntes no produto interno bruto a preços correntes do Brasil,%,2302404,Boa Viagem (CE),2023,0.01,0.01
5938,496,Participação do produto interno bruto a preços correntes no produto interno bruto a preços correntes do Brasil,%,2307635,Madalena (CE),2018,0.00,0.0
5938,496,Participação do produto interno bruto a preços correntes no produto interno bruto a preços correntes do Brasil,%,2307635,Madalena (CE),2019,0.00,0.0
5938,496,Participação do produto interno bruto a preços correntes no produto interno bruto a preços correntes do Brasil,%,2307635,Madalena (CE),2020,0.00,0.0
5938,496,Participação do produto interno bruto a preços correntes no produto interno bruto a preços correntes do Brasil,%,2307635,Madalena (CE),2021,0.00,0.0
5938,496,Participação do produto interno bruto a preços correntes no produto interno bruto a preços correntes do Brasil,%,2307635,Madalena (CE),2022,0.00,0.0
5938,496,Participação do produto interno bruto a preços correntes no produto interno bruto a preços correntes do Brasil,%,2307635,Madalena (CE),2023,0.00,0.0
5938,496,Participação do produto interno bruto a preços correntes no produto interno bruto a preços correntes do Brasil,%,2311405,Quixeramobim (CE),2018,0.02,0.02
5938,496,Participação do produto interno bruto a preços correntes no produto interno bruto a preços correntes do Brasil,%,2311405,Quixeramobim (CE),2019,0.02,0.02
5938,496,Participação do produto interno bruto a preços correntes no produto interno bruto a preços correntes do Brasil,%,2311405,Quixeramobim (CE),2020,0.02,0.02
5938,496,Participação do produto interno bruto a preços correntes no produto interno bruto a preços correntes do Brasil,%,2311405,Quixeramobim (CE),2021,0.02,0.02
5938,496,Participação do produto interno bruto a preços correntes no produto interno bruto a preços correntes do Brasil,%,2311405,Quixeramobim (CE),2022,0.02,0.02
5938,496,Participação do produto interno bruto a preços correntes no produto interno bruto a preços correntes do Brasil,%,2311405,Quixeramobim (CE),2023,0.02,0.02
5938,496,Participação do produto interno bruto a preços correntes no produto interno bruto a preços correntes do Brasil,%,2302800,Canindé (CE),2018,0.01,0.01
5938,496,Participação do produto interno bruto a preços correntes no produto interno bruto a preços correntes do Brasil,%,2302800,Canindé (CE),2019,0.01,0.01
5938,496,Participação do produto interno bruto a preços correntes no produto interno bruto a preços correntes do Brasil,%,2302800,Canindé (CE),2020,0.01,0.01
5938,496,Participação do produto interno bruto a preços correntes no produto interno bruto a preços correntes do Brasil,%,2302800,Canindé (CE),2021,0.01,0.01
5938,496,Participação do produto interno bruto a preços correntes no produto interno bruto a preços correntes do Brasil,%,2302800,Canindé (CE),2022,0.01,0.01
5938,496,Participação do produto interno bruto a preços correntes no produto interno bruto a preços correntes do Brasil,%,2302800,Canindé (CE),2023,0.01,0.01
5938,496,Participação do produto interno bruto a preços correntes no produto interno bruto a preços correntes do Brasil,%,2308609,Monsenhor Tabosa (CE),2018,0.00,0.0
5938,496,Participação do produto interno bruto a preços correntes no produto interno bruto a preços correntes do Brasil,%,2308609,Monsenhor Tabosa (CE),2019,0.00,0.0
5938,496,Participação do produto interno bruto a preços correntes no produto interno bruto a preços correntes do Brasil,%,2308609,Monsenhor Tabosa (CE),2020,0.00,0.0
5938,496,Participação do produto interno bruto a preços correntes no produto interno bruto a preços correntes do Brasil,%,2308609,Monsenhor Tabosa (CE),2021,0.00,0.0
5938,496,Participação do produto interno bruto a preços correntes no produto interno bruto a preços correntes do Brasil,%,2308609,Monsenhor Tabosa (CE),2022,0.00,0.0
5938,496,Participação do produto interno bruto a preços correntes no produto interno bruto a preços correntes do Brasil,%,2308609,Monsenhor Tabosa (CE),2023,0.00,0.0
5938,496,Participação do produto interno bruto a preços correntes no produto interno bruto a preços correntes do Brasil,%,2313203,Tamboril (CE),2018,0.00,0.0
5938,496,Participação do produto interno bruto a preços correntes no produto interno bruto a preços correntes do Brasil,%,2313203,Tamboril (CE),2019,0.00,0.0
5938,496,Participação do produto interno bruto a preços correntes no produto interno bruto a preços correntes do Brasil,%,2313203,Tamboril (CE),2020,0.00,0.0
5938,496,Participação do produto interno bruto a preços correntes no produto interno bruto a preços correntes do Brasil,%,2313203,Tamboril (CE),2021,0.00,0.0
5938,496,Participação do produto interno bruto a preços correntes no produto interno bruto a preços correntes do Brasil,%,2313203,Tamboril (CE),2022,0.00,0.0
5938,496,Participação do produto interno bruto a preços correntes no produto interno bruto a preços correntes do Brasil,%,2313203,Tamboril (CE),2023,0.00,0.0
5938,496,Participação do produto interno bruto a preços correntes no produto interno bruto a preços correntes do Brasil,%,2310506,Pedra Branca (CE),2018,0.00,0.0
5938,496,Participação do produto interno bruto a preços correntes no produto interno bruto a preços correntes do Brasil,%,2310506,Pedra Branca (CE),2019,0.00,0.0
5938,496,Participação do produto interno bruto a preços correntes no produto interno bruto a preços correntes do Brasil,%,2310506,Pedra Branca (CE),2020,0.00,0.0
5938,496,Participação do produto interno bruto a preços correntes no produto interno bruto a preços correntes do Brasil,%,2310506,Pedra Branca (CE),2021,0.00,0.0
5938,496,Participação do produto interno bruto a preços correntes no produto interno bruto a preços correntes do Brasil,%,2310506,Pedra Branca (CE),2022,0.00,0.0
5938,496,Participação do produto interno bruto a preços correntes no produto interno bruto a preços correntes do Brasil,%,2310506,Pedra Branca (CE),2023,0.00,0.0
5938,543,"Impostos, líquidos de subsídios, sobre produtos a preços correntes",Mil Reais,2302404,Boa Viagem (CE),2018,17984,17984.0
5938,543,"Impostos, líquidos de subsídios, sobre produtos a preços correntes",Mil Reais,2302404,Boa Viagem (CE),2019,29500,29500.0
5938,543,"Impostos, líquidos de subsídios, sobre produtos a preços correntes",Mil Reais,2302404,Boa Viagem (CE),2020,30047,30047.0
5938,543,"Impostos, líquidos de subsídios, sobre produtos a preços correntes",Mil Reais,2302404,Boa Viagem (CE),2021,36757,36757.0
5938,543,"Impostos, líquidos de subsídios, sobre produtos a preços correntes",Mil Reais,2302404,Boa Viagem (CE),2022,...,
5938,543,"Impostos, líquidos de subsídios, sobre produtos a preços correntes",Mil Reais,2302404,Boa Viagem (CE),2023,...,
5938,543,"Impostos, líquidos de subsídios, sobre produtos a preços correntes",Mil Reais,2307635,Madalena (CE),2018,4906,4906.0
5938,543,"Impostos, líquidos de subsídios, sobre produtos a preços correntes",Mil Reais,2307635,Madalena (CE),2019,6036,6036.0
5938,543,"Impostos, líquidos de subsídios, sobre produtos a preços correntes",Mil Reais,2307635,Madalena (CE),2020,7504,7504.0
5938,543,"Impostos, líquidos de subsídios, sobre produtos a preços correntes",Mil Reais,2307635,Madalena (CE),2021,9165,9165.0
5938,543,"Impostos, líquidos de subsídios, sobre produtos a preços correntes",Mil Reais,2307635,Madalena (CE),2022,...,
5938,543,"Impostos, líquidos de subsídios, sobre produtos a preços correntes",Mil Reais,2307635,Madalena (CE),2023,...,
5938,543,"Impostos, líquidos de subsídios, sobre produtos a preços correntes",Mil Reais,2311405,Quixeramobim (CE),2018,97835,97835.0
5938,543,"Impostos, líquidos de subsídios, sobre produtos a preços correntes",Mil Reais,2311405,Quixeramobim (CE),2019,103801,103801.0
5938,543,"Impostos, líquidos de subsídios, sobre produtos a preços correntes",Mil Reais,2311405,Quixeramobim (CE),2020,95006,95006.0
5938,543,"Impostos, líquidos de subsídios, sobre produtos a preços correntes",Mil Reais,2311405,Quixeramobim (CE),2021,122119,122119.0
5938,543,"Impostos, líquidos de subsídios, sobre produtos a preços correntes",Mil Reais,2311405,Quixeramobim (CE),2022,...,
5938,543,"Impostos, líquidos de subsídios, sobre produtos a preços correntes",Mil Reais,2311405,Quixeramobim (CE),2023,...,
5938,543,"Impostos, líquidos de subsídios, sobre produtos a preços correntes",Mil Reais,2302800,Canindé (CE),2018,35480,35480.0
5938,543,"Impostos, líquidos de subsídios, sobre produtos a preços correntes",Mil Reais,2302800,Canindé (CE),2019,58946,58946.0
5938,543,"Impostos, líquidos de subsídios, sobre produtos a preços correntes",Mil Reais,2302800,Canindé (CE),2020,57546,57546.0
5938,543,"Impostos, líquidos de subsídios, sobre produtos a preços correntes",Mil Reais,2302800,Canindé (CE),2021,64973,64973.0
5938,543,"Impostos, líquidos de subsídios, sobre produtos a preços correntes",Mil Reais,2302800,Canindé (CE),2022,...,
5938,543,"Impostos, líquidos de subsídios, sobre produtos a preços correntes",Mil Reais,2302800,Canindé (CE),2023,...,
5938,543,"Impostos, líquidos de subsídios, sobre produtos a preços correntes",Mil Reais,2308609,Monsenhor Tabosa (CE),2018,5656,5656.0
5938,543,"Impostos, líquidos de subsídios, sobre produtos a preços correntes",Mil Reais,2308609,Monsenhor Tabosa (CE),2019,6866,6866.0
5938,543,"Impostos, líquidos de subsídios, sobre produtos a preços correntes",Mil Reais,2308609,Monsenhor Tabosa (CE),2020,6962,6962.0
5938,543,"Impostos, líquidos de subsídios, sobre produtos a preços correntes",Mil Reais,2308609,Monsenhor Tabosa (CE),2021,8845,8845.0
5938,543,"Impostos, líquidos de subsídios, sobre produtos a preços correntes",Mil Reais,2308609,Monsenhor Tabosa (CE),2022,...,
5938,543,"Impostos, líquidos de subsídios, sobre produtos a preços correntes",Mil Reais,2308609,Monsenhor Tabosa (CE),2023,...,
5938,543,"Impostos, líquidos de subsídios, sobre produtos a preços correntes",Mil Reais,2313203,Tamboril (CE),2018,7140,7140.0
5938,543,"Impostos, líquidos de subsídios, sobre produtos a preços correntes",Mil Reais,2313203,Tamboril (CE),2019,8895,8895.0
5938,543,"Impostos, líquidos de subsídios, sobre produtos a preços correntes",Mil Reais,2313203,Tamboril (CE),2020,8577,8577.0
5938,543,"Impostos, líquidos de subsídios, sobre produtos a preços correntes",Mil Reais,2313203,Tamboril (CE),2021,10758,10758.0
5938,543,"Impostos, líquidos de subsídios, sobre produtos a preços correntes",Mil Reais,2313203,Tamboril (CE),2022,...,
5938,543,"Impostos, líquidos de subsídios, sobre produtos a preços correntes",Mil Reais,2313203,Tamboril (CE),2023,...,
5938,543,"Impostos, líquidos de subsídios, sobre produtos a preços correntes",Mil Reais,2310506,Pedra Branca (CE),2018,13887,13887.0
5938,543,"Impostos, líquidos de subsídios, sobre produtos a preços correntes",Mil Reais,2310506,Pedra Branca (CE),2019,15001,15001.0
5938,543,"Impostos, líquidos de subsídios, sobre produtos a preços correntes",Mil Reais,2310506,Pedra Branca (CE),2020,16026,16026.0
5938,543,"Impostos, líquidos de subsídios, sobre produtos a preços correntes",Mil Reais,2310506,Pedra Branca (CE),2021,20163,20163.0
5938,543,"Impostos, líquidos de subsídios, sobre produtos a preços correntes",Mil Reais,2310506,Pedra Branca (CE),2022,...,
5938,543,"Impostos, líquidos de subsídios, sobre produtos a preços correntes",Mil Reais,2310506,Pedra Branca (CE),2023,...,
5938,571,"Participação dos impostos, líquidos de subsídios, sobre produtos a preços correntes nos impostos, líquidos de subsídios, sobre produtos a preços correntes da microrregião geográfica",%,2302404,Boa Viagem (CE),2018,8.22,8.22
5938,571,"Participação dos impostos, líquidos de subsídios, sobre produtos a preços correntes nos impostos, líquidos de subsídios, sobre produtos a preços correntes da microrregião geográfica",%,2302404,Boa Viagem (CE),2019,12.52,12.52
5938,571,"Participação dos impostos, líquidos de subsídios, sobre produtos a preços correntes nos impostos, líquidos de subsídios, sobre produtos a preços correntes da microrregião geográfica",%,2302404,Boa Viagem (CE),2020,12.90,12.9
5938,571,"Participação dos impostos, líquidos de subsídios, sobre produtos a preços correntes nos impostos, líquidos de subsídios, sobre produtos a preços correntes da microrregião geográfica",%,2302404,Boa Viagem (CE),2021,12.75,12.75
5938,571,"Participação dos impostos, líquidos de subsídios, sobre produtos a preços correntes nos impostos, líquidos de subsídios, sobre produtos a preços correntes da microrregião geográfica",%,2302404,Boa Viagem (CE),2022,...,
5938,571,"Participação dos impostos, líquidos de subsídios, sobre produtos a preços correntes nos impostos, líquidos de subsídios, sobre produtos a preços correntes da microrregião geográfica",%,2302404,Boa Viagem (CE),2023,...,
5938,571,"Participação dos impostos, líquidos de subsídios, sobre produtos a preços correntes nos impostos, líquidos de subsídios, sobre produtos a preços correntes da microrregião geográfica",%,2307635,Madalena (CE),2018,2.24,2.24
5938,571,"Participação dos impostos, líquidos de subsídios, sobre produtos a preços correntes nos impostos, líquidos de subsídios, sobre produtos a preços correntes da microrregião geográfica",%,2307635,Madalena (CE),2019,2.56,2.56
5938,571,"Participação dos impostos, líquidos de subsídios, sobre produtos a preços correntes nos impostos, líquidos de subsídios, sobre produtos a preços correntes da microrregião geográfica",%,2307635,Madalena (CE),2020,3.22,3.22
5938,571,"Participação dos impostos, líquidos de subsídios, sobre produtos a preços correntes nos impostos, líquidos de subsídios, sobre produtos a preços correntes da microrregião geográfica",%,2307635,Madalena (CE),2021,3.18,3.18
5938,571,"Participação dos impostos, líquidos de subsídios, sobre produtos a preços correntes nos impostos, líquidos de subsídios, sobre produtos a preços correntes da microrregião geográfica",%,2307635,Madalena (CE),2022,...,
5938,571,"Participação dos impostos, líquidos de subsídios, sobre produtos a preços correntes nos impostos, líquidos de subsídios, sobre produtos a preços correntes da microrregião geográfica",%,2307635,Madalena (CE),2023,...,
5938,571,"Participação dos impostos, líquidos de subsídios, sobre produtos a preços correntes nos impostos, líquidos de subsídios, sobre produtos a preços correntes da microrregião geográfica",%,2311405,Quixeramobim (CE),2018,44.70,44.7
5938,571,"Participação dos impostos, líquidos de subsídios, sobre produtos a preços correntes nos impostos, líquidos de subsídios, sobre produtos a preços correntes da microrregião geográfica",%,2311405,Quixeramobim (CE),2019,44.05,44.05
5938,571,"Participação dos impostos, líquidos de subsídios, sobre produtos a preços correntes nos impostos, líquidos de subsídios, sobre produtos a preços correntes da microrregião geográfica",%,2311405,Quixeramobim (CE),2020,40.79,40.79
5938,571,"Participação dos impostos, líquidos de subsídios, sobre produtos a preços correntes nos impostos, líquidos de subsídios, sobre produtos a preços correntes da microrregião geográfica",%,2311405,Quixeramobim (CE),2021,42.38,42.38
5938,571,"Participação dos impostos, líquidos de subsídios, sobre produtos a preços correntes nos impostos, líquidos de subsídios, sobre produtos a preços correntes da microrregião geográfica",%,2311405,Quixeramobim (CE),2022,...,
5938,571,"Participação dos impostos, líquidos de subsídios, sobre produtos a preços correntes nos impostos, líquidos de subsídios, sobre produtos a preços correntes da microrregião geográfica",%,2311405,Quixeramobim (CE),2023,...,
5938,571,"Participação dos impostos, líquidos de subsídios, sobre produtos a preços correntes nos impostos, líquidos de subsídios, sobre produtos a preços correntes da microrregião geográfica",%,2302800,Canindé (CE),2018,74.58,74.58
5938,571,"Participação dos impostos, líquidos de subsídios, sobre produtos a preços correntes nos impostos, líquidos de subsídios, sobre produtos a preços correntes da microrregião geográfica",%,2302800,Canindé (CE),2019,79.73,79.73
5938,571,"Participação dos impostos, líquidos de subsídios, sobre produtos a preços correntes nos impostos, líquidos de subsídios, sobre produtos a preços correntes da microrregião geográfica",%,2302800,Canindé (CE),2020,74.34,74.34
5938,571,"Participação dos impostos, líquidos de subsídios, sobre produtos a preços correntes nos impostos, líquidos de subsídios, sobre produtos a preços correntes da microrregião geográfica",%,2302800,Canindé (CE),2021,71.65,71.65
5938,571,"Participação dos impostos, líquidos de subsídios, sobre produtos a preços correntes nos impostos, líquidos de subsídios, sobre produtos a preços correntes da microrregião geográfica",%,2302800,Canindé (CE),2022,...,
5938,571,"Participação dos impostos, líquidos de subsídios, sobre produtos a preços correntes nos impostos, líquidos de subsídios, sobre produtos a preços correntes da microrregião geográfica",%,2302800,Canindé (CE),2023,...,
5938,571,"Participação dos impostos, líquidos de subsídios, sobre produtos a preços correntes nos impostos, líquidos de subsídios, sobre produtos a preços correntes da microrregião geográfica",%,2308609,Monsenhor Tabosa (CE),2018,5.46,5.46
5938,571,"Participação dos impostos, líquidos de subsídios, sobre produtos a preços correntes nos impostos, líquidos de subsídios, sobre produtos a preços correntes da microrregião geográfica",%,2308609,Monsenhor Tabosa (CE),2019,5.18,5.18
5938,571,"Participação dos impostos, líquidos de subsídios, sobre produtos a preços correntes nos impostos, líquidos de subsídios, sobre produtos a preços correntes da microrregião geográfica",%,2308609,Monsenhor Tabosa (CE),2020,5.43,5.43
5938,571,"Participação dos impostos, líquidos de subsídios, sobre produtos a preços correntes nos impostos, líquidos de subsídios, sobre produtos a preços correntes da microrregião geográfica",%,2308609,Monsenhor Tabosa (CE),2021,5.60,5.6
5938,571,"Participação dos impostos, líquidos de subsídios, sobre produtos a preços correntes nos impostos, líquidos de subsídios, sobre produtos a preços correntes da microrregião geográfica",%,2308609,Monsenhor Tabosa (CE),2022,...,
5938,571,"Participação dos impostos, líquidos de subsídios, sobre produtos a preços correntes nos impostos, líquidos de subsídios, sobre produtos a preços correntes da microrregião geográfica",%,2308609,Monsenhor Tabosa (CE),2023,...,
5938,571,"Participação dos impostos, líquidos de subsídios, sobre produtos a preços correntes nos impostos, líquidos de subsídios, sobre produtos a preços correntes da microrregião geográfica",%,2313203,Tamboril (CE),2018,6.90,6.9
5938,571,"Participação dos impostos, líquidos de subsídios, sobre produtos a preços correntes nos impostos, líquidos de subsídios, sobre produtos a preços correntes da microrregião geográfica",%,2313203,Tamboril (CE),2019,6.71,6.71
5938,571,"Participação dos impostos, líquidos de subsídios, sobre produtos a preços correntes nos impostos, líquidos de subsídios, sobre produtos a preços correntes da microrregião geográfica",%,2313203,Tamboril (CE),2020,6.69,6.69
5938,571,"Participação dos impostos, líquidos de subsídios, sobre produtos a preços correntes nos impostos, líquidos de subsídios, sobre produtos a preços correntes da microrregião geográfica",%,2313203,Tamboril (CE),2021,6.81,6.81
5938,571,"Participação dos impostos, líquidos de subsídios, sobre produtos a preços correntes nos impostos, líquidos de subsídios, sobre produtos a preços correntes da microrregião geográfica",%,2313203,Tamboril (CE),2022,...,
5938,571,"Participação dos impostos, líquidos de subsídios, sobre produtos a preços correntes nos impostos, líquidos de subsídios, sobre produtos a preços correntes da microrregião geográfica",%,2313203,Tamboril (CE),2023,...,
5938,571,"Participação dos impostos, líquidos de subsídios, sobre produtos a preços correntes nos impostos, líquidos de subsídios, sobre produtos a preços correntes da microrregião geográfica",%,2310506,Pedra Branca (CE),2018,13.10,13.1
5938,571,"Participação dos impostos, líquidos de subsídios, sobre produtos a preços correntes nos impostos, líquidos de subsídios, sobre produtos a preços correntes da microrregião geográfica",%,2310506,Pedra Branca (CE),2019,12.14,12.14
5938,571,"Participação dos impostos, líquidos de subsídios, sobre produtos a preços correntes nos impostos, líquidos de subsídios, sobre produtos a preços correntes da microrregião geográfica",%,2310506,Pedra Branca (CE),2020,13.03,13.03
5938,571,"Participação dos impostos, líquidos de subsídios, sobre produtos a preços correntes nos impostos, líquidos de subsídios, sobre produtos a preços correntes da microrregião geográfica",%,2310506,Pedra Branca (CE),2021,13.50,13.5
5938,571,"Participação dos impostos, líquidos de subsídios, sobre produtos a preços correntes nos impostos, líquidos de subsídios, sobre produtos a preços correntes da microrregião geográfica",%,2310506,Pedra Branca (CE),2022,...,
5938,571,"Participação dos impostos, líquidos de subsídios, sobre produtos a preços correntes nos impostos, líquidos de subsídios, sobre produtos a preços correntes da microrregião geográfica",%,2310506,Pedra Branca (CE),2023,...,
5938,570,"Participação dos impostos, líquidos de subsídios, sobre produtos a preços correntes nos impostos, líquidos de subsídios, sobre produtos a preços correntes da mesorregião geográfica",%,2302404,Boa Viagem (CE),2018,3.61,3.61
5938,570,"Participação dos impostos, líquidos de subsídios, sobre produtos a preços correntes nos impostos, líquidos de subsídios, sobre produtos a preços correntes da mesorregião geográfica",%,2302404,Boa Viagem (CE),2019,5.15,5.15
5938,570,"Participação dos impostos, líquidos de subsídios, sobre produtos a preços correntes nos impostos, líquidos de subsídios, sobre produtos a preços correntes da mesorregião geográfica",%,2302404,Boa Viagem (CE),2020,5.36,5.36
5938,570,"Participação dos impostos, líquidos de subsídios, sobre produtos a preços correntes nos impostos, líquidos de subsídios, sobre produtos a preços correntes da mesorregião geográfica",%,2302404,Boa Viagem (CE),2021,5.36,5.36
5938,570,"Participação dos impostos, líquidos de subsídios, sobre produtos a preços correntes nos impostos, líquidos de subsídios, sobre produtos a preços correntes da mesorregião geográfica",%,2302404,Boa Viagem (CE),2022,...,
5938,570,"Participação dos impostos, líquidos de subsídios, sobre produtos a preços correntes nos impostos, líquidos de subsídios, sobre produtos a preços correntes da mesorregião geográfica",%,2302404,Boa Viagem (CE),2023,...,
5938,570,"Participação dos impostos, líquidos de subsídios, sobre produtos a preços correntes nos impostos, líquidos de subsídios, sobre produtos a preços correntes da mesorregião geográfica",%,2307635,Madalena (CE),2018,0.98,0.98
5938,570,"Participação dos impostos, líquidos de subsídios, sobre produtos a preços correntes nos impostos, líquidos de subsídios, sobre produtos a preços correntes da mesorregião geográfica",%,2307635,Madalena (CE),2019,1.05,1.05
5938,570,"Participação dos impostos, líquidos de subsídios, sobre produtos a preços correntes nos impostos, líquidos de subsídios, sobre produtos a preços correntes da mesorregião geográfica",%,2307635,Madalena (CE),2020,1.34,1.34
5938,570,"Participação dos impostos, líquidos de subsídios, sobre produtos a preços correntes nos impostos, líquidos de subsídios, sobre produtos a preços correntes da mesorregião geográfica",%,2307635,Madalena (CE),2021,1.34,1.34
5938,570,"Participação dos impostos, líquidos de subsídios, sobre produtos a preços correntes nos impostos, líquidos de subsídios, sobre produtos a preços correntes da mesorregião geográfica",%,2307635,Madalena (CE),2022,...,
5938,570,"Participação dos impostos, líquidos de subsídios, sobre produtos a preços correntes nos impostos, líquidos de subsídios, sobre produtos a preços correntes da mesorregião geográfica",%,2307635,Madalena (CE),2023,...,
5938,570,"Participação dos impostos, líquidos de subsídios, sobre produtos a preços correntes nos impostos, líquidos de subsídios, sobre produtos a preços correntes da mesorregião geográfica",%,2311405,Quixeramobim (CE),2018,19.63,19.63
5938,570,"Participação dos impostos, líquidos de subsídios, sobre produtos a preços correntes nos impostos, líquidos de subsídios, sobre produtos a preços correntes da mesorregião geográfica",%,2311405,Quixeramobim (CE),2019,18.12,18.12
5938,570,"Participação dos impostos, líquidos de subsídios, sobre produtos a preços correntes nos impostos, líquidos de subsídios, sobre produtos a preços correntes da mesorregião geográfica",%,2311405,Quixeramobim (CE),2020,16.95,16.95
5938,570,"Participação dos impostos, líquidos de subsídios, sobre produtos a preços correntes nos impostos, líquidos de subsídios, sobre produtos a preços correntes da mesorregião geográfica",%,2311405,Quixeramobim (CE),2021,17.80,17.8
5938,570,"Participação dos impostos, líquidos de subsídios, sobre produtos a preços correntes nos impostos, líquidos de subsídios, sobre produtos a preços correntes da mesorregião geográfica",%,2311405,Quixeramobim (CE),2022,...,
5938,570,"Participação dos impostos, líquidos de subsídios, sobre produtos a preços correntes nos impostos, líquidos de subsídios, sobre produtos a preços correntes da mesorregião geográfica",%,2311405,Quixeramobim (CE),2023,...,
5938,570,"Participação dos impostos, líquidos de subsídios, sobre produtos a preços correntes nos impostos, líquidos de subsídios, sobre produtos a preços correntes da mesorregião geográfica",%,2302800,Canindé (CE),2018,2.50,2.5
5938,570,"Participação dos impostos, líquidos de subsídios, sobre produtos a preços correntes nos impostos, líquidos de subsídios, sobre produtos a preços correntes da mesorregião geográfica",%,2302800,Canindé (CE),2019,3.89,3.89
5938,570,"Participação dos impostos, líquidos de subsídios, sobre produtos a preços correntes nos impostos, líquidos de subsídios, sobre produtos a preços correntes da mesorregião geográfica",%,2302800,Canindé (CE),2020,3.78,3.78
5938,570,"Participação dos impostos, líquidos de subsídios, sobre produtos a preços correntes nos impostos, líquidos de subsídios, sobre produtos a preços correntes da mesorregião geográfica",%,2302800,Canindé (CE),2021,2.58,2.58
5938,570,"Participação dos impostos, líquidos de subsídios, sobre produtos a preços correntes nos impostos, líquidos de subsídios, sobre produtos a preços correntes da mesorregião geográfica",%,2302800,Canindé (CE),2022,...,
5938,570,"Participação dos impostos, líquidos de subsídios, sobre produtos a preços correntes nos impostos, líquidos de subsídios, sobre produtos a preços correntes da mesorregião geográfica",%,2302800,Canindé (CE),2023,...,
5938,570,"Participação dos impostos, líquidos de subsídios, sobre produtos a preços correntes nos impostos, líquidos de subsídios, sobre produtos a preços correntes da mesorregião geográfica",%,2308609,Monsenhor Tabosa (CE),2018,1.13,1.13
5938,570,"Participação dos impostos, líquidos de subsídios, sobre produtos a preços correntes nos impostos, líquidos de subsídios, sobre produtos a preços correntes da mesorregião geográfica",%,2308609,Monsenhor Tabosa (CE),2019,1.20,1.2
5938,570,"Participação dos impostos, líquidos de subsídios, sobre produtos a preços correntes nos impostos, líquidos de subsídios, sobre produtos a preços correntes da mesorregião geográfica",%,2308609,Monsenhor Tabosa (CE),2020,1.24,1.24
5938,570,"Participação dos impostos, líquidos de subsídios, sobre produtos a preços correntes nos impostos, líquidos de subsídios, sobre produtos a preços correntes da mesorregião geográfica",%,2308609,Monsenhor Tabosa (CE),2021,1.29,1.29
5938,570,"Participação dos impostos, líquidos de subsídios, sobre produtos a preços correntes nos impostos, líquidos de subsídios, sobre produtos a preços correntes da mesorregião geográfica",%,2308609,Monsenhor Tabosa (CE),2022,...,
5938,570,"Participação dos impostos, líquidos de subsídios, sobre produtos a preços correntes nos impostos, líquidos de subsídios, sobre produtos a preços correntes da mesorregião geográfica",%,2308609,Monsenhor Tabosa (CE),2023,...,
5938,570,"Participação dos impostos, líquidos de subsídios, sobre produtos a preços correntes nos impostos, líquidos de subsídios, sobre produtos a preços correntes da mesorregião geográfica",%,2313203,Tamboril (CE),2018,1.43,1.43
5938,570,"Participação dos impostos, líquidos de subsídios, sobre produtos a preços correntes nos impostos, líquidos de subsídios, sobre produtos a preços correntes da mesorregião geográfica",%,2313203,Tamboril (CE),2019,1.55,1.55
5938,570,"Participação dos impostos, líquidos de subsídios, sobre produtos a preços correntes nos impostos, líquidos de subsídios, sobre produtos a preços correntes da mesorregião geográfica",%,2313203,Tamboril (CE),2020,1.53,1.53
5938,570,"Participação dos impostos, líquidos de subsídios, sobre produtos a preços correntes nos impostos, líquidos de subsídios, sobre produtos a preços correntes da mesorregião geográfica",%,2313203,Tamboril (CE),2021,1.57,1.57
5938,570,"Participação dos impostos, líquidos de subsídios, sobre produtos a preços correntes nos impostos, líquidos de subsídios, sobre produtos a preços correntes da mesorregião geográfica",%,2313203,Tamboril (CE),2022,...,
5938,570,"Participação dos impostos, líquidos de subsídios, sobre produtos a preços correntes nos impostos, líquidos de subsídios, sobre produtos a preços correntes da mesorregião geográfica",%,2313203,Tamboril (CE),2023,...,
5938,570,"Participação dos impostos, líquidos de subsídios, sobre produtos a preços correntes nos impostos, líquidos de subsídios, sobre produtos a preços correntes da mesorregião geográfica",%,2310506,Pedra Branca (CE),2018,2.79,2.79
5938,570,"Participação dos impostos, líquidos de subsídios, sobre produtos a preços correntes nos impostos, líquidos de subsídios, sobre produtos a preços correntes da mesorregião geográfica",%,2310506,Pedra Branca (CE),2019,2.62,2.62
5938,570,"Participação dos impostos, líquidos de subsídios, sobre produtos a preços correntes nos impostos, líquidos de subsídios, sobre produtos a preços correntes da mesorregião geográfica",%,2310506,Pedra Branca (CE),2020,2.86,2.86
5938,570,"Participação dos impostos, líquidos de subsídios, sobre produtos a preços correntes nos impostos, líquidos de subsídios, sobre produtos a preços correntes da mesorregião geográfica",%,2310506,Pedra Branca (CE),2021,2.94,2.94
5938,570,"Participação dos impostos, líquidos de subsídios, sobre produtos a preços correntes nos impostos, líquidos de subsídios, sobre produtos a preços correntes da mesorregião geográfica",%,2310506,Pedra Branca (CE),2022,...,
5938,570,"Participação dos impostos, líquidos de subsídios, sobre produtos a preços correntes nos impostos, líquidos de subsídios, sobre produtos a preços correntes da mesorregião geográfica",%,2310506,Pedra Branca (CE),2023,...,
5938,545,"Participação dos impostos, líquidos de subsídios, sobre produtos a preços correntes nos impostos, líquidos de subsídios, sobre produtos a preços correntes da unidade da federação",%,2302404,Boa Viagem (CE),2018,0.10,0.1
5938,545,"Participação dos impostos, líquidos de subsídios, sobre produtos a preços correntes nos impostos, líquidos de subsídios, sobre produtos a preços correntes da unidade da federação",%,2302404,Boa Viagem (CE),2019,0.14,0.14
5938,545,"Participação dos impostos, líquidos de subsídios, sobre produtos a preços correntes nos impostos, líquidos de subsídios, sobre produtos a preços correntes da unidade da federação",%,2302404,Boa Viagem (CE),2020,0.14,0.14
5938,545,"Participação dos impostos, líquidos de subsídios, sobre produtos a preços correntes nos impostos, líquidos de subsídios, sobre produtos a preços correntes da unidade da federação",%,2302404,Boa Viagem (CE),2021,0.13,0.13
5938,545,"Participação dos impostos, líquidos de subsídios, sobre produtos a preços correntes nos impostos, líquidos de subsídios, sobre produtos a preços correntes da unidade da federação",%,2302404,Boa Viagem (CE),2022,...,
5938,545,"Participação dos impostos, líquidos de subsídios, sobre produtos a preços correntes nos impostos, líquidos de subsídios, sobre produtos a preços correntes da unidade da federação",%,2302404,Boa Viagem (CE),2023,...,
5938,545,"Participação dos impostos, líquidos de subsídios, sobre produtos a preços correntes nos impostos, líquidos de subsídios, sobre produtos a preços correntes da unidade da federação",%,2307635,Madalena (CE),2018,0.03,0.03
5938,545,"Participação dos impostos, líquidos de subsídios, sobre produtos a preços correntes nos impostos, líquidos de subsídios, sobre produtos a preços correntes da unidade da federação",%,2307635,Madalena (CE),2019,0.03,0.03
5938,545,"Participação dos impostos, líquidos de subsídios, sobre produtos a preços correntes nos impostos, líquidos de subsídios, sobre produtos a preços correntes da unidade da federação",%,2307635,Madalena (CE),2020,0.04,0.04
5938,545,"Participação dos impostos, líquidos de subsídios, sobre produtos a preços correntes nos impostos, líquidos de subsídios, sobre produtos a preços correntes da unidade da federação",%,2307635,Madalena (CE),2021,0.03,0.03
5938,545,"Participação dos impostos, líquidos de subsídios, sobre produtos a preços correntes nos impostos, líquidos de subsídios, sobre produtos a preços correntes da unidade da federação",%,2307635,Madalena (CE),2022,...,
5938,545,"Participação dos impostos, líquidos de subsídios, sobre produtos a preços correntes nos impostos, líquidos de subsídios, sobre produtos a preços correntes da unidade da federação",%,2307635,Madalena (CE),2023,...,
5938,545,"Participação dos impostos, líquidos de subsídios, sobre produtos a preços correntes nos impostos, líquidos de subsídios, sobre produtos a preços correntes da unidade da federação",%,2311405,Quixeramobim (CE),2018,0.52,0.52
5938,545,"Participação dos impostos, líquidos de subsídios, sobre produtos a preços correntes nos impostos, líquidos de subsídios, sobre produtos a preços correntes da unidade da federação",%,2311405,Quixeramobim (CE),2019,0.51,0.51
5938,545,"Participação dos impostos, líquidos de subsídios, sobre produtos a preços correntes nos impostos, líquidos de subsídios, sobre produtos a preços correntes da unidade da federação",%,2311405,Quixeramobim (CE),2020,0.46,0.46
5938,545,"Participação dos impostos, líquidos de subsídios, sobre produtos a preços correntes nos impostos, líquidos de subsídios, sobre produtos a preços correntes da unidade da federação",%,2311405,Quixeramobim (CE),2021,0.44,0.44
5938,545,"Participação dos impostos, líquidos de subsídios, sobre produtos a preços correntes nos impostos, líquidos de subsídios, sobre produtos a preços correntes da unidade da federação",%,2311405,Quixeramobim (CE),2022,...,
5938,545,"Participação dos impostos, líquidos de subsídios, sobre produtos a preços correntes nos impostos, líquidos de subsídios, sobre produtos a preços correntes da unidade da federação",%,2311405,Quixeramobim (CE),2023,...,
5938,545,"Participação dos impostos, líquidos de subsídios, sobre produtos a preços correntes nos impostos, líquidos de subsídios, sobre produtos a preços correntes da unidade da federação",%,2302800,Canindé (CE),2018,0.19,0.19
5938,545,"Participação dos impostos, líquidos de subsídios, sobre produtos a preços correntes nos impostos, líquidos de subsídios, sobre produtos a preços correntes da unidade da federação",%,2302800,Canindé (CE),2019,0.29,0.29
5938,545,"Participação dos impostos, líquidos de subsídios, sobre produtos a preços correntes nos impostos, líquidos de subsídios, sobre produtos a preços correntes da unidade da federação",%,2302800,Canindé (CE),2020,0.28,0.28
5938,545,"Participação dos impostos, líquidos de subsídios, sobre produtos a preços correntes nos impostos, líquidos de subsídios, sobre produtos a preços correntes da unidade da federação",%,2302800,Canindé (CE),2021,0.23,0.23
5938,545,"Participação dos impostos, líquidos de subsídios, sobre produtos a preços correntes nos impostos, líquidos de subsídios, sobre produtos a preços correntes da unidade da federação",%,2302800,Canindé (CE),2022,...,
5938,545,"Participação dos impostos, líquidos de subsídios, sobre produtos a preços correntes nos impostos, líquidos de subsídios, sobre produtos a preços correntes da unidade da federação",%,2302800,Canindé (CE),2023,...,
5938,545,"Participação dos impostos, líquidos de subsídios, sobre produtos a preços correntes nos impostos, líquidos de subsídios, sobre produtos a preços correntes da unidade da federação",%,2308609,Monsenhor Tabosa (CE),2018,0.03,0.03
5938,545,"Participação dos impostos, líquidos de subsídios, sobre produtos a preços correntes nos impostos, líquidos de subsídios, sobre produtos a preços correntes da unidade da federação",%,2308609,Monsenhor Tabosa (CE),2019,0.03,0.03
5938,545,"Participação dos impostos, líquidos de subsídios, sobre produtos a preços correntes nos impostos, líquidos de subsídios, sobre produtos a preços correntes da unidade da federação",%,2308609,Monsenhor Tabosa (CE),2020,0.03,0.03
5938,545,"Participação dos impostos, líquidos de subsídios, sobre produtos a preços correntes nos impostos, líquidos de subsídios, sobre produtos a preços correntes da unidade da federação",%,2308609,Monsenhor Tabosa (CE),2021,0.03,0.03
5938,545,"Participação dos impostos, líquidos de subsídios, sobre produtos a preços correntes nos impostos, líquidos de subsídios, sobre produtos a preços correntes da unidade da federação",%,2308609,Monsenhor Tabosa (CE),2022,...,
5938,545,"Participação dos impostos, líquidos de subsídios, sobre produtos a preços correntes nos impostos, líquidos de subsídios, sobre produtos a preços correntes da unidade da federação",%,2308609,Monsenhor Tabosa (CE),2023,...,
5938,545,"Participação dos impostos, líquidos de subsídios, sobre produtos a preços correntes nos impostos, líquidos de subsídios, sobre produtos a preços correntes da unidade da federação",%,2313203,Tamboril (CE),2018,0.04,0.04
5938,545,"Participação dos impostos, líquidos de subsídios, sobre produtos a preços correntes nos impostos, líquidos de subsídios, sobre produtos a preços correntes da unidade da federação",%,2313203,Tamboril (CE),2019,0.04,0.04
5938,545,"Participação dos impostos, líquidos de subsídios, sobre produtos a preços correntes nos impostos, líquidos de subsídios, sobre produtos a preços correntes da unidade da federação",%,2313203,Tamboril (CE),2020,0.04,0.04
5938,545,"Participação dos impostos, líquidos de subsídios, sobre produtos a preços correntes nos impostos, líquidos de subsídios, sobre produtos a preços correntes da unidade da federação",%,2313203,Tamboril (CE),2021,0.04,0.04
5938,545,"Participação dos impostos, líquidos de subsídios, sobre produtos a preços correntes nos impostos, líquidos de subsídios, sobre produtos a preços correntes da unidade da federação",%,2313203,Tamboril (CE),2022,...,
5938,545,"Participação dos impostos, líquidos de subsídios, sobre produtos a preços correntes nos impostos, líquidos de subsídios, sobre produtos a preços correntes da unidade da federação",%,2313203,Tamboril (CE),2023,...,
5938,545,"Participação dos impostos, líquidos de subsídios, sobre produtos a preços correntes nos impostos, líquidos de subsídios, sobre produtos a preços correntes da unidade da federação",%,2310506,Pedra Branca (CE),2018,0.07,0.07
5938,545,"Participação dos impostos, líquidos de subsídios, sobre produtos a preços correntes nos impostos, líquidos de subsídios, sobre produtos a preços correntes da unidade da federação",%,2310506,Pedra Branca (CE),2019,0.07,0.07
5938,545,"Participação dos impostos, líquidos de subsídios, sobre produtos a preços correntes nos impostos, líquidos de subsídios, sobre produtos a preços correntes da unidade da federação",%,2310506,Pedra Branca (CE),2020,0.08,0.08
5938,545,"Participação dos impostos, líquidos de subsídios, sobre produtos a preços correntes nos impostos, líquidos de subsídios, sobre produtos a preços correntes da unidade da federação",%,2310506,Pedra Branca (CE),2021,0.07,0.07
5938,545,"Participação dos impostos, líquidos de subsídios, sobre produtos a preços correntes nos impostos, líquidos de subsídios, sobre produtos a preços correntes da unidade da federação",%,2310506,Pedra Branca (CE),2022,...,
5938,545,"Participação dos impostos, líquidos de subsídios, sobre produtos a preços correntes nos impostos, líquidos de subsídios, sobre produtos a preços correntes da unidade da federação",%,2310506,Pedra Branca (CE),2023,...,
5938,551,"Participação dos impostos, líquidos de subsídios, sobre produtos a preços correntes nos impostos, líquidos de subsídios, sobre produtos a preços correntes da grande região",%,2302404,Boa Viagem (CE),2018,0.01,0.01
5938,551,"Participação dos impostos, líquidos de subsídios, sobre produtos a preços correntes nos impostos, líquidos de subsídios, sobre produtos a preços correntes da grande região",%,2302404,Boa Viagem (CE),2019,0.02,0.02
5938,551,"Participação dos impostos, líquidos de subsídios, sobre produtos a preços correntes nos impostos, líquidos de subsídios, sobre produtos a preços correntes da grande região",%,2302404,Boa Viagem (CE),2020,0.02,0.02
5938,551,"Participação dos impostos, líquidos de subsídios, sobre produtos a preços correntes nos impostos, líquidos de subsídios, sobre produtos a preços correntes da grande região",%,2302404,Boa Viagem (CE),2021,0.02,0.02
5938,551,"Participação dos impostos, líquidos de subsídios, sobre produtos a preços correntes nos impostos, líquidos de subsídios, sobre produtos a preços correntes da grande região",%,2302404,Boa Viagem (CE),2022,...,
5938,551,"Participação dos impostos, líquidos de subsídios, sobre produtos a preços correntes nos impostos, líquidos de subsídios, sobre produtos a preços correntes da grande região",%,2302404,Boa Viagem (CE),2023,...,
5938,551,"Participação dos impostos, líquidos de subsídios, sobre produtos a preços correntes nos impostos, líquidos de subsídios, sobre produtos a preços correntes da grande região",%,2307635,Madalena (CE),2018,0.00,0.0
5938,551,"Participação dos impostos, líquidos de subsídios, sobre produtos a preços correntes nos impostos, líquidos de subsídios, sobre produtos a preços correntes da grande região",%,2307635,Madalena (CE),2019,0.00,0.0
5938,551,"Participação dos impostos, líquidos de subsídios, sobre produtos a preços correntes nos impostos, líquidos de subsídios, sobre produtos a preços correntes da grande região",%,2307635,Madalena (CE),2020,0.01,0.01
5938,551,"Participação dos impostos, líquidos de subsídios, sobre produtos a preços correntes nos impostos, líquidos de subsídios, sobre produtos a preços correntes da grande região",%,2307635,Madalena (CE),2021,0.01,0.01
5938,551,"Participação dos impostos, líquidos de subsídios, sobre produtos a preços correntes nos impostos, líquidos de subsídios, sobre produtos a preços correntes da grande região",%,2307635,Madalena (CE),2022,...,
5938,551,"Participação dos impostos, líquidos de subsídios, sobre produtos a preços correntes nos impostos, líquidos de subsídios, sobre produtos a preços correntes da grande região",%,2307635,Madalena (CE),2023,...,
5938,551,"Participação dos impostos, líquidos de subsídios, sobre produtos a preços correntes nos impostos, líquidos de subsídios, sobre produtos a preços correntes da grande região",%,2311405,Quixeramobim (CE),2018,0.08,0.08
5938,551,"Participação dos impostos, líquidos de subsídios, sobre produtos a preços correntes nos impostos, líquidos de subsídios, sobre produtos a preços correntes da grande região",%,2311405,Quixeramobim (CE),2019,0.08,0.08
5938,551,"Participação dos impostos, líquidos de subsídios, sobre produtos a preços correntes nos impostos, líquidos de subsídios, sobre produtos a preços correntes da grande região",%,2311405,Quixeramobim (CE),2020,0.07,0.07
5938,551,"Participação dos impostos, líquidos de subsídios, sobre produtos a preços correntes nos impostos, líquidos de subsídios, sobre produtos a preços correntes da grande região",%,2311405,Quixeramobim (CE),2021,0.08,0.08
5938,551,"Participação dos impostos, líquidos de subsídios, sobre produtos a preços correntes nos impostos, líquidos de subsídios, sobre produtos a preços correntes da grande região",%,2311405,Quixeramobim (CE),2022,...,
5938,551,"Participação dos impostos, líquidos de subsídios, sobre produtos a preços correntes nos impostos, líquidos de subsídios, sobre produtos a preços correntes da grande região",%,2311405,Quixeramobim (CE),2023,...,
5938,551,"Participação dos impostos, líquidos de subsídios, sobre produtos a preços correntes nos impostos, líquidos de subsídios, sobre produtos a preços correntes da grande região",%,2302800,Canindé (CE),2018,0.03,0.03
5938,551,"Participação dos impostos, líquidos de subsídios, sobre produtos a preços correntes nos impostos, líquidos de subsídios, sobre produtos a preços correntes da grande região",%,2302800,Canindé (CE),2019,0.05,0.05
5938,551,"Participação dos impostos, líquidos de subsídios, sobre produtos a preços correntes nos impostos, líquidos de subsídios, sobre produtos a preços correntes da grande região",%,2302800,Canindé (CE),2020,0.04,0.04
5938,551,"Participação dos impostos, líquidos de subsídios, sobre produtos a preços correntes nos impostos, líquidos de subsídios, sobre produtos a preços correntes da grande região",%,2302800,Canindé (CE),2021,0.04,0.04
5938,551,"Participação dos impostos, líquidos de subsídios, sobre produtos a preços correntes nos impostos, líquidos de subsídios, sobre produtos a preços correntes da grande região",%,2302800,Canindé (CE),2022,...,
5938,551,"Participação dos impostos, líquidos de subsídios, sobre produtos a preços correntes nos impostos, líquidos de subsídios, sobre produtos a preços correntes da grande região",%,2302800,Canindé (CE),2023,...,
5938,551,"Participação dos impostos, líquidos de subsídios, sobre produtos a preços correntes nos impostos, líquidos de subsídios, sobre produtos a preços correntes da grande região",%,2308609,Monsenhor Tabosa (CE),2018,0.00,0.0
5938,551,"Participação dos impostos, líquidos de subsídios, sobre produtos a preços correntes nos impostos, líquidos de subsídios, sobre produtos a preços correntes da grande região",%,2308609,Monsenhor Tabosa (CE),2019,0.01,0.01
5938,551,"Participação dos impostos, líquidos de subsídios, sobre produtos a preços correntes nos impostos, líquidos de subsídios, sobre produtos a preços correntes da grande região",%,2308609,Monsenhor Tabosa (CE),2020,0.01,0.01
5938,551,"Participação dos impostos, líquidos de subsídios, sobre produtos a preços correntes nos impostos, líquidos de subsídios, sobre produtos a preços correntes da grande região",%,2308609,Monsenhor Tabosa (CE),2021,0.01,0.01
5938,551,"Participação dos impostos, líquidos de subsídios, sobre produtos a preços correntes nos impostos, líquidos de subsídios, sobre produtos a preços correntes da grande região",%,2308609,Monsenhor Tabosa (CE),2022,...,
5938,551,"Participação dos impostos, líquidos de subsídios, sobre produtos a preços correntes nos impostos, líquidos de subsídios, sobre produtos a preços correntes da grande região",%,2308609,Monsenhor Tabosa (CE),2023,...,
5938,551,"Participação dos impostos, líquidos de subsídios, sobre produtos a preços correntes nos impostos, líquidos de subsídios, sobre produtos a preços correntes da grande região",%,2313203,Tamboril (CE),2018,0.01,0.01
5938,551,"Participação dos impostos, líquidos de subsídios, sobre produtos a preços correntes nos impostos, líquidos de subsídios, sobre produtos a preços correntes da grande região",%,2313203,Tamboril (CE),2019,0.01,0.01
5938,551,"Participação dos impostos, líquidos de subsídios, sobre produtos a preços correntes nos impostos, líquidos de subsídios, sobre produtos a preços correntes da grande região",%,2313203,Tamboril (CE),2020,0.01,0.01
5938,551,"Participação dos impostos, líquidos de subsídios, sobre produtos a preços correntes nos impostos, líquidos de subsídios, sobre produtos a preços correntes da grande região",%,2313203,Tamboril (CE),2021,0.01,0.01
5938,551,"Participação dos impostos, líquidos de subsídios, sobre produtos a preços correntes nos impostos, líquidos de subsídios, sobre produtos a preços correntes da grande região",%,2313203,Tamboril (CE),2022,...,
5938,551,"Participação dos impostos, líquidos de subsídios, sobre produtos a preços correntes nos impostos, líquidos de subsídios, sobre produtos a preços correntes da grande região",%,2313203,Tamboril (CE),2023,...,
5938,551,"Participação dos impostos, líquidos de subsídios, sobre produtos a preços correntes nos impostos, líquidos de subsídios, sobre produtos a preços correntes da grande região",%,2310506,Pedra Branca (CE),2018,0.01,0.01
5938,551,"Participação dos impostos, líquidos de subsídios, sobre produtos a preços correntes nos impostos, líquidos de subsídios, sobre produtos a preços correntes da grande região",%,2310506,Pedra Branca (CE),2019,0.01,0.01
5938,551,"Participação dos impostos, líquidos de subsídios, sobre produtos a preços correntes nos impostos, líquidos de subsídios, sobre produtos a preços correntes da grande região",%,2310506,Pedra Branca (CE),2020,0.01,0.01
5938,551,"Participação dos impostos, líquidos de subsídios, sobre produtos a preços correntes nos impostos, líquidos de subsídios, sobre produtos a preços correntes da grande região",%,2310506,Pedra Branca (CE),2021,0.01,0.01
5938,551,"Participação dos impostos, líquidos de subsídios, sobre produtos a preços correntes nos impostos, líquidos de subsídios, sobre produtos a preços correntes da grande região",%,2310506,Pedra Branca (CE),2022,...,
5938,551,"Participação dos impostos, líquidos de subsídios, sobre produtos a preços correntes nos impostos, líquidos de subsídios, sobre produtos a preços correntes da grande região",%,2310506,Pedra Branca (CE),2023,...,
5938,544,"Participação dos impostos, líquidos de subsídios, sobre produtos a preços correntes nos impostos, líquidos de subsídios, sobre produtos a preços correntes do Brasil",%,2302404,Boa Viagem (CE),2018,0.00,0.0
5938,544,"Participação dos impostos, líquidos de subsídios, sobre produtos a preços correntes nos impostos, líquidos de subsídios, sobre produtos a preços correntes do Brasil",%,2302404,Boa Viagem (CE),2019,0.00,0.0
5938,544,"Participação dos impostos, líquidos de subsídios, sobre produtos a preços correntes nos impostos, líquidos de subsídios, sobre produtos a preços correntes do Brasil",%,2302404,Boa Viagem (CE),2020,0.00,0.0
5938,544,"Participação dos impostos, líquidos de subsídios, sobre produtos a preços correntes nos impostos, líquidos de subsídios, sobre produtos a preços correntes do Brasil",%,2302404,Boa Viagem (CE),2021,0.00,0.0
5938,544,"Participação dos impostos, líquidos de subsídios, sobre produtos a preços correntes nos impostos, líquidos de subsídios, sobre produtos a preços correntes do Brasil",%,2302404,Boa Viagem (CE),2022,...,
5938,544,"Participação dos impostos, líquidos de subsídios, sobre produtos a preços correntes nos impostos, líquidos de subsídios, sobre produtos a preços correntes do Brasil",%,2302404,Boa Viagem (CE),2023,...,
5938,544,"Participação dos impostos, líquidos de subsídios, sobre produtos a preços correntes nos impostos, líquidos de subsídios, sobre produtos a preços correntes do Brasil",%,2307635,Madalena (CE),2018,0.00,0.0
5938,544,"Participação dos impostos, líquidos de subsídios, sobre produtos a preços correntes nos impostos, líquidos de subsídios, sobre produtos a preços correntes do Brasil",%,2307635,Madalena (CE),2019,0.00,0.0
5938,544,"Participação dos impostos, líquidos de subsídios, sobre produtos a preços correntes nos impostos, líquidos de subsídios, sobre produtos a preços correntes do Brasil",%,2307635,Madalena (CE),2020,0.00,0.0
5938,544,"Participação dos impostos, líquidos de subsídios, sobre produtos a preços correntes nos impostos, líquidos de subsídios, sobre produtos a preços correntes do Brasil",%,2307635,Madalena (CE),2021,0.00,0.0
5938,544,"Participação dos impostos, líquidos de subsídios, sobre produtos a preços correntes nos impostos, líquidos de subsídios, sobre produtos a preços correntes do Brasil",%,2307635,Madalena (CE),2022,...,
5938,544,"Participação dos impostos, líquidos de subsídios, sobre produtos a preços correntes nos impostos, líquidos de subsídios, sobre produtos a preços correntes do Brasil",%,2307635,Madalena (CE),2023,...,
5938,544,"Participação dos impostos, líquidos de subsídios, sobre produtos a preços correntes nos impostos, líquidos de subsídios, sobre produtos a preços correntes do Brasil",%,2311405,Quixeramobim (CE),2018,0.01,0.01
5938,544,"Participação dos impostos, líquidos de subsídios, sobre produtos a preços correntes nos impostos, líquidos de subsídios, sobre produtos a preços correntes do Brasil",%,2311405,Quixeramobim (CE),2019,0.01,0.01
5938,544,"Participação dos impostos, líquidos de subsídios, sobre produtos a preços correntes nos impostos, líquidos de subsídios, sobre produtos a preços correntes do Brasil",%,2311405,Quixeramobim (CE),2020,0.01,0.01
5938,544,"Participação dos impostos, líquidos de subsídios, sobre produtos a preços correntes nos impostos, líquidos de subsídios, sobre produtos a preços correntes do Brasil",%,2311405,Quixeramobim (CE),2021,0.01,0.01
5938,544,"Participação dos impostos, líquidos de subsídios, sobre produtos a preços correntes nos impostos, líquidos de subsídios, sobre produtos a preços correntes do Brasil",%,2311405,Quixeramobim (CE),2022,...,
5938,544,"Participação dos impostos, líquidos de subsídios, sobre produtos a preços correntes nos impostos, líquidos de subsídios, sobre produtos a preços correntes do Brasil",%,2311405,Quixeramobim (CE),2023,...,
5938,544,"Participação dos impostos, líquidos de subsídios, sobre produtos a preços correntes nos impostos, líquidos de subsídios, sobre produtos a preços correntes do Brasil",%,2302800,Canindé (CE),2018,0.00,0.0
5938,544,"Participação dos impostos, líquidos de subsídios, sobre produtos a preços correntes nos impostos, líquidos de subsídios, sobre produtos a preços correntes do Brasil",%,2302800,Canindé (CE),2019,0.01,0.01
5938,544,"Participação dos impostos, líquidos de subsídios, sobre produtos a preços correntes nos impostos, líquidos de subsídios, sobre produtos a preços correntes do Brasil",%,2302800,Canindé (CE),2020,0.01,0.01
5938,544,"Participação dos impostos, líquidos de subsídios, sobre produtos a preços correntes nos impostos, líquidos de subsídios, sobre produtos a preços correntes do Brasil",%,2302800,Canindé (CE),2021,0.01,0.01
5938,544,"Participação dos impostos, líquidos de subsídios, sobre produtos a preços correntes nos impostos, líquidos de subsídios, sobre produtos a preços correntes do Brasil",%,2302800,Canindé (CE),2022,...,
5938,544,"Participação dos impostos, líquidos de subsídios, sobre produtos a preços correntes nos impostos, líquidos de subsídios, sobre produtos a preços correntes do Brasil",%,2302800,Canindé (CE),2023,...,
5938,544,"Participação dos impostos, líquidos de subsídios, sobre produtos a preços correntes nos impostos, líquidos de subsídios, sobre produtos a preços correntes do Brasil",%,2308609,Monsenhor Tabosa (CE),2018,0.00,0.0
5938,544,"Participação dos impostos, líquidos de subsídios, sobre produtos a preços correntes nos impostos, líquidos de subsídios, sobre produtos a preços correntes do Brasil",%,2308609,Monsenhor Tabosa (CE),2019,0.00,0.0
5938,544,"Participação dos impostos, líquidos de subsídios, sobre produtos a preços correntes nos impostos, líquidos de subsídios, sobre produtos a preços correntes do Brasil",%,2308609,Monsenhor Tabosa (CE),2020,0.00,0.0
5938,544,"Participação dos impostos, líquidos de subsídios, sobre produtos a preços correntes nos impostos, líquidos de subsídios, sobre produtos a preços correntes do Brasil",%,2308609,Monsenhor Tabosa (CE),2021,0.00,0.0
5938,544,"Participação dos impostos, líquidos de subsídios, sobre produtos a preços correntes nos impostos, líquidos de subsídios, sobre produtos a preços correntes do Brasil",%,2308609,Monsenhor Tabosa (CE),2022,...,
5938,544,"Participação dos impostos, líquidos de subsídios, sobre produtos a preços correntes nos impostos, líquidos de subsídios, sobre produtos a preços correntes do Brasil",%,2308609,Monsenhor Tabosa (CE),2023,...,
5938,544,"Participação dos impostos, líquidos de subsídios, sobre produtos a preços correntes nos impostos, líquidos de subsídios, sobre produtos a preços correntes do Brasil",%,2313203,Tamboril (CE),2018,0.00,0.0
5938,544,"Participação dos impostos, líquidos de subsídios, sobre produtos a preços correntes nos impostos, líquidos de subsídios, sobre produtos a preços correntes do Brasil",%,2313203,Tamboril (CE),2019,0.00,0.0
5938,544,"Participação dos impostos, líquidos de subsídios, sobre produtos a preços correntes nos impostos, líquidos de subsídios, sobre produtos a preços correntes do Brasil",%,2313203,Tamboril (CE),2020,0.00,0.0
5938,544,"Participação dos impostos, líquidos de subsídios, sobre produtos a preços correntes nos impostos, líquidos de subsídios, sobre produtos a preços correntes do Brasil",%,2313203,Tamboril (CE),2021,0.00,0.0
5938,544,"Participação dos impostos, líquidos de subsídios, sobre produtos a preços correntes nos impostos, líquidos de subsídios, sobre produtos a preços correntes do Brasil",%,2313203,Tamboril (CE),2022,...,
5938,544,"Participação dos impostos, líquidos de subsídios, sobre produtos a preços correntes nos impostos, líquidos de subsídios, sobre produtos a preços correntes do Brasil",%,2313203,Tamboril (CE),2023,...,
5938,544,"Participação dos impostos, líquidos de subsídios, sobre produtos a preços correntes nos impostos, líquidos de subsídios, sobre produtos a preços correntes do Brasil",%,2310506,Pedra Branca (CE),2018,0.00,0.0
5938,544,"Participação dos impostos, líquidos de subsídios, sobre produtos a preços correntes nos impostos, líquidos de subsídios, sobre produtos a preços correntes do Brasil",%,2310506,Pedra Branca (CE),2019,0.00,0.0
5938,544,"Participação dos impostos, líquidos de subsídios, sobre produtos a preços correntes nos impostos, líquidos de subsídios, sobre produtos a preços correntes do Brasil",%,2310506,Pedra Branca (CE),2020,0.00,0.0
5938,544,"Participação dos impostos, líquidos de subsídios, sobre produtos a preços correntes nos impostos, líquidos de subsídios, sobre produtos a preços correntes do Brasil",%,2310506,Pedra Branca (CE),2021,0.00,0.0
5938,544,"Participação dos impostos, líquidos de subsídios, sobre produtos a preços correntes nos impostos, líquidos de subsídios, sobre produtos a preços correntes do Brasil",%,2310506,Pedra Branca (CE),2022,...,
5938,544,"Participação dos impostos, líquidos de subsídios, sobre produtos a preços correntes nos impostos, líquidos de subsídios, sobre produtos a preços correntes do Brasil",%,2310506,Pedra Branca (CE),2023,...,
5938,498,Valor adicionado bruto a preços correntes total,Mil Reais,2302404,Boa Viagem (CE),2018,377723,377723.0
5938,498,Valor adicionado bruto a preços correntes total,Mil Reais,2302404,Boa Viagem (CE),2019,440223,440223.0
5938,498,Valor adicionado bruto a preços correntes total,Mil Reais,2302404,Boa Viagem (CE),2020,478219,478219.0
5938,498,Valor adicionado bruto a preços correntes total,Mil Reais,2302404,Boa Viagem (CE),2021,502461,502461.0
5938,498,Valor adicionado bruto a preços correntes total,Mil Reais,2302404,Boa Viagem (CE),2022,...,
5938,498,Valor adicionado bruto a preços correntes total,Mil Reais,2302404,Boa Viagem (CE),2023,...,
5938,498,Valor adicionado bruto a preços correntes total,Mil Reais,2307635,Madalena (CE),2018,126586,126586.0
5938,498,Valor adicionado bruto a preços correntes total,Mil Reais,2307635,Madalena (CE),2019,135407,135407.0
5938,498,Valor adicionado bruto a preços correntes total,Mil Reais,2307635,Madalena (CE),2020,154107,154107.0
5938,498,Valor adicionado bruto a preços correntes total,Mil Reais,2307635,Madalena (CE),2021,165666,165666.0
5938,498,Valor adicionado bruto a preços correntes total,Mil Reais,2307635,Madalena (CE),2022,...,
5938,498,Valor adicionado bruto a preços correntes total,Mil Reais,2307635,Madalena (CE),2023,...,
5938,498,Valor adicionado bruto a preços correntes total,Mil Reais,2311405,Quixeramobim (CE),2018,974461,974461.0
5938,498,Valor adicionado bruto a preços correntes total,Mil Reais,2311405,Quixeramobim (CE),2019,1125710,1125710.0
5938,498,Valor adicionado bruto a preços correntes total,Mil Reais,2311405,Quixeramobim (CE),2020,1090648,1090648.0
5938,498,Valor adicionado bruto a preços correntes total,Mil Reais,2311405,Quixeramobim (CE),2021,1280342,1280342.0
5938,498,Valor adicionado bruto a preços correntes total,Mil Reais,2311405,Quixeramobim (CE),2022,...,
5938,498,Valor adicionado bruto a preços correntes total,Mil Reais,2311405,Quixeramobim (CE),2023,...,
5938,498,Valor adicionado bruto a preços correntes total,Mil Reais,2302800,Canindé (CE),2018,619987,619987.0
5938,498,Valor adicionado bruto a preços correntes total,Mil Reais,2302800,Canindé (CE),2019,829939,829939.0
5938,498,Valor adicionado bruto a preços correntes total,Mil Reais,2302800,Canindé (CE),2020,825122,825122.0
5938,498,Valor adicionado bruto a preços correntes total,Mil Reais,2302800,Canindé (CE),2021,846383,846383.0
5938,498,Valor adicionado bruto a preços correntes total,Mil Reais,2302800,Canindé (CE),2022,...,
5938,498,Valor adicionado bruto a preços correntes total,Mil Reais,2302800,Canindé (CE),2023,...,
5938,498,Valor adicionado bruto a preços correntes total,Mil Reais,2308609,Monsenhor Tabosa (CE),2018,125037,125037.0
5938,498,Valor adicionado bruto a preços correntes total,Mil Reais,2308609,Monsenhor Tabosa (CE),2019,134331,134331.0
5938,498,Valor adicionado bruto a preços correntes total,Mil Reais,2308609,Monsenhor Tabosa (CE),2020,142200,142200.0
5938,498,Valor adicionado bruto a preços correntes total,Mil Reais,2308609,Monsenhor Tabosa (CE),2021,151854,151854.0
5938,498,Valor adicionado bruto a preços correntes total,Mil Reais,2308609,Monsenhor Tabosa (CE),2022,...,
5938,498,Valor adicionado bruto a preços correntes total,Mil Reais,2308609,Monsenhor Tabosa (CE),2023,...,
5938,498,Valor adicionado bruto a preços correntes total,Mil Reais,2313203,Tamboril (CE),2018,204630,204630.0
5938,498,Valor adicionado bruto a preços correntes total,Mil Reais,2313203,Tamboril (CE),2019,230978,230978.0
5938,498,Valor adicionado bruto a preços correntes total,Mil Reais,2313203,Tamboril (CE),2020,252681,252681.0
5938,498,Valor adicionado bruto a preços correntes total,Mil Reais,2313203,Tamboril (CE),2021,271489,271489.0
5938,498,Valor adicionado bruto a preços correntes total,Mil Reais,2313203,Tamboril (CE),2022,...,
5938,498,Valor adicionado bruto a preços correntes total,Mil Reais,2313203,Tamboril (CE),2023,...,
5938,498,Valor adicionado bruto a preços correntes total,Mil Reais,2310506,Pedra Branca (CE),2018,286284,286284.0
5938,498,Valor adicionado bruto a preços correntes total,Mil Reais,2310506,Pedra Branca (CE),2019,317991,317991.0
5938,498,Valor adicionado bruto a preços correntes total,Mil Reais,2310506,Pedra Branca (CE),2020,362232,362232.0
5938,498,Valor adicionado bruto a preços correntes total,Mil Reais,2310506,Pedra Branca (CE),2021,369751,369751.0
5938,498,Valor adicionado bruto a preços correntes total,Mil Reais,2310506,Pedra Branca (CE),2022,...,
5938,498,Valor adicionado bruto a preços correntes total,Mil Reais,2310506,Pedra Branca (CE),2023,...,
5938,555,Participação do valor adicionado bruto a preços correntes total no valor adicionado bruto a preços correntes total da microrregião geográfica,%,2302404,Boa Viagem (CE),2018,13.66,13.66
5938,555,Participação do valor adicionado bruto a preços correntes total no valor adicionado bruto a preços correntes total da microrregião geográfica,%,2302404,Boa Viagem (CE),2019,14.54,14.54
5938,555,Participação do valor adicionado bruto a preços correntes total no valor adicionado bruto a preços correntes total da microrregião geográfica,%,2302404,Boa Viagem (CE),2020,15.01,15.01
5938,555,Participação do valor adicionado bruto a preços correntes total no valor adicionado bruto a preços correntes total da microrregião geográfica,%,2302404,Boa Viagem (CE),2021,14.32,14.32
5938,555,Participação do valor adicionado bruto a preços correntes total no valor adicionado bruto a preços correntes total da microrregião geográfica,%,2302404,Boa Viagem (CE),2022,...,
5938,555,Participação do valor adicionado bruto a preços correntes total no valor adicionado bruto a preços correntes total da microrregião geográfica,%,2302404,Boa Viagem (CE),2023,...,
5938,555,Participação do valor adicionado bruto a preços correntes total no valor adicionado bruto a preços correntes total da microrregião geográfica,%,2307635,Madalena (CE),2018,4.58,4.58
5938,555,Participação do valor adicionado bruto a preços correntes total no valor adicionado bruto a preços correntes total da microrregião geográfica,%,2307635,Madalena (CE),2019,4.47,4.47
5938,555,Participação do valor adicionado bruto a preços correntes total no valor adicionado bruto a preços correntes total da microrregião geográfica,%,2307635,Madalena (CE),2020,4.84,4.84
5938,555,Participação do valor adicionado bruto a preços correntes total no valor adicionado bruto a preços correntes total da microrregião geográfica,%,2307635,Madalena (CE),2021,4.72,4.72
5938,555,Participação do valor adicionado bruto a preços correntes total no valor adicionado bruto a preços correntes total da microrregião geográfica,%,2307635,Madalena (CE),2022,...,
5938,555,Participação do valor adicionado bruto a preços correntes total no valor adicionado bruto a preços correntes total da microrregião geográfica,%,2307635,Madalena (CE),2023,...,
5938,555,Participação do valor adicionado bruto a preços correntes total no valor adicionado bruto a preços correntes total da microrregião geográfica,%,2311405,Quixeramobim (CE),2018,35.23,35.23
5938,555,Participação do valor adicionado bruto a preços correntes total no valor adicionado bruto a preços correntes total da microrregião geográfica,%,2311405,Quixeramobim (CE),2019,37.18,37.18
5938,555,Participação do valor adicionado bruto a preços correntes total no valor adicionado bruto a preços correntes total da microrregião geográfica,%,2311405,Quixeramobim (CE),2020,34.24,34.24
5938,555,Participação do valor adicionado bruto a preços correntes total no valor adicionado bruto a preços correntes total da microrregião geográfica,%,2311405,Quixeramobim (CE),2021,36.48,36.48
5938,555,Participação do valor adicionado bruto a preços correntes total no valor adicionado bruto a preços correntes total da microrregião geográfica,%,2311405,Quixeramobim (CE),2022,...,
5938,555,Participação do valor adicionado bruto a preços correntes total no valor adicionado bruto a preços correntes total da microrregião geográfica,%,2311405,Quixeramobim (CE),2023,...,
5938,555,Participação do valor adicionado bruto a preços correntes total no valor adicionado bruto a preços correntes total da microrregião geográfica,%,2302800,Canindé (CE),2018,64.65,64.65
5938,555,Participação do valor adicionado bruto a preços correntes total no valor adicionado bruto a preços correntes total da microrregião geográfica,%,2302800,Canindé (CE),2019,68.37,68.37
5938,555,Participação do valor adicionado bruto a preços correntes total no valor adicionado bruto a preços correntes total da microrregião geográfica,%,2302800,Canindé (CE),2020,65.91,65.91
5938,555,Participação do valor adicionado bruto a preços correntes total no valor adicionado bruto a preços correntes total da microrregião geográfica,%,2302800,Canindé (CE),2021,65.52,65.52
5938,555,Participação do valor adicionado bruto a preços correntes total no valor adicionado bruto a preços correntes total da microrregião geográfica,%,2302800,Canindé (CE),2022,...,
5938,555,Participação do valor adicionado bruto a preços correntes total no valor adicionado bruto a preços correntes total da microrregião geográfica,%,2302800,Canindé (CE),2023,...,
5938,555,Participação do valor adicionado bruto a preços correntes total no valor adicionado bruto a preços correntes total da microrregião geográfica,%,2308609,Monsenhor Tabosa (CE),2018,6.34,6.34
5938,555,Participação do valor adicionado bruto a preços correntes total no valor adicionado bruto a preços correntes total da microrregião geográfica,%,2308609,Monsenhor Tabosa (CE),2019,6.04,6.04
5938,555,Participação do valor adicionado bruto a preços correntes total no valor adicionado bruto a preços correntes total da microrregião geográfica,%,2308609,Monsenhor Tabosa (CE),2020,5.93,5.93
5938,555,Participação do valor adicionado bruto a preços correntes total no valor adicionado bruto a preços correntes total da microrregião geográfica,%,2308609,Monsenhor Tabosa (CE),2021,5.91,5.91
5938,555,Participação do valor adicionado bruto a preços correntes total no valor adicionado bruto a preços correntes total da microrregião geográfica,%,2308609,Monsenhor Tabosa (CE),2022,...,
5938,555,Participação do valor adicionado bruto a preços correntes total no valor adicionado bruto a preços correntes total da microrregião geográfica,%,2308609,Monsenhor Tabosa (CE),2023,...,
5938,555,Participação do valor adicionado bruto a preços correntes total no valor adicionado bruto a preços correntes total da microrregião geográfica,%,2313203,Tamboril (CE),2018,10.38,10.38
5938,555,Participação do valor adicionado bruto a preços correntes total no valor adicionado bruto a preços correntes total da microrregião geográfica,%,2313203,Tamboril (CE),2019,10.39,10.39
5938,555,Participação do valor adicionado bruto a preços correntes total no valor adicionado bruto a preços correntes total da microrregião geográfica,%,2313203,Tamboril (CE),2020,10.53,10.53
5938,555,Participação do valor adicionado bruto a preços correntes total no valor adicionado bruto a preços correntes total da microrregião geográfica,%,2313203,Tamboril (CE),2021,10.56,10.56
5938,555,Participação do valor adicionado bruto a preços correntes total no valor adicionado bruto a preços correntes total da microrregião geográfica,%,2313203,Tamboril (CE),2022,...,
5938,555,Participação do valor adicionado bruto a preços correntes total no valor adicionado bruto a preços correntes total da microrregião geográfica,%,2313203,Tamboril (CE),2023,...,
5938,555,Participação do valor adicionado bruto a preços correntes total no valor adicionado bruto a preços correntes total da microrregião geográfica,%,2310506,Pedra Branca (CE),2018,16.46,16.46
5938,555,Participação do valor adicionado bruto a preços correntes total no valor adicionado bruto a preços correntes total da microrregião geográfica,%,2310506,Pedra Branca (CE),2019,16.75,16.75
5938,555,Participação do valor adicionado bruto a preços correntes total no valor adicionado bruto a preços correntes total da microrregião geográfica,%,2310506,Pedra Branca (CE),2020,16.87,16.87
5938,555,Participação do valor adicionado bruto a preços correntes total no valor adicionado bruto a preços correntes total da microrregião geográfica,%,2310506,Pedra Branca (CE),2021,15.63,15.63
5938,555,Participação do valor adicionado bruto a preços correntes total no valor adicionado bruto a preços correntes total da microrregião geográfica,%,2310506,Pedra Branca (CE),2022,...,
5938,555,Participação do valor adicionado bruto a preços correntes total no valor adicionado bruto a preços correntes total da microrregião geográfica,%,2310506,Pedra Branca (CE),2023,...,
5938,554,Participação do valor adicionado bruto a preços correntes total no valor adicionado bruto a preços correntes total da mesorregião geográfica,%,2302404,Boa Viagem (CE),2018,4.94,4.94
5938,554,Participação do valor adicionado bruto a preços correntes total no valor adicionado bruto a preços correntes total da mesorregião geográfica,%,2302404,Boa Viagem (CE),2019,5.24,5.24
5938,554,Participação do valor adicionado bruto a preços correntes total no valor adicionado bruto a preços correntes total da mesorregião geográfica,%,2302404,Boa Viagem (CE),2020,5.25,5.25
5938,554,Participação do valor adicionado bruto a preços correntes total no valor adicionado bruto a preços correntes total da mesorregião geográfica,%,2302404,Boa Viagem (CE),2021,5.07,5.07
5938,554,Participação do valor adicionado bruto a preços correntes total no valor adicionado bruto a preços correntes total da mesorregião geográfica,%,2302404,Boa Viagem (CE),2022,...,
5938,554,Participação do valor adicionado bruto a preços correntes total no valor adicionado bruto a preços correntes total da mesorregião geográfica,%,2302404,Boa Viagem (CE),2023,...,
5938,554,Participação do valor adicionado bruto a preços correntes total no valor adicionado bruto a preços correntes total da mesorregião geográfica,%,2307635,Madalena (CE),2018,1.65,1.65
5938,554,Participação do valor adicionado bruto a preços correntes total no valor adicionado bruto a preços correntes total da mesorregião geográfica,%,2307635,Madalena (CE),2019,1.61,1.61
5938,554,Participação do valor adicionado bruto a preços correntes total no valor adicionado bruto a preços correntes total da mesorregião geográfica,%,2307635,Madalena (CE),2020,1.69,1.69
5938,554,Participação do valor adicionado bruto a preços correntes total no valor adicionado bruto a preços correntes total da mesorregião geográfica,%,2307635,Madalena (CE),2021,1.67,1.67
5938,554,Participação do valor adicionado bruto a preços correntes total no valor adicionado bruto a preços correntes total da mesorregião geográfica,%,2307635,Madalena (CE),2022,...,
5938,554,Participação do valor adicionado bruto a preços correntes total no valor adicionado bruto a preços correntes total da mesorregião geográfica,%,2307635,Madalena (CE),2023,...,
5938,554,Participação do valor adicionado bruto a preços correntes total no valor adicionado bruto a preços correntes total da mesorregião geográfica,%,2311405,Quixeramobim (CE),2018,12.73,12.73
5938,554,Participação do valor adicionado bruto a preços correntes total no valor adicionado bruto a preços correntes total da mesorregião geográfica,%,2311405,Quixeramobim (CE),2019,13.39,13.39
5938,554,Participação do valor adicionado bruto a preços correntes total no valor adicionado bruto a preços correntes total da mesorregião geográfica,%,2311405,Quixeramobim (CE),2020,11.97,11.97
5938,554,Participação do valor adicionado bruto a preços correntes total no valor adicionado bruto a preços correntes total da mesorregião geográfica,%,2311405,Quixeramobim (CE),2021,12.93,12.93
5938,554,Participação do valor adicionado bruto a preços correntes total no valor adicionado bruto a preços correntes total da mesorregião geográfica,%,2311405,Quixeramobim (CE),2022,...,
5938,554,Participação do valor adicionado bruto a preços correntes total no valor adicionado bruto a preços correntes total da mesorregião geográfica,%,2311405,Quixeramobim (CE),2023,...,
5938,554,Participação do valor adicionado bruto a preços correntes total no valor adicionado bruto a preços correntes total da mesorregião geográfica,%,2302800,Canindé (CE),2018,4.43,4.43
5938,554,Participação do valor adicionado bruto a preços correntes total no valor adicionado bruto a preços correntes total da mesorregião geográfica,%,2302800,Canindé (CE),2019,5.83,5.83
5938,554,Participação do valor adicionado bruto a preços correntes total no valor adicionado bruto a preços correntes total da mesorregião geográfica,%,2302800,Canindé (CE),2020,5.43,5.43
5938,554,Participação do valor adicionado bruto a preços correntes total no valor adicionado bruto a preços correntes total da mesorregião geográfica,%,2302800,Canindé (CE),2021,4.28,4.28
5938,554,Participação do valor adicionado bruto a preços correntes total no valor adicionado bruto a preços correntes total da mesorregião geográfica,%,2302800,Canindé (CE),2022,...,
5938,554,Participação do valor adicionado bruto a preços correntes total no valor adicionado bruto a preços correntes total da mesorregião geográfica,%,2302800,Canindé (CE),2023,...,
5938,554,Participação do valor adicionado bruto a preços correntes total no valor adicionado bruto a preços correntes total da mesorregião geográfica,%,2308609,Monsenhor Tabosa (CE),2018,1.63,1.63
5938,554,Participação do valor adicionado bruto a preços correntes total no valor adicionado bruto a preços correntes total da mesorregião geográfica,%,2308609,Monsenhor Tabosa (CE),2019,1.60,1.6
5938,554,Participação do valor adicionado bruto a preços correntes total no valor adicionado bruto a preços correntes total da mesorregião geográfica,%,2308609,Monsenhor Tabosa (CE),2020,1.56,1.56
5938,554,Participação do valor adicionado bruto a preços correntes total no valor adicionado bruto a preços correntes total da mesorregião geográfica,%,2308609,Monsenhor Tabosa (CE),2021,1.53,1.53
5938,554,Participação do valor adicionado bruto a preços correntes total no valor adicionado bruto a preços correntes total da mesorregião geográfica,%,2308609,Monsenhor Tabosa (CE),2022,...,
5938,554,Participação do valor adicionado bruto a preços correntes total no valor adicionado bruto a preços correntes total da mesorregião geográfica,%,2308609,Monsenhor Tabosa (CE),2023,...,
5938,554,Participação do valor adicionado bruto a preços correntes total no valor adicionado bruto a preços correntes total da mesorregião geográfica,%,2313203,Tamboril (CE),2018,2.67,2.67
5938,554,Participação do valor adicionado bruto a preços correntes total no valor adicionado bruto a preços correntes total da mesorregião geográfica,%,2313203,Tamboril (CE),2019,2.75,2.75
5938,554,Participação do valor adicionado bruto a preços correntes total no valor adicionado bruto a preços correntes total da mesorregião geográfica,%,2313203,Tamboril (CE),2020,2.77,2.77
5938,554,Participação do valor adicionado bruto a preços correntes total no valor adicionado bruto a preços correntes total da mesorregião geográfica,%,2313203,Tamboril (CE),2021,2.74,2.74
5938,554,Participação do valor adicionado bruto a preços correntes total no valor adicionado bruto a preços correntes total da mesorregião geográfica,%,2313203,Tamboril (CE),2022,...,
5938,554,Participação do valor adicionado bruto a preços correntes total no valor adicionado bruto a preços correntes total da mesorregião geográfica,%,2313203,Tamboril (CE),2023,...,
5938,554,Participação do valor adicionado bruto a preços correntes total no valor adicionado bruto a preços correntes total da mesorregião geográfica,%,2310506,Pedra Branca (CE),2018,3.74,3.74
5938,554,Participação do valor adicionado bruto a preços correntes total no valor adicionado bruto a preços correntes total da mesorregião geográfica,%,2310506,Pedra Branca (CE),2019,3.78,3.78
5938,554,Participação do valor adicionado bruto a preços correntes total no valor adicionado bruto a preços correntes total da mesorregião geográfica,%,2310506,Pedra Branca (CE),2020,3.97,3.97
5938,554,Participação do valor adicionado bruto a preços correntes total no valor adicionado bruto a preços correntes total da mesorregião geográfica,%,2310506,Pedra Branca (CE),2021,3.73,3.73
5938,554,Participação do valor adicionado bruto a preços correntes total no valor adicionado bruto a preços correntes total da mesorregião geográfica,%,2310506,Pedra Branca (CE),2022,...,
5938,554,Participação do valor adicionado bruto a preços correntes total no valor adicionado bruto a preços correntes total da mesorregião geográfica,%,2310506,Pedra Branca (CE),2023,...,
5938,500,Participação do valor adicionado bruto a preços correntes total no valor adicionado bruto a preços correntes total da unidade da federação,%,2302404,Boa Viagem (CE),2018,0.28,0.28
5938,500,Participação do valor adicionado bruto a preços correntes total no valor adicionado bruto a preços correntes total da unidade da federação,%,2302404,Boa Viagem (CE),2019,0.31,0.31
5938,500,Participação do valor adicionado bruto a preços correntes total no valor adicionado bruto a preços correntes total da unidade da federação,%,2302404,Boa Viagem (CE),2020,0.33,0.33
5938,500,Participação do valor adicionado bruto a preços correntes total no valor adicionado bruto a preços correntes total da unidade da federação,%,2302404,Boa Viagem (CE),2021,0.30,0.3
5938,500,Participação do valor adicionado bruto a preços correntes total no valor adicionado bruto a preços correntes total da unidade da federação,%,2302404,Boa Viagem (CE),2022,...,
5938,500,Participação do valor adicionado bruto a preços correntes total no valor adicionado bruto a preços correntes total da unidade da federação,%,2302404,Boa Viagem (CE),2023,...,
5938,500,Participação do valor adicionado bruto a preços correntes total no valor adicionado bruto a preços correntes total da unidade da federação,%,2307635,Madalena (CE),2018,0.09,0.09
5938,500,Participação do valor adicionado bruto a preços correntes total no valor adicionado bruto a preços correntes total da unidade da federação,%,2307635,Madalena (CE),2019,0.09,0.09
5938,500,Participação do valor adicionado bruto a preços correntes total no valor adicionado bruto a preços correntes total da unidade da federação,%,2307635,Madalena (CE),2020,0.11,0.11
5938,500,Participação do valor adicionado bruto a preços correntes total no valor adicionado bruto a preços correntes total da unidade da federação,%,2307635,Madalena (CE),2021,0.10,0.1
5938,500,Participação do valor adicionado bruto a preços correntes total no valor adicionado bruto a preços correntes total da unidade da federação,%,2307635,Madalena (CE),2022,...,
5938,500,Participação do valor adicionado bruto a preços correntes total no valor adicionado bruto a preços correntes total da unidade da federação,%,2307635,Madalena (CE),2023,...,
5938,500,Participação do valor adicionado bruto a preços correntes total no valor adicionado bruto a preços correntes total da unidade da federação,%,2311405,Quixeramobim (CE),2018,0.71,0.71
5938,500,Participação do valor adicionado bruto a preços correntes total no valor adicionado bruto a preços correntes total da unidade da federação,%,2311405,Quixeramobim (CE),2019,0.79,0.79
5938,500,Participação do valor adicionado bruto a preços correntes total no valor adicionado bruto a preços correntes total da unidade da federação,%,2311405,Quixeramobim (CE),2020,0.75,0.75
5938,500,Participação do valor adicionado bruto a preços correntes total no valor adicionado bruto a preços correntes total da unidade da federação,%,2311405,Quixeramobim (CE),2021,0.77,0.77
5938,500,Participação do valor adicionado bruto a preços correntes total no valor adicionado bruto a preços correntes total da unidade da federação,%,2311405,Quixeramobim (CE),2022,...,
5938,500,Participação do valor adicionado bruto a preços correntes total no valor adicionado bruto a preços correntes total da unidade da federação,%,2311405,Quixeramobim (CE),2023,...,
5938,500,Participação do valor adicionado bruto a preços correntes total no valor adicionado bruto a preços correntes total da unidade da federação,%,2302800,Canindé (CE),2018,0.45,0.45
5938,500,Participação do valor adicionado bruto a preços correntes total no valor adicionado bruto a preços correntes total da unidade da federação,%,2302800,Canindé (CE),2019,0.58,0.58
5938,500,Participação do valor adicionado bruto a preços correntes total no valor adicionado bruto a preços correntes total da unidade da federação,%,2302800,Canindé (CE),2020,0.56,0.56
5938,500,Participação do valor adicionado bruto a preços correntes total no valor adicionado bruto a preços correntes total da unidade da federação,%,2302800,Canindé (CE),2021,0.51,0.51
5938,500,Participação do valor adicionado bruto a preços correntes total no valor adicionado bruto a preços correntes total da unidade da federação,%,2302800,Canindé (CE),2022,...,
5938,500,Participação do valor adicionado bruto a preços correntes total no valor adicionado bruto a preços correntes total da unidade da federação,%,2302800,Canindé (CE),2023,...,
5938,500,Participação do valor adicionado bruto a preços correntes total no valor adicionado bruto a preços correntes total da unidade da federação,%,2308609,Monsenhor Tabosa (CE),2018,0.09,0.09
5938,500,Participação do valor adicionado bruto a preços correntes total no valor adicionado bruto a preços correntes total da unidade da federação,%,2308609,Monsenhor Tabosa (CE),2019,0.09,0.09
5938,500,Participação do valor adicionado bruto a preços correntes total no valor adicionado bruto a preços correntes total da unidade da federação,%,2308609,Monsenhor Tabosa (CE),2020,0.10,0.1
5938,500,Participação do valor adicionado bruto a preços correntes total no valor adicionado bruto a preços correntes total da unidade da federação,%,2308609,Monsenhor Tabosa (CE),2021,0.09,0.09
5938,500,Participação do valor adicionado bruto a preços correntes total no valor adicionado bruto a preços correntes total da unidade da federação,%,2308609,Monsenhor Tabosa (CE),2022,...,
5938,500,Participação do valor adicionado bruto a preços correntes total no valor adicionado bruto a preços correntes total da unidade da federação,%,2308609,Monsenhor Tabosa (CE),2023,...,
5938,500,Participação do valor adicionado bruto a preços correntes total no valor adicionado bruto a preços correntes total da unidade da federação,%,2313203,Tamboril (CE),2018,0.15,0.15
5938,500,Participação do valor adicionado bruto a preços correntes total no valor adicionado bruto a preços correntes total da unidade da federação,%,2313203,Tamboril (CE),2019,0.16,0.16
5938,500,Participação do valor adicionado bruto a preços correntes total no valor adicionado bruto a preços correntes total da unidade da federação,%,2313203,Tamboril (CE),2020,0.17,0.17
5938,500,Participação do valor adicionado bruto a preços correntes total no valor adicionado bruto a preços correntes total da unidade da federação,%,2313203,Tamboril (CE),2021,0.16,0.16
5938,500,Participação do valor adicionado bruto a preços correntes total no valor adicionado bruto a preços correntes total da unidade da federação,%,2313203,Tamboril (CE),2022,...,
5938,500,Participação do valor adicionado bruto a preços correntes total no valor adicionado bruto a preços correntes total da unidade da federação,%,2313203,Tamboril (CE),2023,...,
5938,500,Participação do valor adicionado bruto a preços correntes total no valor adicionado bruto a preços correntes total da unidade da federação,%,2310506,Pedra Branca (CE),2018,0.21,0.21
5938,500,Participação do valor adicionado bruto a preços correntes total no valor adicionado bruto a preços correntes total da unidade da federação,%,2310506,Pedra Branca (CE),2019,0.22,0.22
5938,500,Participação do valor adicionado bruto a preços correntes total no valor adicionado bruto a preços correntes total da unidade da federação,%,2310506,Pedra Branca (CE),2020,0.25,0.25
5938,500,Participação do valor adicionado bruto a preços correntes total no valor adicionado bruto a preços correntes total da unidade da federação,%,2310506,Pedra Branca (CE),2021,0.22,0.22
5938,500,Participação do valor adicionado bruto a preços correntes total no valor adicionado bruto a preços correntes total da unidade da federação,%,2310506,Pedra Branca (CE),2022,...,
5938,500,Participação do valor adicionado bruto a preços correntes total no valor adicionado bruto a preços correntes total da unidade da federação,%,2310506,Pedra Branca (CE),2023,...,
5938,546,Participação do valor adicionado bruto a preços correntes total no valor adicionado bruto a preços correntes total da grande região,%,2302404,Boa Viagem (CE),2018,0.04,0.04
5938,546,Participação do valor adicionado bruto a preços correntes total no valor adicionado bruto a preços correntes total da grande região,%,2302404,Boa Viagem (CE),2019,0.05,0.05
5938,546,Participação do valor adicionado bruto a preços correntes total no valor adicionado bruto a preços correntes total da grande região,%,2302404,Boa Viagem (CE),2020,0.05,0.05
5938,546,Participação do valor adicionado bruto a preços correntes total no valor adicionado bruto a preços correntes total da grande região,%,2302404,Boa Viagem (CE),2021,0.05,0.05
5938,546,Participação do valor adicionado bruto a preços correntes total no valor adicionado bruto a preços correntes total da grande região,%,2302404,Boa Viagem (CE),2022,...,
5938,546,Participação do valor adicionado bruto a preços correntes total no valor adicionado bruto a preços correntes total da grande região,%,2302404,Boa Viagem (CE),2023,...,
5938,546,Participação do valor adicionado bruto a preços correntes total no valor adicionado bruto a preços correntes total da grande região,%,2307635,Madalena (CE),2018,0.01,0.01
5938,546,Participação do valor adicionado bruto a preços correntes total no valor adicionado bruto a preços correntes total da grande região,%,2307635,Madalena (CE),2019,0.01,0.01
5938,546,Participação do valor adicionado bruto a preços correntes total no valor adicionado bruto a preços correntes total da grande região,%,2307635,Madalena (CE),2020,0.02,0.02
5938,546,Participação do valor adicionado bruto a preços correntes total no valor adicionado bruto a preços correntes total da grande região,%,2307635,Madalena (CE),2021,0.02,0.02
5938,546,Participação do valor adicionado bruto a preços correntes total no valor adicionado bruto a preços correntes total da grande região,%,2307635,Madalena (CE),2022,...,
5938,546,Participação do valor adicionado bruto a preços correntes total no valor adicionado bruto a preços correntes total da grande região,%,2307635,Madalena (CE),2023,...,
5938,546,Participação do valor adicionado bruto a preços correntes total no valor adicionado bruto a preços correntes total da grande região,%,2311405,Quixeramobim (CE),2018,0.11,0.11
5938,546,Participação do valor adicionado bruto a preços correntes total no valor adicionado bruto a preços correntes total da grande região,%,2311405,Quixeramobim (CE),2019,0.12,0.12
5938,546,Participação do valor adicionado bruto a preços correntes total no valor adicionado bruto a preços correntes total da grande região,%,2311405,Quixeramobim (CE),2020,0.11,0.11
5938,546,Participação do valor adicionado bruto a preços correntes total no valor adicionado bruto a preços correntes total da grande região,%,2311405,Quixeramobim (CE),2021,0.12,0.12
5938,546,Participação do valor adicionado bruto a preços correntes total no valor adicionado bruto a preços correntes total da grande região,%,2311405,Quixeramobim (CE),2022,...,
5938,546,Participação do valor adicionado bruto a preços correntes total no valor adicionado bruto a preços correntes total da grande região,%,2311405,Quixeramobim (CE),2023,...,
5938,546,Participação do valor adicionado bruto a preços correntes total no valor adicionado bruto a preços correntes total da grande região,%,2302800,Canindé (CE),2018,0.07,0.07
5938,546,Participação do valor adicionado bruto a preços correntes total no valor adicionado bruto a preços correntes total da grande região,%,2302800,Canindé (CE),2019,0.09,0.09
5938,546,Participação do valor adicionado bruto a preços correntes total no valor adicionado bruto a preços correntes total da grande região,%,2302800,Canindé (CE),2020,0.09,0.09
5938,546,Participação do valor adicionado bruto a preços correntes total no valor adicionado bruto a preços correntes total da grande região,%,2302800,Canindé (CE),2021,0.08,0.08
5938,546,Participação do valor adicionado bruto a preços correntes total no valor adicionado bruto a preços correntes total da grande região,%,2302800,Canindé (CE),2022,...,
5938,546,Participação do valor adicionado bruto a preços correntes total no valor adicionado bruto a preços correntes total da grande região,%,2302800,Canindé (CE),2023,...,
5938,546,Participação do valor adicionado bruto a preços correntes total no valor adicionado bruto a preços correntes total da grande região,%,2308609,Monsenhor Tabosa (CE),2018,0.01,0.01
5938,546,Participação do valor adicionado bruto a preços correntes total no valor adicionado bruto a preços correntes total da grande região,%,2308609,Monsenhor Tabosa (CE),2019,0.01,0.01
5938,546,Participação do valor adicionado bruto a preços correntes total no valor adicionado bruto a preços correntes total da grande região,%,2308609,Monsenhor Tabosa (CE),2020,0.01,0.01
5938,546,Participação do valor adicionado bruto a preços correntes total no valor adicionado bruto a preços correntes total da grande região,%,2308609,Monsenhor Tabosa (CE),2021,0.01,0.01
5938,546,Participação do valor adicionado bruto a preços correntes total no valor adicionado bruto a preços correntes total da grande região,%,2308609,Monsenhor Tabosa (CE),2022,...,
5938,546,Participação do valor adicionado bruto a preços correntes total no valor adicionado bruto a preços correntes total da grande região,%,2308609,Monsenhor Tabosa (CE),2023,...,
5938,546,Participação do valor adicionado bruto a preços correntes total no valor adicionado bruto a preços correntes total da grande região,%,2313203,Tamboril (CE),2018,0.02,0.02
5938,546,Participação do valor adicionado bruto a preços correntes total no valor adicionado bruto a preços correntes total da grande região,%,2313203,Tamboril (CE),2019,0.03,0.03
5938,546,Participação do valor adicionado bruto a preços correntes total no valor adicionado bruto a preços correntes total da grande região,%,2313203,Tamboril (CE),2020,0.03,0.03
5938,546,Participação do valor adicionado bruto a preços correntes total no valor adicionado bruto a preços correntes total da grande região,%,2313203,Tamboril (CE),2021,0.03,0.03
5938,546,Participação do valor adicionado bruto a preços correntes total no valor adicionado bruto a preços correntes total da grande região,%,2313203,Tamboril (CE),2022,...,
5938,546,Participação do valor adicionado bruto a preços correntes total no valor adicionado bruto a preços correntes total da grande região,%,2313203,Tamboril (CE),2023,...,
5938,546,Participação do valor adicionado bruto a preços correntes total no valor adicionado bruto a preços correntes total da grande região,%,2310506,Pedra Branca (CE),2018,0.03,0.03
5938,546,Participação do valor adicionado bruto a preços correntes total no valor adicionado bruto a preços correntes total da grande região,%,2310506,Pedra Branca (CE),2019,0.03,0.03
5938,546,Participação do valor adicionado bruto a preços correntes total no valor adicionado bruto a preços correntes total da grande região,%,2310506,Pedra Branca (CE),2020,0.04,0.04
5938,546,Participação do valor adicionado bruto a preços correntes total no valor adicionado bruto a preços correntes total da grande região,%,2310506,Pedra Branca (CE),2021,0.03,0.03
5938,546,Participação do valor adicionado bruto a preços correntes total no valor adicionado bruto a preços correntes total da grande região,%,2310506,Pedra Branca (CE),2022,...,
5938,546,Participação do valor adicionado bruto a preços correntes total no valor adicionado bruto a preços correntes total da grande região,%,2310506,Pedra Branca (CE),2023,...,
5938,499,Participação do valor adicionado bruto a preços correntes total no valor adicionado bruto a preços correntes total do Brasil,%,2302404,Boa Viagem (CE),2018,0.01,0.01
5938,499,Participação do valor adicionado bruto a preços correntes total no valor adicionado bruto a preços correntes total do Brasil,%,2302404,Boa Viagem (CE),2019,0.01,0.01
5938,499,Participação do valor adicionado bruto a preços correntes total no valor adicionado bruto a preços correntes total do Brasil,%,2302404,Boa Viagem (CE),2020,0.01,0.01
5938,499,Participação do valor adicionado bruto a preços correntes total no valor adicionado bruto a preços correntes total do Brasil,%,2302404,Boa Viagem (CE),2021,0.01,0.01
5938,499,Participação do valor adicionado bruto a preços correntes total no valor adicionado bruto a preços correntes total do Brasil,%,2302404,Boa Viagem (CE),2022,...,
5938,499,Participação do valor adicionado bruto a preços correntes total no valor adicionado bruto a preços correntes total do Brasil,%,2302404,Boa Viagem (CE),2023,...,
5938,499,Participação do valor adicionado bruto a preços correntes total no valor adicionado bruto a preços correntes total do Brasil,%,2307635,Madalena (CE),2018,0.00,0.0
5938,499,Participação do valor adicionado bruto a preços correntes total no valor adicionado bruto a preços correntes total do Brasil,%,2307635,Madalena (CE),2019,0.00,0.0
5938,499,Participação do valor adicionado bruto a preços correntes total no valor adicionado bruto a preços correntes total do Brasil,%,2307635,Madalena (CE),2020,0.00,0.0
5938,499,Participação do valor adicionado bruto a preços correntes total no valor adicionado bruto a preços correntes total do Brasil,%,2307635,Madalena (CE),2021,0.00,0.0
5938,499,Participação do valor adicionado bruto a preços correntes total no valor adicionado bruto a preços correntes total do Brasil,%,2307635,Madalena (CE),2022,...,
5938,499,Participação do valor adicionado bruto a preços correntes total no valor adicionado bruto a preços correntes total do Brasil,%,2307635,Madalena (CE),2023,...,
5938,499,Participação do valor adicionado bruto a preços correntes total no valor adicionado bruto a preços correntes total do Brasil,%,2311405,Quixeramobim (CE),2018,0.02,0.02
5938,499,Participação do valor adicionado bruto a preços correntes total no valor adicionado bruto a preços correntes total do Brasil,%,2311405,Quixeramobim (CE),2019,0.02,0.02
5938,499,Participação do valor adicionado bruto a preços correntes total no valor adicionado bruto a preços correntes total do Brasil,%,2311405,Quixeramobim (CE),2020,0.02,0.02
5938,499,Participação do valor adicionado bruto a preços correntes total no valor adicionado bruto a preços correntes total do Brasil,%,2311405,Quixeramobim (CE),2021,0.02,0.02
5938,499,Participação do valor adicionado bruto a preços correntes total no valor adicionado bruto a preços correntes total do Brasil,%,2311405,Quixeramobim (CE),2022,...,
5938,499,Participação do valor adicionado bruto a preços correntes total no valor adicionado bruto a preços correntes total do Brasil,%,2311405,Quixeramobim (CE),2023,...,
5938,499,Participação do valor adicionado bruto a preços correntes total no valor adicionado bruto a preços correntes total do Brasil,%,2302800,Canindé (CE),2018,0.01,0.01
5938,499,Participação do valor adicionado bruto a preços correntes total no valor adicionado bruto a preços correntes total do Brasil,%,2302800,Canindé (CE),2019,0.01,0.01
5938,499,Participação do valor adicionado bruto a preços correntes total no valor adicionado bruto a preços correntes total do Brasil,%,2302800,Canindé (CE),2020,0.01,0.01
5938,499,Participação do valor adicionado bruto a preços correntes total no valor adicionado bruto a preços correntes total do Brasil,%,2302800,Canindé (CE),2021,0.01,0.01
5938,499,Participação do valor adicionado bruto a preços correntes total no valor adicionado bruto a preços correntes total do Brasil,%,2302800,Canindé (CE),2022,...,
5938,499,Participação do valor adicionado bruto a preços correntes total no valor adicionado bruto a preços correntes total do Brasil,%,2302800,Canindé (CE),2023,...,
5938,499,Participação do valor adicionado bruto a preços correntes total no valor adicionado bruto a preços correntes total do Brasil,%,2308609,Monsenhor Tabosa (CE),2018,0.00,0.0
5938,499,Participação do valor adicionado bruto a preços correntes total no valor adicionado bruto a preços correntes total do Brasil,%,2308609,Monsenhor Tabosa (CE),2019,0.00,0.0
5938,499,Participação do valor adicionado bruto a preços correntes total no valor adicionado bruto a preços correntes total do Brasil,%,2308609,Monsenhor Tabosa (CE),2020,0.00,0.0
5938,499,Participação do valor adicionado bruto a preços correntes total no valor adicionado bruto a preços correntes total do Brasil,%,2308609,Monsenhor Tabosa (CE),2021,0.00,0.0
5938,499,Participação do valor adicionado bruto a preços correntes total no valor adicionado bruto a preços correntes total do Brasil,%,2308609,Monsenhor Tabosa (CE),2022,...,
5938,499,Participação do valor adicionado bruto a preços correntes total no valor adicionado bruto a preços correntes total do Brasil,%,2308609,Monsenhor Tabosa (CE),2023,...,
5938,499,Participação do valor adicionado bruto a preços correntes total no valor adicionado bruto a preços correntes total do Brasil,%,2313203,Tamboril (CE),2018,0.00,0.0
5938,499,Participação do valor adicionado bruto a preços correntes total no valor adicionado bruto a preços correntes total do Brasil,%,2313203,Tamboril (CE),2019,0.00,0.0
5938,499,Participação do valor adicionado bruto a preços correntes total no valor adicionado bruto a preços correntes total do Brasil,%,2313203,Tamboril (CE),2020,0.00,0.0
5938,499,Participação do valor adicionado bruto a preços correntes total no valor adicionado bruto a preços correntes total do Brasil,%,2313203,Tamboril (CE),2021,0.00,0.0
5938,499,Participação do valor adicionado bruto a preços correntes total no valor adicionado bruto a preços correntes total do Brasil,%,2313203,Tamboril (CE),2022,...,
5938,499,Participação do valor adicionado bruto a preços correntes total no valor adicionado bruto a preços correntes total do Brasil,%,2313203,Tamboril (CE),2023,...,
5938,499,Participação do valor adicionado bruto a preços correntes total no valor adicionado bruto a preços correntes total do Brasil,%,2310506,Pedra Branca (CE),2018,0.00,0.0
5938,499,Participação do valor adicionado bruto a preços correntes total no valor adicionado bruto a preços correntes total do Brasil,%,2310506,Pedra Branca (CE),2019,0.01,0.01
5938,499,Participação do valor adicionado bruto a preços correntes total no valor adicionado bruto a preços correntes total do Brasil,%,2310506,Pedra Branca (CE),2020,0.01,0.01
5938,499,Participação do valor adicionado bruto a preços correntes total no valor adicionado bruto a preços correntes total do Brasil,%,2310506,Pedra Branca (CE),2021,0.00,0.0
5938,499,Participação do valor adicionado bruto a preços correntes total no valor adicionado bruto a preços correntes total do Brasil,%,2310506,Pedra Branca (CE),2022,...,
5938,499,Participação do valor adicionado bruto a preços correntes total no valor adicionado bruto a preços correntes total do Brasil,%,2310506,Pedra Branca (CE),2023,...,
5938,513,Valor adicionado bruto a preços correntes da agropecuária,Mil Reais,2302404,Boa Viagem (CE),2018,36215,36215.0
5938,513,Valor adicionado bruto a preços correntes da agropecuária,Mil Reais,2302404,Boa Viagem (CE),2019,35565,35565.0
5938,513,Valor adicionado bruto a preços correntes da agropecuária,Mil Reais,2302404,Boa Viagem (CE),2020,61388,61388.0
5938,513,Valor adicionado bruto a preços correntes da agropecuária,Mil Reais,2302404,Boa Viagem (CE),2021,61799,61799.0
5938,513,Valor adicionado bruto a preços correntes da agropecuária,Mil Reais,2302404,Boa Viagem (CE),2022,...,
5938,513,Valor adicionado bruto a preços correntes da agropecuária,Mil Reais,2302404,Boa Viagem (CE),2023,...,
5938,513,Valor adicionado bruto a preços correntes da agropecuária,Mil Reais,2307635,Madalena (CE),2018,15269,15269.0
5938,513,Valor adicionado bruto a preços correntes da agropecuária,Mil Reais,2307635,Madalena (CE),2019,16039,16039.0
5938,513,Valor adicionado bruto a preços correntes da agropecuária,Mil Reais,2307635,Madalena (CE),2020,19187,19187.0
5938,513,Valor adicionado bruto a preços correntes da agropecuária,Mil Reais,2307635,Madalena (CE),2021,21177,21177.0
5938,513,Valor adicionado bruto a preços correntes da agropecuária,Mil Reais,2307635,Madalena (CE),2022,...,
5938,513,Valor adicionado bruto a preços correntes da agropecuária,Mil Reais,2307635,Madalena (CE),2023,...,
5938,513,Valor adicionado bruto a preços correntes da agropecuária,Mil Reais,2311405,Quixeramobim (CE),2018,77375,77375.0
5938,513,Valor adicionado bruto a preços correntes da agropecuária,Mil Reais,2311405,Quixeramobim (CE),2019,94660,94660.0
5938,513,Valor adicionado bruto a preços correntes da agropecuária,Mil Reais,2311405,Quixeramobim (CE),2020,117292,117292.0
5938,513,Valor adicionado bruto a preços correntes da agropecuária,Mil Reais,2311405,Quixeramobim (CE),2021,149436,149436.0
5938,513,Valor adicionado bruto a preços correntes da agropecuária,Mil Reais,2311405,Quixeramobim (CE),2022,...,
5938,513,Valor adicionado bruto a preços correntes da agropecuária,Mil Reais,2311405,Quixeramobim (CE),2023,...,
5938,513,Valor adicionado bruto a preços correntes da agropecuária,Mil Reais,2302800,Canindé (CE),2018,32431,32431.0
5938,513,Valor adicionado bruto a preços correntes da agropecuária,Mil Reais,2302800,Canindé (CE),2019,43750,43750.0
5938,513,Valor adicionado bruto a preços correntes da agropecuária,Mil Reais,2302800,Canindé (CE),2020,64869,64869.0
5938,513,Valor adicionado bruto a preços correntes da agropecuária,Mil Reais,2302800,Canindé (CE),2021,60721,60721.0
5938,513,Valor adicionado bruto a preços correntes da agropecuária,Mil Reais,2302800,Canindé (CE),2022,...,
5938,513,Valor adicionado bruto a preços correntes da agropecuária,Mil Reais,2302800,Canindé (CE),2023,...,
5938,513,Valor adicionado bruto a preços correntes da agropecuária,Mil Reais,2308609,Monsenhor Tabosa (CE),2018,14627,14627.0
5938,513,Valor adicionado bruto a preços correntes da agropecuária,Mil Reais,2308609,Monsenhor Tabosa (CE),2019,13595,13595.0
5938,513,Valor adicionado bruto a preços correntes da agropecuária,Mil Reais,2308609,Monsenhor Tabosa (CE),2020,18496,18496.0
5938,513,Valor adicionado bruto a preços correntes da agropecuária,Mil Reais,2308609,Monsenhor Tabosa (CE),2021,20111,20111.0
5938,513,Valor adicionado bruto a preços correntes da agropecuária,Mil Reais,2308609,Monsenhor Tabosa (CE),2022,...,
5938,513,Valor adicionado bruto a preços correntes da agropecuária,Mil Reais,2308609,Monsenhor Tabosa (CE),2023,...,
5938,513,Valor adicionado bruto a preços correntes da agropecuária,Mil Reais,2313203,Tamboril (CE),2018,40592,40592.0
5938,513,Valor adicionado bruto a preços correntes da agropecuária,Mil Reais,2313203,Tamboril (CE),2019,46245,46245.0
5938,513,Valor adicionado bruto a preços correntes da agropecuária,Mil Reais,2313203,Tamboril (CE),2020,62540,62540.0
5938,513,Valor adicionado bruto a preços correntes da agropecuária,Mil Reais,2313203,Tamboril (CE),2021,70097,70097.0
5938,513,Valor adicionado bruto a preços correntes da agropecuária,Mil Reais,2313203,Tamboril (CE),2022,...,
5938,513,Valor adicionado bruto a preços correntes da agropecuária,Mil Reais,2313203,Tamboril (CE),2023,...,
5938,513,Valor adicionado bruto a preços correntes da agropecuária,Mil Reais,2310506,Pedra Branca (CE),2018,24605,24605.0
5938,513,Valor adicionado bruto a preços correntes da agropecuária,Mil Reais,2310506,Pedra Branca (CE),2019,22648,22648.0
5938,513,Valor adicionado bruto a preços correntes da agropecuária,Mil Reais,2310506,Pedra Branca (CE),2020,39871,39871.0
5938,513,Valor adicionado bruto a preços correntes da agropecuária,Mil Reais,2310506,Pedra Branca (CE),2021,40783,40783.0
5938,513,Valor adicionado bruto a preços correntes da agropecuária,Mil Reais,2310506,Pedra Branca (CE),2022,...,
5938,513,Valor adicionado bruto a preços correntes da agropecuária,Mil Reais,2310506,Pedra Branca (CE),2023,...,
5938,516,Participação do valor adicionado bruto a preços correntes da agropecuária no valor adicionado bruto a preços correntes total,%,2302404,Boa Viagem (CE),2018,9.59,9.59
5938,516,Participação do valor adicionado bruto a preços correntes da agropecuária no valor adicionado bruto a preços correntes total,%,2302404,Boa Viagem (CE),2019,8.08,8.08
5938,516,Participação do valor adicionado bruto a preços correntes da agropecuária no valor adicionado bruto a preços correntes total,%,2302404,Boa Viagem (CE),2020,12.84,12.84
5938,516,Participação do valor adicionado bruto a preços correntes da agropecuária no valor adicionado bruto a preços correntes total,%,2302404,Boa Viagem (CE),2021,12.30,12.3
5938,516,Participação do valor adicionado bruto a preços correntes da agropecuária no valor adicionado bruto a preços correntes total,%,2302404,Boa Viagem (CE),2022,...,
5938,516,Participação do valor adicionado bruto a preços correntes da agropecuária no valor adicionado bruto a preços correntes total,%,2302404,Boa Viagem (CE),2023,...,
5938,516,Participação do valor adicionado bruto a preços correntes da agropecuária no valor adicionado bruto a preços correntes total,%,2307635,Madalena (CE),2018,12.06,12.06
5938,516,Participação do valor adicionado bruto a preços correntes da agropecuária no valor adicionado bruto a preços correntes total,%,2307635,Madalena (CE),2019,11.85,11.85
5938,516,Participação do valor adicionado bruto a preços correntes da agropecuária no valor adicionado bruto a preços correntes total,%,2307635,Madalena (CE),2020,12.45,12.45
5938,516,Participação do valor adicionado bruto a preços correntes da agropecuária no valor adicionado bruto a preços correntes total,%,2307635,Madalena (CE),2021,12.78,12.78
5938,516,Participação do valor adicionado bruto a preços correntes da agropecuária no valor adicionado bruto a preços correntes total,%,2307635,Madalena (CE),2022,...,
5938,516,Participação do valor adicionado bruto a preços correntes da agropecuária no valor adicionado bruto a preços correntes total,%,2307635,Madalena (CE),2023,...,
5938,516,Participação do valor adicionado bruto a preços correntes da agropecuária no valor adicionado bruto a preços correntes total,%,2311405,Quixeramobim (CE),2018,7.94,7.94
5938,516,Participação do valor adicionado bruto a preços correntes da agropecuária no valor adicionado bruto a preços correntes total,%,2311405,Quixeramobim (CE),2019,8.41,8.41
5938,516,Participação do valor adicionado bruto a preços correntes da agropecuária no valor adicionado bruto a preços correntes total,%,2311405,Quixeramobim (CE),2020,10.75,10.75
5938,516,Participação do valor adicionado bruto a preços correntes da agropecuária no valor adicionado bruto a preços correntes total,%,2311405,Quixeramobim (CE),2021,11.67,11.67
5938,516,Participação do valor adicionado bruto a preços correntes da agropecuária no valor adicionado bruto a preços correntes total,%,2311405,Quixeramobim (CE),2022,...,
5938,516,Participação do valor adicionado bruto a preços correntes da agropecuária no valor adicionado bruto a preços correntes total,%,2311405,Quixeramobim (CE),2023,...,
5938,516,Participação do valor adicionado bruto a preços correntes da agropecuária no valor adicionado bruto a preços correntes total,%,2302800,Canindé (CE),2018,5.23,5.23
5938,516,Participação do valor adicionado bruto a preços correntes da agropecuária no valor adicionado bruto a preços correntes total,%,2302800,Canindé (CE),2019,5.27,5.27
5938,516,Participação do valor adicionado bruto a preços correntes da agropecuária no valor adicionado bruto a preços correntes total,%,2302800,Canindé (CE),2020,7.86,7.86
5938,516,Participação do valor adicionado bruto a preços correntes da agropecuária no valor adicionado bruto a preços correntes total,%,2302800,Canindé (CE),2021,7.17,7.17
5938,516,Participação do valor adicionado bruto a preços correntes da agropecuária no valor adicionado bruto a preços correntes total,%,2302800,Canindé (CE),2022,...,
5938,516,Participação do valor adicionado bruto a preços correntes da agropecuária no valor adicionado bruto a preços correntes total,%,2302800,Canindé (CE),2023,...,
5938,516,Participação do valor adicionado bruto a preços correntes da agropecuária no valor adicionado bruto a preços correntes total,%,2308609,Monsenhor Tabosa (CE),2018,11.70,11.7
5938,516,Participação do valor adicionado bruto a preços correntes da agropecuária no valor adicionado bruto a preços correntes total,%,2308609,Monsenhor Tabosa (CE),2019,10.12,10.12
5938,516,Participação do valor adicionado bruto a preços correntes da agropecuária no valor adicionado bruto a preços correntes total,%,2308609,Monsenhor Tabosa (CE),2020,13.01,13.01
5938,516,Participação do valor adicionado bruto a preços correntes da agropecuária no valor adicionado bruto a preços correntes total,%,2308609,Monsenhor Tabosa (CE),2021,13.24,13.24
5938,516,Participação do valor adicionado bruto a preços correntes da agropecuária no valor adicionado bruto a preços correntes total,%,2308609,Monsenhor Tabosa (CE),2022,...,
5938,516,Participação do valor adicionado bruto a preços correntes da agropecuária no valor adicionado bruto a preços correntes total,%,2308609,Monsenhor Tabosa (CE),2023,...,
5938,516,Participação do valor adicionado bruto a preços correntes da agropecuária no valor adicionado bruto a preços correntes total,%,2313203,Tamboril (CE),2018,19.84,19.84
5938,516,Participação do valor adicionado bruto a preços correntes da agropecuária no valor adicionado bruto a preços correntes total,%,2313203,Tamboril (CE),2019,20.02,20.02
5938,516,Participação do valor adicionado bruto a preços correntes da agropecuária no valor adicionado bruto a preços correntes total,%,2313203,Tamboril (CE),2020,24.75,24.75
5938,516,Participação do valor adicionado bruto a preços correntes da agropecuária no valor adicionado bruto a preços correntes total,%,2313203,Tamboril (CE),2021,25.82,25.82
5938,516,Participação do valor adicionado bruto a preços correntes da agropecuária no valor adicionado bruto a preços correntes total,%,2313203,Tamboril (CE),2022,...,
5938,516,Participação do valor adicionado bruto a preços correntes da agropecuária no valor adicionado bruto a preços correntes total,%,2313203,Tamboril (CE),2023,...,
5938,516,Participação do valor adicionado bruto a preços correntes da agropecuária no valor adicionado bruto a preços correntes total,%,2310506,Pedra Branca (CE),2018,8.59,8.59
5938,516,Participação do valor adicionado bruto a preços correntes da agropecuária no valor adicionado bruto a preços correntes total,%,2310506,Pedra Branca (CE),2019,7.12,7.12
5938,516,Participação do valor adicionado bruto a preços correntes da agropecuária no valor adicionado bruto a preços correntes total,%,2310506,Pedra Branca (CE),2020,11.01,11.01
5938,516,Participação do valor adicionado bruto a preços correntes da agropecuária no valor adicionado bruto a preços correntes total,%,2310506,Pedra Branca (CE),2021,11.03,11.03
5938,516,Participação do valor adicionado bruto a preços correntes da agropecuária no valor adicionado bruto a preços correntes total,%,2310506,Pedra Branca (CE),2022,...,
5938,516,Participação do valor adicionado bruto a preços correntes da agropecuária no valor adicionado bruto a preços correntes total,%,2310506,Pedra Branca (CE),2023,...,
5938,557,Participação do valor adicionado bruto a preços correntes da agropecuária no valor adicionado bruto a preços correntes da agropecuária da microrregião geográfica,%,2302404,Boa Viagem (CE),2018,14.23,14.23
5938,557,Participação do valor adicionado bruto a preços correntes da agropecuária no valor adicionado bruto a preços correntes da agropecuária da microrregião geográfica,%,2302404,Boa Viagem (CE),2019,12.36,12.36
5938,557,Participação do valor adicionado bruto a preços correntes da agropecuária no valor adicionado bruto a preços correntes da agropecuária da microrregião geográfica,%,2302404,Boa Viagem (CE),2020,16.82,16.82
5938,557,Participação do valor adicionado bruto a preços correntes da agropecuária no valor adicionado bruto a preços correntes da agropecuária da microrregião geográfica,%,2302404,Boa Viagem (CE),2021,14.55,14.55
5938,557,Participação do valor adicionado bruto a preços correntes da agropecuária no valor adicionado bruto a preços correntes da agropecuária da microrregião geográfica,%,2302404,Boa Viagem (CE),2022,...,
5938,557,Participação do valor adicionado bruto a preços correntes da agropecuária no valor adicionado bruto a preços correntes da agropecuária da microrregião geográfica,%,2302404,Boa Viagem (CE),2023,...,
5938,557,Participação do valor adicionado bruto a preços correntes da agropecuária no valor adicionado bruto a preços correntes da agropecuária da microrregião geográfica,%,2307635,Madalena (CE),2018,6.00,6.0
5938,557,Participação do valor adicionado bruto a preços correntes da agropecuária no valor adicionado bruto a preços correntes da agropecuária da microrregião geográfica,%,2307635,Madalena (CE),2019,5.58,5.58
5938,557,Participação do valor adicionado bruto a preços correntes da agropecuária no valor adicionado bruto a preços correntes da agropecuária da microrregião geográfica,%,2307635,Madalena (CE),2020,5.26,5.26
5938,557,Participação do valor adicionado bruto a preços correntes da agropecuária no valor adicionado bruto a preços correntes da agropecuária da microrregião geográfica,%,2307635,Madalena (CE),2021,4.98,4.98
5938,557,Participação do valor adicionado bruto a preços correntes da agropecuária no valor adicionado bruto a preços correntes da agropecuária da microrregião geográfica,%,2307635,Madalena (CE),2022,...,
5938,557,Participação do valor adicionado bruto a preços correntes da agropecuária no valor adicionado bruto a preços correntes da agropecuária da microrregião geográfica,%,2307635,Madalena (CE),2023,...,
5938,557,Participação do valor adicionado bruto a preços correntes da agropecuária no valor adicionado bruto a preços correntes da agropecuária da microrregião geográfica,%,2311405,Quixeramobim (CE),2018,30.40,30.4
5938,557,Participação do valor adicionado bruto a preços correntes da agropecuária no valor adicionado bruto a preços correntes da agropecuária da microrregião geográfica,%,2311405,Quixeramobim (CE),2019,32.90,32.9
5938,557,Participação do valor adicionado bruto a preços correntes da agropecuária no valor adicionado bruto a preços correntes da agropecuária da microrregião geográfica,%,2311405,Quixeramobim (CE),2020,32.15,32.15
5938,557,Participação do valor adicionado bruto a preços correntes da agropecuária no valor adicionado bruto a preços correntes da agropecuária da microrregião geográfica,%,2311405,Quixeramobim (CE),2021,35.17,35.17
5938,557,Participação do valor adicionado bruto a preços correntes da agropecuária no valor adicionado bruto a preços correntes da agropecuária da microrregião geográfica,%,2311405,Quixeramobim (CE),2022,...,
5938,557,Participação do valor adicionado bruto a preços correntes da agropecuária no valor adicionado bruto a preços correntes da agropecuária da microrregião geográfica,%,2311405,Quixeramobim (CE),2023,...,
5938,557,Participação do valor adicionado bruto a preços correntes da agropecuária no valor adicionado bruto a preços correntes da agropecuária da microrregião geográfica,%,2302800,Canindé (CE),2018,40.53,40.53
5938,557,Participação do valor adicionado bruto a preços correntes da agropecuária no valor adicionado bruto a preços correntes da agropecuária da microrregião geográfica,%,2302800,Canindé (CE),2019,42.28,42.28
5938,557,Participação do valor adicionado bruto a preços correntes da agropecuária no valor adicionado bruto a preços correntes da agropecuária da microrregião geográfica,%,2302800,Canindé (CE),2020,50.51,50.51
5938,557,Participação do valor adicionado bruto a preços correntes da agropecuária no valor adicionado bruto a preços correntes da agropecuária da microrregião geográfica,%,2302800,Canindé (CE),2021,50.76,50.76
5938,557,Participação do valor adicionado bruto a preços correntes da agropecuária no valor adicionado bruto a preços correntes da agropecuária da microrregião geográfica,%,2302800,Canindé (CE),2022,...,
5938,557,Participação do valor adicionado bruto a preços correntes da agropecuária no valor adicionado bruto a preços correntes da agropecuária da microrregião geográfica,%,2302800,Canindé (CE),2023,...,
5938,557,Participação do valor adicionado bruto a preços correntes da agropecuária no valor adicionado bruto a preços correntes da agropecuária da microrregião geográfica,%,2308609,Monsenhor Tabosa (CE),2018,5.93,5.93
5938,557,Participação do valor adicionado bruto a preços correntes da agropecuária no valor adicionado bruto a preços correntes da agropecuária da microrregião geográfica,%,2308609,Monsenhor Tabosa (CE),2019,4.61,4.61
5938,557,Participação do valor adicionado bruto a preços correntes da agropecuária no valor adicionado bruto a preços correntes da agropecuária da microrregião geográfica,%,2308609,Monsenhor Tabosa (CE),2020,5.00,5.0
5938,557,Participação do valor adicionado bruto a preços correntes da agropecuária no valor adicionado bruto a preços correntes da agropecuária da microrregião geográfica,%,2308609,Monsenhor Tabosa (CE),2021,4.75,4.75
5938,557,Participação do valor adicionado bruto a preços correntes da agropecuária no valor adicionado bruto a preços correntes da agropecuária da microrregião geográfica,%,2308609,Monsenhor Tabosa (CE),2022,...,
5938,557,Participação do valor adicionado bruto a preços correntes da agropecuária no valor adicionado bruto a preços correntes da agropecuária da microrregião geográfica,%,2308609,Monsenhor Tabosa (CE),2023,...,
5938,557,Participação do valor adicionado bruto a preços correntes da agropecuária no valor adicionado bruto a preços correntes da agropecuária da microrregião geográfica,%,2313203,Tamboril (CE),2018,16.44,16.44
5938,557,Participação do valor adicionado bruto a preços correntes da agropecuária no valor adicionado bruto a preços correntes da agropecuária da microrregião geográfica,%,2313203,Tamboril (CE),2019,15.69,15.69
5938,557,Participação do valor adicionado bruto a preços correntes da agropecuária no valor adicionado bruto a preços correntes da agropecuária da microrregião geográfica,%,2313203,Tamboril (CE),2020,16.90,16.9
5938,557,Participação do valor adicionado bruto a preços correntes da agropecuária no valor adicionado bruto a preços correntes da agropecuária da microrregião geográfica,%,2313203,Tamboril (CE),2021,16.54,16.54
5938,557,Participação do valor adicionado bruto a preços correntes da agropecuária no valor adicionado bruto a preços correntes da agropecuária da microrregião geográfica,%,2313203,Tamboril (CE),2022,...,
5938,557,Participação do valor adicionado bruto a preços correntes da agropecuária no valor adicionado bruto a preços correntes da agropecuária da microrregião geográfica,%,2313203,Tamboril (CE),2023,...,
5938,557,Participação do valor adicionado bruto a preços correntes da agropecuária no valor adicionado bruto a preços correntes da agropecuária da microrregião geográfica,%,2310506,Pedra Branca (CE),2018,11.29,11.29
5938,557,Participação do valor adicionado bruto a preços correntes da agropecuária no valor adicionado bruto a preços correntes da agropecuária da microrregião geográfica,%,2310506,Pedra Branca (CE),2019,9.24,9.24
5938,557,Participação do valor adicionado bruto a preços correntes da agropecuária no valor adicionado bruto a preços correntes da agropecuária da microrregião geográfica,%,2310506,Pedra Branca (CE),2020,10.18,10.18
5938,557,Participação do valor adicionado bruto a preços correntes da agropecuária no valor adicionado bruto a preços correntes da agropecuária da microrregião geográfica,%,2310506,Pedra Branca (CE),2021,8.13,8.13
5938,557,Participação do valor adicionado bruto a preços correntes da agropecuária no valor adicionado bruto a preços correntes da agropecuária da microrregião geográfica,%,2310506,Pedra Branca (CE),2022,...,
5938,557,Participação do valor adicionado bruto a preços correntes da agropecuária no valor adicionado bruto a preços correntes da agropecuária da microrregião geográfica,%,2310506,Pedra Branca (CE),2023,...,
5938,556,Participação do valor adicionado bruto a preços correntes da agropecuária no valor adicionado bruto a preços correntes da agropecuária da mesorregião geográfica,%,2302404,Boa Viagem (CE),2018,4.17,4.17
5938,556,Participação do valor adicionado bruto a preços correntes da agropecuária no valor adicionado bruto a preços correntes da agropecuária da mesorregião geográfica,%,2302404,Boa Viagem (CE),2019,3.63,3.63
5938,556,Participação do valor adicionado bruto a preços correntes da agropecuária no valor adicionado bruto a preços correntes da agropecuária da mesorregião geográfica,%,2302404,Boa Viagem (CE),2020,4.49,4.49
5938,556,Participação do valor adicionado bruto a preços correntes da agropecuária no valor adicionado bruto a preços correntes da agropecuária da mesorregião geográfica,%,2302404,Boa Viagem (CE),2021,3.80,3.8
5938,556,Participação do valor adicionado bruto a preços correntes da agropecuária no valor adicionado bruto a preços correntes da agropecuária da mesorregião geográfica,%,2302404,Boa Viagem (CE),2022,...,
5938,556,Participação do valor adicionado bruto a preços correntes da agropecuária no valor adicionado bruto a preços correntes da agropecuária da mesorregião geográfica,%,2302404,Boa Viagem (CE),2023,...,
5938,556,Participação do valor adicionado bruto a preços correntes da agropecuária no valor adicionado bruto a preços correntes da agropecuária da mesorregião geográfica,%,2307635,Madalena (CE),2018,1.76,1.76
5938,556,Participação do valor adicionado bruto a preços correntes da agropecuária no valor adicionado bruto a preços correntes da agropecuária da mesorregião geográfica,%,2307635,Madalena (CE),2019,1.64,1.64
5938,556,Participação do valor adicionado bruto a preços correntes da agropecuária no valor adicionado bruto a preços correntes da agropecuária da mesorregião geográfica,%,2307635,Madalena (CE),2020,1.40,1.4
5938,556,Participação do valor adicionado bruto a preços correntes da agropecuária no valor adicionado bruto a preços correntes da agropecuária da mesorregião geográfica,%,2307635,Madalena (CE),2021,1.30,1.3
5938,556,Participação do valor adicionado bruto a preços correntes da agropecuária no valor adicionado bruto a preços correntes da agropecuária da mesorregião geográfica,%,2307635,Madalena (CE),2022,...,
5938,556,Participação do valor adicionado bruto a preços correntes da agropecuária no valor adicionado bruto a preços correntes da agropecuária da mesorregião geográfica,%,2307635,Madalena (CE),2023,...,
5938,556,Participação do valor adicionado bruto a preços correntes da agropecuária no valor adicionado bruto a preços correntes da agropecuária da mesorregião geográfica,%,2311405,Quixeramobim (CE),2018,8.91,8.91
5938,556,Participação do valor adicionado bruto a preços correntes da agropecuária no valor adicionado bruto a preços correntes da agropecuária da mesorregião geográfica,%,2311405,Quixeramobim (CE),2019,9.67,9.67
5938,556,Participação do valor adicionado bruto a preços correntes da agropecuária no valor adicionado bruto a preços correntes da agropecuária da mesorregião geográfica,%,2311405,Quixeramobim (CE),2020,8.59,8.59
5938,556,Participação do valor adicionado bruto a preços correntes da agropecuária no valor adicionado bruto a preços correntes da agropecuária da mesorregião geográfica,%,2311405,Quixeramobim (CE),2021,9.20,9.2
5938,556,Participação do valor adicionado bruto a preços correntes da agropecuária no valor adicionado bruto a preços correntes da agropecuária da mesorregião geográfica,%,2311405,Quixeramobim (CE),2022,...,
5938,556,Participação do valor adicionado bruto a preços correntes da agropecuária no valor adicionado bruto a preços correntes da agropecuária da mesorregião geográfica,%,2311405,Quixeramobim (CE),2023,...,
5938,556,Participação do valor adicionado bruto a preços correntes da agropecuária no valor adicionado bruto a preços correntes da agropecuária da mesorregião geográfica,%,2302800,Canindé (CE),2018,2.07,2.07
5938,556,Participação do valor adicionado bruto a preços correntes da agropecuária no valor adicionado bruto a preços correntes da agropecuária da mesorregião geográfica,%,2302800,Canindé (CE),2019,2.92,2.92
5938,556,Participação do valor adicionado bruto a preços correntes da agropecuária no valor adicionado bruto a preços correntes da agropecuária da mesorregião geográfica,%,2302800,Canindé (CE),2020,3.56,3.56
5938,556,Participação do valor adicionado bruto a preços correntes da agropecuária no valor adicionado bruto a preços correntes da agropecuária da mesorregião geográfica,%,2302800,Canindé (CE),2021,3.25,3.25
5938,556,Participação do valor adicionado bruto a preços correntes da agropecuária no valor adicionado bruto a preços correntes da agropecuária da mesorregião geográfica,%,2302800,Canindé (CE),2022,...,
5938,556,Participação do valor adicionado bruto a preços correntes da agropecuária no valor adicionado bruto a preços correntes da agropecuária da mesorregião geográfica,%,2302800,Canindé (CE),2023,...,
5938,556,Participação do valor adicionado bruto a preços correntes da agropecuária no valor adicionado bruto a preços correntes da agropecuária da mesorregião geográfica,%,2308609,Monsenhor Tabosa (CE),2018,1.68,1.68
5938,556,Participação do valor adicionado bruto a preços correntes da agropecuária no valor adicionado bruto a preços correntes da agropecuária da mesorregião geográfica,%,2308609,Monsenhor Tabosa (CE),2019,1.39,1.39
5938,556,Participação do valor adicionado bruto a preços correntes da agropecuária no valor adicionado bruto a preços correntes da agropecuária da mesorregião geográfica,%,2308609,Monsenhor Tabosa (CE),2020,1.35,1.35
5938,556,Participação do valor adicionado bruto a preços correntes da agropecuária no valor adicionado bruto a preços correntes da agropecuária da mesorregião geográfica,%,2308609,Monsenhor Tabosa (CE),2021,1.24,1.24
5938,556,Participação do valor adicionado bruto a preços correntes da agropecuária no valor adicionado bruto a preços correntes da agropecuária da mesorregião geográfica,%,2308609,Monsenhor Tabosa (CE),2022,...,
5938,556,Participação do valor adicionado bruto a preços correntes da agropecuária no valor adicionado bruto a preços correntes da agropecuária da mesorregião geográfica,%,2308609,Monsenhor Tabosa (CE),2023,...,
5938,556,Participação do valor adicionado bruto a preços correntes da agropecuária no valor adicionado bruto a preços correntes da agropecuária da mesorregião geográfica,%,2313203,Tamboril (CE),2018,4.68,4.68
5938,556,Participação do valor adicionado bruto a preços correntes da agropecuária no valor adicionado bruto a preços correntes da agropecuária da mesorregião geográfica,%,2313203,Tamboril (CE),2019,4.73,4.73
5938,556,Participação do valor adicionado bruto a preços correntes da agropecuária no valor adicionado bruto a preços correntes da agropecuária da mesorregião geográfica,%,2313203,Tamboril (CE),2020,4.58,4.58
5938,556,Participação do valor adicionado bruto a preços correntes da agropecuária no valor adicionado bruto a preços correntes da agropecuária da mesorregião geográfica,%,2313203,Tamboril (CE),2021,4.32,4.32
5938,556,Participação do valor adicionado bruto a preços correntes da agropecuária no valor adicionado bruto a preços correntes da agropecuária da mesorregião geográfica,%,2313203,Tamboril (CE),2022,...,
5938,556,Participação do valor adicionado bruto a preços correntes da agropecuária no valor adicionado bruto a preços correntes da agropecuária da mesorregião geográfica,%,2313203,Tamboril (CE),2023,...,
5938,556,Participação do valor adicionado bruto a preços correntes da agropecuária no valor adicionado bruto a preços correntes da agropecuária da mesorregião geográfica,%,2310506,Pedra Branca (CE),2018,2.83,2.83
5938,556,Participação do valor adicionado bruto a preços correntes da agropecuária no valor adicionado bruto a preços correntes da agropecuária da mesorregião geográfica,%,2310506,Pedra Branca (CE),2019,2.31,2.31
5938,556,Participação do valor adicionado bruto a preços correntes da agropecuária no valor adicionado bruto a preços correntes da agropecuária da mesorregião geográfica,%,2310506,Pedra Branca (CE),2020,2.92,2.92
5938,556,Participação do valor adicionado bruto a preços correntes da agropecuária no valor adicionado bruto a preços correntes da agropecuária da mesorregião geográfica,%,2310506,Pedra Branca (CE),2021,2.51,2.51
5938,556,Participação do valor adicionado bruto a preços correntes da agropecuária no valor adicionado bruto a preços correntes da agropecuária da mesorregião geográfica,%,2310506,Pedra Branca (CE),2022,...,
5938,556,Participação do valor adicionado bruto a preços correntes da agropecuária no valor adicionado bruto a preços correntes da agropecuária da mesorregião geográfica,%,2310506,Pedra Branca (CE),2023,...,
5938,515,Participação do valor adicionado bruto a preços correntes da agropecuária no valor adicionado bruto a preços correntes da agropecuária da unidade da federação,%,2302404,Boa Viagem (CE),2018,0.51,0.51
5938,515,Participação do valor adicionado bruto a preços correntes da agropecuária no valor adicionado bruto a preços correntes da agropecuária da unidade da federação,%,2302404,Boa Viagem (CE),2019,0.48,0.48
5938,515,Participação do valor adicionado bruto a preços correntes da agropecuária no valor adicionado bruto a preços correntes da agropecuária da unidade da federação,%,2302404,Boa Viagem (CE),2020,0.65,0.65
5938,515,Participação do valor adicionado bruto a preços correntes da agropecuária no valor adicionado bruto a preços correntes da agropecuária da unidade da federação,%,2302404,Boa Viagem (CE),2021,0.59,0.59
5938,515,Participação do valor adicionado bruto a preços correntes da agropecuária no valor adicionado bruto a preços correntes da agropecuária da unidade da federação,%,2302404,Boa Viagem (CE),2022,...,
5938,515,Participação do valor adicionado bruto a preços correntes da agropecuária no valor adicionado bruto a preços correntes da agropecuária da unidade da federação,%,2302404,Boa Viagem (CE),2023,...,
5938,515,Participação do valor adicionado bruto a preços correntes da agropecuária no valor adicionado bruto a preços correntes da agropecuária da unidade da federação,%,2307635,Madalena (CE),2018,0.22,0.22
5938,515,Participação do valor adicionado bruto a preços correntes da agropecuária no valor adicionado bruto a preços correntes da agropecuária da unidade da federação,%,2307635,Madalena (CE),2019,0.22,0.22
5938,515,Participação do valor adicionado bruto a preços correntes da agropecuária no valor adicionado bruto a preços correntes da agropecuária da unidade da federação,%,2307635,Madalena (CE),2020,0.20,0.2
5938,515,Participação do valor adicionado bruto a preços correntes da agropecuária no valor adicionado bruto a preços correntes da agropecuária da unidade da federação,%,2307635,Madalena (CE),2021,0.20,0.2
5938,515,Participação do valor adicionado bruto a preços correntes da agropecuária no valor adicionado bruto a preços correntes da agropecuária da unidade da federação,%,2307635,Madalena (CE),2022,...,
5938,515,Participação do valor adicionado bruto a preços correntes da agropecuária no valor adicionado bruto a preços correntes da agropecuária da unidade da federação,%,2307635,Madalena (CE),2023,...,
5938,515,Participação do valor adicionado bruto a preços correntes da agropecuária no valor adicionado bruto a preços correntes da agropecuária da unidade da federação,%,2311405,Quixeramobim (CE),2018,1.09,1.09
5938,515,Participação do valor adicionado bruto a preços correntes da agropecuária no valor adicionado bruto a preços correntes da agropecuária da unidade da federação,%,2311405,Quixeramobim (CE),2019,1.29,1.29
5938,515,Participação do valor adicionado bruto a preços correntes da agropecuária no valor adicionado bruto a preços correntes da agropecuária da unidade da federação,%,2311405,Quixeramobim (CE),2020,1.23,1.23
5938,515,Participação do valor adicionado bruto a preços correntes da agropecuária no valor adicionado bruto a preços correntes da agropecuária da unidade da federação,%,2311405,Quixeramobim (CE),2021,1.44,1.44
5938,515,Participação do valor adicionado bruto a preços correntes da agropecuária no valor adicionado bruto a preços correntes da agropecuária da unidade da federação,%,2311405,Quixeramobim (CE),2022,...,
5938,515,Participação do valor adicionado bruto a preços correntes da agropecuária no valor adicionado bruto a preços correntes da agropecuária da unidade da federação,%,2311405,Quixeramobim (CE),2023,...,
5938,515,Participação do valor adicionado bruto a preços correntes da agropecuária no valor adicionado bruto a preços correntes da agropecuária da unidade da federação,%,2302800,Canindé (CE),2018,0.46,0.46
5938,515,Participação do valor adicionado bruto a preços correntes da agropecuária no valor adicionado bruto a preços correntes da agropecuária da unidade da federação,%,2302800,Canindé (CE),2019,0.59,0.59
5938,515,Participação do valor adicionado bruto a preços correntes da agropecuária no valor adicionado bruto a preços correntes da agropecuária da unidade da federação,%,2302800,Canindé (CE),2020,0.68,0.68
5938,515,Participação do valor adicionado bruto a preços correntes da agropecuária no valor adicionado bruto a preços correntes da agropecuária da unidade da federação,%,2302800,Canindé (CE),2021,0.58,0.58
5938,515,Participação do valor adicionado bruto a preços correntes da agropecuária no valor adicionado bruto a preços correntes da agropecuária da unidade da federação,%,2302800,Canindé (CE),2022,...,
5938,515,Participação do valor adicionado bruto a preços correntes da agropecuária no valor adicionado bruto a preços correntes da agropecuária da unidade da federação,%,2302800,Canindé (CE),2023,...,
5938,515,Participação do valor adicionado bruto a preços correntes da agropecuária no valor adicionado bruto a preços correntes da agropecuária da unidade da federação,%,2308609,Monsenhor Tabosa (CE),2018,0.21,0.21
5938,515,Participação do valor adicionado bruto a preços correntes da agropecuária no valor adicionado bruto a preços correntes da agropecuária da unidade da federação,%,2308609,Monsenhor Tabosa (CE),2019,0.18,0.18
5938,515,Participação do valor adicionado bruto a preços correntes da agropecuária no valor adicionado bruto a preços correntes da agropecuária da unidade da federação,%,2308609,Monsenhor Tabosa (CE),2020,0.19,0.19
5938,515,Participação do valor adicionado bruto a preços correntes da agropecuária no valor adicionado bruto a preços correntes da agropecuária da unidade da federação,%,2308609,Monsenhor Tabosa (CE),2021,0.19,0.19
5938,515,Participação do valor adicionado bruto a preços correntes da agropecuária no valor adicionado bruto a preços correntes da agropecuária da unidade da federação,%,2308609,Monsenhor Tabosa (CE),2022,...,
5938,515,Participação do valor adicionado bruto a preços correntes da agropecuária no valor adicionado bruto a preços correntes da agropecuária da unidade da federação,%,2308609,Monsenhor Tabosa (CE),2023,...,
5938,515,Participação do valor adicionado bruto a preços correntes da agropecuária no valor adicionado bruto a preços correntes da agropecuária da unidade da federação,%,2313203,Tamboril (CE),2018,0.57,0.57
5938,515,Participação do valor adicionado bruto a preços correntes da agropecuária no valor adicionado bruto a preços correntes da agropecuária da unidade da federação,%,2313203,Tamboril (CE),2019,0.63,0.63
5938,515,Participação do valor adicionado bruto a preços correntes da agropecuária no valor adicionado bruto a preços correntes da agropecuária da unidade da federação,%,2313203,Tamboril (CE),2020,0.66,0.66
5938,515,Participação do valor adicionado bruto a preços correntes da agropecuária no valor adicionado bruto a preços correntes da agropecuária da unidade da federação,%,2313203,Tamboril (CE),2021,0.67,0.67
5938,515,Participação do valor adicionado bruto a preços correntes da agropecuária no valor adicionado bruto a preços correntes da agropecuária da unidade da federação,%,2313203,Tamboril (CE),2022,...,
5938,515,Participação do valor adicionado bruto a preços correntes da agropecuária no valor adicionado bruto a preços correntes da agropecuária da unidade da federação,%,2313203,Tamboril (CE),2023,...,
5938,515,Participação do valor adicionado bruto a preços correntes da agropecuária no valor adicionado bruto a preços correntes da agropecuária da unidade da federação,%,2310506,Pedra Branca (CE),2018,0.35,0.35
5938,515,Participação do valor adicionado bruto a preços correntes da agropecuária no valor adicionado bruto a preços correntes da agropecuária da unidade da federação,%,2310506,Pedra Branca (CE),2019,0.31,0.31
5938,515,Participação do valor adicionado bruto a preços correntes da agropecuária no valor adicionado bruto a preços correntes da agropecuária da unidade da federação,%,2310506,Pedra Branca (CE),2020,0.42,0.42
5938,515,Participação do valor adicionado bruto a preços correntes da agropecuária no valor adicionado bruto a preços correntes da agropecuária da unidade da federação,%,2310506,Pedra Branca (CE),2021,0.39,0.39
5938,515,Participação do valor adicionado bruto a preços correntes da agropecuária no valor adicionado bruto a preços correntes da agropecuária da unidade da federação,%,2310506,Pedra Branca (CE),2022,...,
5938,515,Participação do valor adicionado bruto a preços correntes da agropecuária no valor adicionado bruto a preços correntes da agropecuária da unidade da federação,%,2310506,Pedra Branca (CE),2023,...,
5938,547,Participação do valor adicionado bruto a preços correntes da agropecuária no valor adicionado bruto a preços correntes da agropecuária da grande região,%,2302404,Boa Viagem (CE),2018,0.06,0.06
5938,547,Participação do valor adicionado bruto a preços correntes da agropecuária no valor adicionado bruto a preços correntes da agropecuária da grande região,%,2302404,Boa Viagem (CE),2019,0.06,0.06
5938,547,Participação do valor adicionado bruto a preços correntes da agropecuária no valor adicionado bruto a preços correntes da agropecuária da grande região,%,2302404,Boa Viagem (CE),2020,0.07,0.07
5938,547,Participação do valor adicionado bruto a preços correntes da agropecuária no valor adicionado bruto a preços correntes da agropecuária da grande região,%,2302404,Boa Viagem (CE),2021,0.06,0.06
5938,547,Participação do valor adicionado bruto a preços correntes da agropecuária no valor adicionado bruto a preços correntes da agropecuária da grande região,%,2302404,Boa Viagem (CE),2022,...,
5938,547,Participação do valor adicionado bruto a preços correntes da agropecuária no valor adicionado bruto a preços correntes da agropecuária da grande região,%,2302404,Boa Viagem (CE),2023,...,
5938,547,Participação do valor adicionado bruto a preços correntes da agropecuária no valor adicionado bruto a preços correntes da agropecuária da grande região,%,2307635,Madalena (CE),2018,0.03,0.03
5938,547,Participação do valor adicionado bruto a preços correntes da agropecuária no valor adicionado bruto a preços correntes da agropecuária da grande região,%,2307635,Madalena (CE),2019,0.03,0.03
5938,547,Participação do valor adicionado bruto a preços correntes da agropecuária no valor adicionado bruto a preços correntes da agropecuária da grande região,%,2307635,Madalena (CE),2020,0.02,0.02
5938,547,Participação do valor adicionado bruto a preços correntes da agropecuária no valor adicionado bruto a preços correntes da agropecuária da grande região,%,2307635,Madalena (CE),2021,0.02,0.02
5938,547,Participação do valor adicionado bruto a preços correntes da agropecuária no valor adicionado bruto a preços correntes da agropecuária da grande região,%,2307635,Madalena (CE),2022,...,
5938,547,Participação do valor adicionado bruto a preços correntes da agropecuária no valor adicionado bruto a preços correntes da agropecuária da grande região,%,2307635,Madalena (CE),2023,...,
5938,547,Participação do valor adicionado bruto a preços correntes da agropecuária no valor adicionado bruto a preços correntes da agropecuária da grande região,%,2311405,Quixeramobim (CE),2018,0.13,0.13
5938,547,Participação do valor adicionado bruto a preços correntes da agropecuária no valor adicionado bruto a preços correntes da agropecuária da grande região,%,2311405,Quixeramobim (CE),2019,0.16,0.16
5938,547,Participação do valor adicionado bruto a preços correntes da agropecuária no valor adicionado bruto a preços correntes da agropecuária da grande região,%,2311405,Quixeramobim (CE),2020,0.14,0.14
5938,547,Participação do valor adicionado bruto a preços correntes da agropecuária no valor adicionado bruto a preços correntes da agropecuária da grande região,%,2311405,Quixeramobim (CE),2021,0.15,0.15
5938,547,Participação do valor adicionado bruto a preços correntes da agropecuária no valor adicionado bruto a preços correntes da agropecuária da grande região,%,2311405,Quixeramobim (CE),2022,...,
5938,547,Participação do valor adicionado bruto a preços correntes da agropecuária no valor adicionado bruto a preços correntes da agropecuária da grande região,%,2311405,Quixeramobim (CE),2023,...,
5938,547,Participação do valor adicionado bruto a preços correntes da agropecuária no valor adicionado bruto a preços correntes da agropecuária da grande região,%,2302800,Canindé (CE),2018,0.05,0.05
5938,547,Participação do valor adicionado bruto a preços correntes da agropecuária no valor adicionado bruto a preços correntes da agropecuária da grande região,%,2302800,Canindé (CE),2019,0.07,0.07
5938,547,Participação do valor adicionado bruto a preços correntes da agropecuária no valor adicionado bruto a preços correntes da agropecuária da grande região,%,2302800,Canindé (CE),2020,0.08,0.08
5938,547,Participação do valor adicionado bruto a preços correntes da agropecuária no valor adicionado bruto a preços correntes da agropecuária da grande região,%,2302800,Canindé (CE),2021,0.06,0.06
5938,547,Participação do valor adicionado bruto a preços correntes da agropecuária no valor adicionado bruto a preços correntes da agropecuária da grande região,%,2302800,Canindé (CE),2022,...,
5938,547,Participação do valor adicionado bruto a preços correntes da agropecuária no valor adicionado bruto a preços correntes da agropecuária da grande região,%,2302800,Canindé (CE),2023,...,
5938,547,Participação do valor adicionado bruto a preços correntes da agropecuária no valor adicionado bruto a preços correntes da agropecuária da grande região,%,2308609,Monsenhor Tabosa (CE),2018,0.02,0.02
5938,547,Participação do valor adicionado bruto a preços correntes da agropecuária no valor adicionado bruto a preços correntes da agropecuária da grande região,%,2308609,Monsenhor Tabosa (CE),2019,0.02,0.02
5938,547,Participação do valor adicionado bruto a preços correntes da agropecuária no valor adicionado bruto a preços correntes da agropecuária da grande região,%,2308609,Monsenhor Tabosa (CE),2020,0.02,0.02
5938,547,Participação do valor adicionado bruto a preços correntes da agropecuária no valor adicionado bruto a preços correntes da agropecuária da grande região,%,2308609,Monsenhor Tabosa (CE),2021,0.02,0.02
5938,547,Participação do valor adicionado bruto a preços correntes da agropecuária no valor adicionado bruto a preços correntes da agropecuária da grande região,%,2308609,Monsenhor Tabosa (CE),2022,...,
5938,547,Participação do valor adicionado bruto a preços correntes da agropecuária no valor adicionado bruto a preços correntes da agropecuária da grande região,%,2308609,Monsenhor Tabosa (CE),2023,...,
5938,547,Participação do valor adicionado bruto a preços correntes da agropecuária no valor adicionado bruto a preços correntes da agropecuária da grande região,%,2313203,Tamboril (CE),2018,0.07,0.07
5938,547,Participação do valor adicionado bruto a preços correntes da agropecuária no valor adicionado bruto a preços correntes da agropecuária da grande região,%,2313203,Tamboril (CE),2019,0.08,0.08
5938,547,Participação do valor adicionado bruto a preços correntes da agropecuária no valor adicionado bruto a preços correntes da agropecuária da grande região,%,2313203,Tamboril (CE),2020,0.07,0.07
5938,547,Participação do valor adicionado bruto a preços correntes da agropecuária no valor adicionado bruto a preços correntes da agropecuária da grande região,%,2313203,Tamboril (CE),2021,0.07,0.07
5938,547,Participação do valor adicionado bruto a preços correntes da agropecuária no valor adicionado bruto a preços correntes da agropecuária da grande região,%,2313203,Tamboril (CE),2022,...,
5938,547,Participação do valor adicionado bruto a preços correntes da agropecuária no valor adicionado bruto a preços correntes da agropecuária da grande região,%,2313203,Tamboril (CE),2023,...,
5938,547,Participação do valor adicionado bruto a preços correntes da agropecuária no valor adicionado bruto a preços correntes da agropecuária da grande região,%,2310506,Pedra Branca (CE),2018,0.04,0.04
5938,547,Participação do valor adicionado bruto a preços correntes da agropecuária no valor adicionado bruto a preços correntes da agropecuária da grande região,%,2310506,Pedra Branca (CE),2019,0.04,0.04
5938,547,Participação do valor adicionado bruto a preços correntes da agropecuária no valor adicionado bruto a preços correntes da agropecuária da grande região,%,2310506,Pedra Branca (CE),2020,0.05,0.05
5938,547,Participação do valor adicionado bruto a preços correntes da agropecuária no valor adicionado bruto a preços correntes da agropecuária da grande região,%,2310506,Pedra Branca (CE),2021,0.04,0.04
5938,547,Participação do valor adicionado bruto a preços correntes da agropecuária no valor adicionado bruto a preços correntes da agropecuária da grande região,%,2310506,Pedra Branca (CE),2022,...,
5938,547,Participação do valor adicionado bruto a preços correntes da agropecuária no valor adicionado bruto a preços correntes da agropecuária da grande região,%,2310506,Pedra Branca (CE),2023,...,
5938,514,Participação do valor adicionado bruto a preços correntes da agropecuária no valor adicionado bruto a preços correntes da agropecuária do Brasil,%,2302404,Boa Viagem (CE),2018,0.01,0.01
5938,514,Participação do valor adicionado bruto a preços correntes da agropecuária no valor adicionado bruto a preços correntes da agropecuária do Brasil,%,2302404,Boa Viagem (CE),2019,0.01,0.01
5938,514,Participação do valor adicionado bruto a preços correntes da agropecuária no valor adicionado bruto a preços correntes da agropecuária do Brasil,%,2302404,Boa Viagem (CE),2020,0.01,0.01
5938,514,Participação do valor adicionado bruto a preços correntes da agropecuária no valor adicionado bruto a preços correntes da agropecuária do Brasil,%,2302404,Boa Viagem (CE),2021,0.01,0.01
5938,514,Participação do valor adicionado bruto a preços correntes da agropecuária no valor adicionado bruto a preços correntes da agropecuária do Brasil,%,2302404,Boa Viagem (CE),2022,...,
5938,514,Participação do valor adicionado bruto a preços correntes da agropecuária no valor adicionado bruto a preços correntes da agropecuária do Brasil,%,2302404,Boa Viagem (CE),2023,...,
5938,514,Participação do valor adicionado bruto a preços correntes da agropecuária no valor adicionado bruto a preços correntes da agropecuária do Brasil,%,2307635,Madalena (CE),2018,0.00,0.0
5938,514,Participação do valor adicionado bruto a preços correntes da agropecuária no valor adicionado bruto a preços correntes da agropecuária do Brasil,%,2307635,Madalena (CE),2019,0.01,0.01
5938,514,Participação do valor adicionado bruto a preços correntes da agropecuária no valor adicionado bruto a preços correntes da agropecuária do Brasil,%,2307635,Madalena (CE),2020,0.00,0.0
5938,514,Participação do valor adicionado bruto a preços correntes da agropecuária no valor adicionado bruto a preços correntes da agropecuária do Brasil,%,2307635,Madalena (CE),2021,0.00,0.0
5938,514,Participação do valor adicionado bruto a preços correntes da agropecuária no valor adicionado bruto a preços correntes da agropecuária do Brasil,%,2307635,Madalena (CE),2022,...,
5938,514,Participação do valor adicionado bruto a preços correntes da agropecuária no valor adicionado bruto a preços correntes da agropecuária do Brasil,%,2307635,Madalena (CE),2023,...,
5938,514,Participação do valor adicionado bruto a preços correntes da agropecuária no valor adicionado bruto a preços correntes da agropecuária do Brasil,%,2311405,Quixeramobim (CE),2018,0.02,0.02
5938,514,Participação do valor adicionado bruto a preços correntes da agropecuária no valor adicionado bruto a preços correntes da agropecuária do Brasil,%,2311405,Quixeramobim (CE),2019,0.03,0.03
5938,514,Participação do valor adicionado bruto a preços correntes da agropecuária no valor adicionado bruto a preços correntes da agropecuária do Brasil,%,2311405,Quixeramobim (CE),2020,0.03,0.03
5938,514,Participação do valor adicionado bruto a preços correntes da agropecuária no valor adicionado bruto a preços correntes da agropecuária do Brasil,%,2311405,Quixeramobim (CE),2021,0.03,0.03
5938,514,Participação do valor adicionado bruto a preços correntes da agropecuária no valor adicionado bruto a preços correntes da agropecuária do Brasil,%,2311405,Quixeramobim (CE),2022,...,
5938,514,Participação do valor adicionado bruto a preços correntes da agropecuária no valor adicionado bruto a preços correntes da agropecuária do Brasil,%,2311405,Quixeramobim (CE),2023,...,
5938,514,Participação do valor adicionado bruto a preços correntes da agropecuária no valor adicionado bruto a preços correntes da agropecuária do Brasil,%,2302800,Canindé (CE),2018,0.01,0.01
5938,514,Participação do valor adicionado bruto a preços correntes da agropecuária no valor adicionado bruto a preços correntes da agropecuária do Brasil,%,2302800,Canindé (CE),2019,0.01,0.01
5938,514,Participação do valor adicionado bruto a preços correntes da agropecuária no valor adicionado bruto a preços correntes da agropecuária do Brasil,%,2302800,Canindé (CE),2020,0.01,0.01
5938,514,Participação do valor adicionado bruto a preços correntes da agropecuária no valor adicionado bruto a preços correntes da agropecuária do Brasil,%,2302800,Canindé (CE),2021,0.01,0.01
5938,514,Participação do valor adicionado bruto a preços correntes da agropecuária no valor adicionado bruto a preços correntes da agropecuária do Brasil,%,2302800,Canindé (CE),2022,...,
5938,514,Participação do valor adicionado bruto a preços correntes da agropecuária no valor adicionado bruto a preços correntes da agropecuária do Brasil,%,2302800,Canindé (CE),2023,...,
5938,514,Participação do valor adicionado bruto a preços correntes da agropecuária no valor adicionado bruto a preços correntes da agropecuária do Brasil,%,2308609,Monsenhor Tabosa (CE),2018,0.00,0.0
5938,514,Participação do valor adicionado bruto a preços correntes da agropecuária no valor adicionado bruto a preços correntes da agropecuária do Brasil,%,2308609,Monsenhor Tabosa (CE),2019,0.00,0.0
5938,514,Participação do valor adicionado bruto a preços correntes da agropecuária no valor adicionado bruto a preços correntes da agropecuária do Brasil,%,2308609,Monsenhor Tabosa (CE),2020,0.00,0.0
5938,514,Participação do valor adicionado bruto a preços correntes da agropecuária no valor adicionado bruto a preços correntes da agropecuária do Brasil,%,2308609,Monsenhor Tabosa (CE),2021,0.00,0.0
5938,514,Participação do valor adicionado bruto a preços correntes da agropecuária no valor adicionado bruto a preços correntes da agropecuária do Brasil,%,2308609,Monsenhor Tabosa (CE),2022,...,
5938,514,Participação do valor adicionado bruto a preços correntes da agropecuária no valor adicionado bruto a preços correntes da agropecuária do Brasil,%,2308609,Monsenhor Tabosa (CE),2023,...,
5938,514,Participação do valor adicionado bruto a preços correntes da agropecuária no valor adicionado bruto a preços correntes da agropecuária do Brasil,%,2313203,Tamboril (CE),2018,0.01,0.01
5938,514,Participação do valor adicionado bruto a preços correntes da agropecuária no valor adicionado bruto a preços correntes da agropecuária do Brasil,%,2313203,Tamboril (CE),2019,0.01,0.01
5938,514,Participação do valor adicionado bruto a preços correntes da agropecuária no valor adicionado bruto a preços correntes da agropecuária do Brasil,%,2313203,Tamboril (CE),2020,0.01,0.01
5938,514,Participação do valor adicionado bruto a preços correntes da agropecuária no valor adicionado bruto a preços correntes da agropecuária do Brasil,%,2313203,Tamboril (CE),2021,0.01,0.01
5938,514,Participação do valor adicionado bruto a preços correntes da agropecuária no valor adicionado bruto a preços correntes da agropecuária do Brasil,%,2313203,Tamboril (CE),2022,...,
5938,514,Participação do valor adicionado bruto a preços correntes da agropecuária no valor adicionado bruto a preços correntes da agropecuária do Brasil,%,2313203,Tamboril (CE),2023,...,
5938,514,Participação do valor adicionado bruto a preços correntes da agropecuária no valor adicionado bruto a preços correntes da agropecuária do Brasil,%,2310506,Pedra Branca (CE),2018,0.01,0.01
5938,514,Participação do valor adicionado bruto a preços correntes da agropecuária no valor adicionado bruto a preços correntes da agropecuária do Brasil,%,2310506,Pedra Branca (CE),2019,0.01,0.01
5938,514,Participação do valor adicionado bruto a preços correntes da agropecuária no valor adicionado bruto a preços correntes da agropecuária do Brasil,%,2310506,Pedra Branca (CE),2020,0.01,0.01
5938,514,Participação do valor adicionado bruto a preços correntes da agropecuária no valor adicionado bruto a preços correntes da agropecuária do Brasil,%,2310506,Pedra Branca (CE),2021,0.01,0.01
5938,514,Participação do valor adicionado bruto a preços correntes da agropecuária no valor adicionado bruto a preços correntes da agropecuária do Brasil,%,2310506,Pedra Branca (CE),2022,...,
5938,514,Participação do valor adicionado bruto a preços correntes da agropecuária no valor adicionado bruto a preços correntes da agropecuária do Brasil,%,2310506,Pedra Branca (CE),2023,...,
5938,517,Valor adicionado bruto a preços correntes da indústria,Mil Reais,2302404,Boa Viagem (CE),2018,23313,23313.0
5938,517,Valor adicionado bruto a preços correntes da indústria,Mil Reais,2302404,Boa Viagem (CE),2019,29677,29677.0
5938,517,Valor adicionado bruto a preços correntes da indústria,Mil Reais,2302404,Boa Viagem (CE),2020,34466,34466.0
5938,517,Valor adicionado bruto a preços correntes da indústria,Mil Reais,2302404,Boa Viagem (CE),2021,36881,36881.0
5938,517,Valor adicionado bruto a preços correntes da indústria,Mil Reais,2302404,Boa Viagem (CE),2022,...,
5938,517,Valor adicionado bruto a preços correntes da indústria,Mil Reais,2302404,Boa Viagem (CE),2023,...,
5938,517,Valor adicionado bruto a preços correntes da indústria,Mil Reais,2307635,Madalena (CE),2018,2525,2525.0
5938,517,Valor adicionado bruto a preços correntes da indústria,Mil Reais,2307635,Madalena (CE),2019,3699,3699.0
5938,517,Valor adicionado bruto a preços correntes da indústria,Mil Reais,2307635,Madalena (CE),2020,4900,4900.0
5938,517,Valor adicionado bruto a preços correntes da indústria,Mil Reais,2307635,Madalena (CE),2021,5525,5525.0
5938,517,Valor adicionado bruto a preços correntes da indústria,Mil Reais,2307635,Madalena (CE),2022,...,
5938,517,Valor adicionado bruto a preços correntes da indústria,Mil Reais,2307635,Madalena (CE),2023,...,
5938,517,Valor adicionado bruto a preços correntes da indústria,Mil Reais,2311405,Quixeramobim (CE),2018,239200,239200.0
5938,517,Valor adicionado bruto a preços correntes da indústria,Mil Reais,2311405,Quixeramobim (CE),2019,309402,309402.0
5938,517,Valor adicionado bruto a preços correntes da indústria,Mil Reais,2311405,Quixeramobim (CE),2020,235774,235774.0
5938,517,Valor adicionado bruto a preços correntes da indústria,Mil Reais,2311405,Quixeramobim (CE),2021,290142,290142.0
5938,517,Valor adicionado bruto a preços correntes da indústria,Mil Reais,2311405,Quixeramobim (CE),2022,...,
5938,517,Valor adicionado bruto a preços correntes da indústria,Mil Reais,2311405,Quixeramobim (CE),2023,...,
5938,517,Valor adicionado bruto a preços correntes da indústria,Mil Reais,2302800,Canindé (CE),2018,35265,35265.0
5938,517,Valor adicionado bruto a preços correntes da indústria,Mil Reais,2302800,Canindé (CE),2019,64773,64773.0
5938,517,Valor adicionado bruto a preços correntes da indústria,Mil Reais,2302800,Canindé (CE),2020,84126,84126.0
5938,517,Valor adicionado bruto a preços correntes da indústria,Mil Reais,2302800,Canindé (CE),2021,72822,72822.0
5938,517,Valor adicionado bruto a preços correntes da indústria,Mil Reais,2302800,Canindé (CE),2022,...,
5938,517,Valor adicionado bruto a preços correntes da indústria,Mil Reais,2302800,Canindé (CE),2023,...,
5938,517,Valor adicionado bruto a preços correntes da indústria,Mil Reais,2308609,Monsenhor Tabosa (CE),2018,3588,3588.0
5938,517,Valor adicionado bruto a preços correntes da indústria,Mil Reais,2308609,Monsenhor Tabosa (CE),2019,7039,7039.0
5938,517,Valor adicionado bruto a preços correntes da indústria,Mil Reais,2308609,Monsenhor Tabosa (CE),2020,5887,5887.0
5938,517,Valor adicionado bruto a preços correntes da indústria,Mil Reais,2308609,Monsenhor Tabosa (CE),2021,4102,4102.0
5938,517,Valor adicionado bruto a preços correntes da indústria,Mil Reais,2308609,Monsenhor Tabosa (CE),2022,...,
5938,517,Valor adicionado bruto a preços correntes da indústria,Mil Reais,2308609,Monsenhor Tabosa (CE),2023,...,
5938,517,Valor adicionado bruto a preços correntes da indústria,Mil Reais,2313203,Tamboril (CE),2018,6203,6203.0
5938,517,Valor adicionado bruto a preços correntes da indústria,Mil Reais,2313203,Tamboril (CE),2019,6850,6850.0
5938,517,Valor adicionado bruto a preços correntes da indústria,Mil Reais,2313203,Tamboril (CE),2020,8015,8015.0
5938,517,Valor adicionado bruto a preços correntes da indústria,Mil Reais,2313203,Tamboril (CE),2021,8718,8718.0
5938,517,Valor adicionado bruto a preços correntes da indústria,Mil Reais,2313203,Tamboril (CE),2022,...,
5938,517,Valor adicionado bruto a preços correntes da indústria,Mil Reais,2313203,Tamboril (CE),2023,...,
5938,517,Valor adicionado bruto a preços correntes da indústria,Mil Reais,2310506,Pedra Branca (CE),2018,6407,6407.0
5938,517,Valor adicionado bruto a preços correntes da indústria,Mil Reais,2310506,Pedra Branca (CE),2019,8327,8327.0
5938,517,Valor adicionado bruto a preços correntes da indústria,Mil Reais,2310506,Pedra Branca (CE),2020,10159,10159.0
5938,517,Valor adicionado bruto a preços correntes da indústria,Mil Reais,2310506,Pedra Branca (CE),2021,9630,9630.0
5938,517,Valor adicionado bruto a preços correntes da indústria,Mil Reais,2310506,Pedra Branca (CE),2022,...,
5938,517,Valor adicionado bruto a preços correntes da indústria,Mil Reais,2310506,Pedra Branca (CE),2023,...,
5938,520,Participação do valor adicionado bruto a preços correntes da indústria no valor adicionado bruto a preços correntes total,%,2302404,Boa Viagem (CE),2018,6.17,6.17
5938,520,Participação do valor adicionado bruto a preços correntes da indústria no valor adicionado bruto a preços correntes total,%,2302404,Boa Viagem (CE),2019,6.74,6.74
5938,520,Participação do valor adicionado bruto a preços correntes da indústria no valor adicionado bruto a preços correntes total,%,2302404,Boa Viagem (CE),2020,7.21,7.21
5938,520,Participação do valor adicionado bruto a preços correntes da indústria no valor adicionado bruto a preços correntes total,%,2302404,Boa Viagem (CE),2021,7.34,7.34
5938,520,Participação do valor adicionado bruto a preços correntes da indústria no valor adicionado bruto a preços correntes total,%,2302404,Boa Viagem (CE),2022,...,
5938,520,Participação do valor adicionado bruto a preços correntes da indústria no valor adicionado bruto a preços correntes total,%,2302404,Boa Viagem (CE),2023,...,
5938,520,Participação do valor adicionado bruto a preços correntes da indústria no valor adicionado bruto a preços correntes total,%,2307635,Madalena (CE),2018,1.99,1.99
5938,520,Participação do valor adicionado bruto a preços correntes da indústria no valor adicionado bruto a preços correntes total,%,2307635,Madalena (CE),2019,2.73,2.73
5938,520,Participação do valor adicionado bruto a preços correntes da indústria no valor adicionado bruto a preços correntes total,%,2307635,Madalena (CE),2020,3.18,3.18
5938,520,Participação do valor adicionado bruto a preços correntes da indústria no valor adicionado bruto a preços correntes total,%,2307635,Madalena (CE),2021,3.34,3.34
5938,520,Participação do valor adicionado bruto a preços correntes da indústria no valor adicionado bruto a preços correntes total,%,2307635,Madalena (CE),2022,...,
5938,520,Participação do valor adicionado bruto a preços correntes da indústria no valor adicionado bruto a preços correntes total,%,2307635,Madalena (CE),2023,...,
5938,520,Participação do valor adicionado bruto a preços correntes da indústria no valor adicionado bruto a preços correntes total,%,2311405,Quixeramobim (CE),2018,24.55,24.55
5938,520,Participação do valor adicionado bruto a preços correntes da indústria no valor adicionado bruto a preços correntes total,%,2311405,Quixeramobim (CE),2019,27.49,27.49
5938,520,Participação do valor adicionado bruto a preços correntes da indústria no valor adicionado bruto a preços correntes total,%,2311405,Quixeramobim (CE),2020,21.62,21.62
5938,520,Participação do valor adicionado bruto a preços correntes da indústria no valor adicionado bruto a preços correntes total,%,2311405,Quixeramobim (CE),2021,22.66,22.66
5938,520,Participação do valor adicionado bruto a preços correntes da indústria no valor adicionado bruto a preços correntes total,%,2311405,Quixeramobim (CE),2022,...,
5938,520,Participação do valor adicionado bruto a preços correntes da indústria no valor adicionado bruto a preços correntes total,%,2311405,Quixeramobim (CE),2023,...,
5938,520,Participação do valor adicionado bruto a preços correntes da indústria no valor adicionado bruto a preços correntes total,%,2302800,Canindé (CE),2018,5.69,5.69
5938,520,Participação do valor adicionado bruto a preços correntes da indústria no valor adicionado bruto a preços correntes total,%,2302800,Canindé (CE),2019,7.80,7.8
5938,520,Participação do valor adicionado bruto a preços correntes da indústria no valor adicionado bruto a preços correntes total,%,2302800,Canindé (CE),2020,10.20,10.2
5938,520,Participação do valor adicionado bruto a preços correntes da indústria no valor adicionado bruto a preços correntes total,%,2302800,Canindé (CE),2021,8.60,8.6
5938,520,Participação do valor adicionado bruto a preços correntes da indústria no valor adicionado bruto a preços correntes total,%,2302800,Canindé (CE),2022,...,
5938,520,Participação do valor adicionado bruto a preços correntes da indústria no valor adicionado bruto a preços correntes total,%,2302800,Canindé (CE),2023,...,
5938,520,Participação do valor adicionado bruto a preços correntes da indústria no valor adicionado bruto a preços correntes total,%,2308609,Monsenhor Tabosa (CE),2018,2.87,2.87
5938,520,Participação do valor adicionado bruto a preços correntes da indústria no valor adicionado bruto a preços correntes total,%,2308609,Monsenhor Tabosa (CE),2019,5.24,5.24
5938,520,Participação do valor adicionado bruto a preços correntes da indústria no valor adicionado bruto a preços correntes total,%,2308609,Monsenhor Tabosa (CE),2020,4.14,4.14
5938,520,Participação do valor adicionado bruto a preços correntes da indústria no valor adicionado bruto a preços correntes total,%,2308609,Monsenhor Tabosa (CE),2021,2.70,2.7
5938,520,Participação do valor adicionado bruto a preços correntes da indústria no valor adicionado bruto a preços correntes total,%,2308609,Monsenhor Tabosa (CE),2022,...,
5938,520,Participação do valor adicionado bruto a preços correntes da indústria no valor adicionado bruto a preços correntes total,%,2308609,Monsenhor Tabosa (CE),2023,...,
5938,520,Participação do valor adicionado bruto a preços correntes da indústria no valor adicionado bruto a preços correntes total,%,2313203,Tamboril (CE),2018,3.03,3.03
5938,520,Participação do valor adicionado bruto a preços correntes da indústria no valor adicionado bruto a preços correntes total,%,2313203,Tamboril (CE),2019,2.97,2.97
5938,520,Participação do valor adicionado bruto a preços correntes da indústria no valor adicionado bruto a preços correntes total,%,2313203,Tamboril (CE),2020,3.17,3.17
5938,520,Participação do valor adicionado bruto a preços correntes da indústria no valor adicionado bruto a preços correntes total,%,2313203,Tamboril (CE),2021,3.21,3.21
5938,520,Participação do valor adicionado bruto a preços correntes da indústria no valor adicionado bruto a preços correntes total,%,2313203,Tamboril (CE),2022,...,
5938,520,Participação do valor adicionado bruto a preços correntes da indústria no valor adicionado bruto a preços correntes total,%,2313203,Tamboril (CE),2023,...,
5938,520,Participação do valor adicionado bruto a preços correntes da indústria no valor adicionado bruto a preços correntes total,%,2310506,Pedra Branca (CE),2018,2.24,2.24
5938,520,Participação do valor adicionado bruto a preços correntes da indústria no valor adicionado bruto a preços correntes total,%,2310506,Pedra Branca (CE),2019,2.62,2.62
5938,520,Participação do valor adicionado bruto a preços correntes da indústria no valor adicionado bruto a preços correntes total,%,2310506,Pedra Branca (CE),2020,2.80,2.8
5938,520,Participação do valor adicionado bruto a preços correntes da indústria no valor adicionado bruto a preços correntes total,%,2310506,Pedra Branca (CE),2021,2.60,2.6
5938,520,Participação do valor adicionado bruto a preços correntes da indústria no valor adicionado bruto a preços correntes total,%,2310506,Pedra Branca (CE),2022,...,
5938,520,Participação do valor adicionado bruto a preços correntes da indústria no valor adicionado bruto a preços correntes total,%,2310506,Pedra Branca (CE),2023,...,
5938,559,Participação do valor adicionado bruto a preços correntes da indústria no valor adicionado bruto a preços correntes da indústria da microrregião geográfica,%,2302404,Boa Viagem (CE),2018,6.05,6.05
5938,559,Participação do valor adicionado bruto a preços correntes da indústria no valor adicionado bruto a preços correntes da indústria da microrregião geográfica,%,2302404,Boa Viagem (CE),2019,7.08,7.08
5938,559,Participação do valor adicionado bruto a preços correntes da indústria no valor adicionado bruto a preços correntes da indústria da microrregião geográfica,%,2302404,Boa Viagem (CE),2020,9.14,9.14
5938,559,Participação do valor adicionado bruto a preços correntes da indústria no valor adicionado bruto a preços correntes da indústria da microrregião geográfica,%,2302404,Boa Viagem (CE),2021,8.16,8.16
5938,559,Participação do valor adicionado bruto a preços correntes da indústria no valor adicionado bruto a preços correntes da indústria da microrregião geográfica,%,2302404,Boa Viagem (CE),2022,...,
5938,559,Participação do valor adicionado bruto a preços correntes da indústria no valor adicionado bruto a preços correntes da indústria da microrregião geográfica,%,2302404,Boa Viagem (CE),2023,...,
5938,559,Participação do valor adicionado bruto a preços correntes da indústria no valor adicionado bruto a preços correntes da indústria da microrregião geográfica,%,2307635,Madalena (CE),2018,0.66,0.66
5938,559,Participação do valor adicionado bruto a preços correntes da indústria no valor adicionado bruto a preços correntes da indústria da microrregião geográfica,%,2307635,Madalena (CE),2019,0.88,0.88
5938,559,Participação do valor adicionado bruto a preços correntes da indústria no valor adicionado bruto a preços correntes da indústria da microrregião geográfica,%,2307635,Madalena (CE),2020,1.30,1.3
5938,559,Participação do valor adicionado bruto a preços correntes da indústria no valor adicionado bruto a preços correntes da indústria da microrregião geográfica,%,2307635,Madalena (CE),2021,1.22,1.22
5938,559,Participação do valor adicionado bruto a preços correntes da indústria no valor adicionado bruto a preços correntes da indústria da microrregião geográfica,%,2307635,Madalena (CE),2022,...,
5938,559,Participação do valor adicionado bruto a preços correntes da indústria no valor adicionado bruto a preços correntes da indústria da microrregião geográfica,%,2307635,Madalena (CE),2023,...,
5938,559,Participação do valor adicionado bruto a preços correntes da indústria no valor adicionado bruto a preços correntes da indústria da microrregião geográfica,%,2311405,Quixeramobim (CE),2018,62.10,62.1
5938,559,Participação do valor adicionado bruto a preços correntes da indústria no valor adicionado bruto a preços correntes da indústria da microrregião geográfica,%,2311405,Quixeramobim (CE),2019,73.78,73.78
5938,559,Participação do valor adicionado bruto a preços correntes da indústria no valor adicionado bruto a preços correntes da indústria da microrregião geográfica,%,2311405,Quixeramobim (CE),2020,62.51,62.51
5938,559,Participação do valor adicionado bruto a preços correntes da indústria no valor adicionado bruto a preços correntes da indústria da microrregião geográfica,%,2311405,Quixeramobim (CE),2021,64.17,64.17
5938,559,Participação do valor adicionado bruto a preços correntes da indústria no valor adicionado bruto a preços correntes da indústria da microrregião geográfica,%,2311405,Quixeramobim (CE),2022,...,
5938,559,Participação do valor adicionado bruto a preços correntes da indústria no valor adicionado bruto a preços correntes da indústria da microrregião geográfica,%,2311405,Quixeramobim (CE),2023,...,
5938,559,Participação do valor adicionado bruto a preços correntes da indústria no valor adicionado bruto a preços correntes da indústria da microrregião geográfica,%,2302800,Canindé (CE),2018,75.59,75.59
5938,559,Participação do valor adicionado bruto a preços correntes da indústria no valor adicionado bruto a preços correntes da indústria da microrregião geográfica,%,2302800,Canindé (CE),2019,83.76,83.76
5938,559,Participação do valor adicionado bruto a preços correntes da indústria no valor adicionado bruto a preços correntes da indústria da microrregião geográfica,%,2302800,Canindé (CE),2020,85.16,85.16
5938,559,Participação do valor adicionado bruto a preços correntes da indústria no valor adicionado bruto a preços correntes da indústria da microrregião geográfica,%,2302800,Canindé (CE),2021,82.44,82.44
5938,559,Participação do valor adicionado bruto a preços correntes da indústria no valor adicionado bruto a preços correntes da indústria da microrregião geográfica,%,2302800,Canindé (CE),2022,...,
5938,559,Participação do valor adicionado bruto a preços correntes da indústria no valor adicionado bruto a preços correntes da indústria da microrregião geográfica,%,2302800,Canindé (CE),2023,...,
5938,559,Participação do valor adicionado bruto a preços correntes da indústria no valor adicionado bruto a preços correntes da indústria da microrregião geográfica,%,2308609,Monsenhor Tabosa (CE),2018,3.26,3.26
5938,559,Participação do valor adicionado bruto a preços correntes da indústria no valor adicionado bruto a preços correntes da indústria da microrregião geográfica,%,2308609,Monsenhor Tabosa (CE),2019,6.11,6.11
5938,559,Participação do valor adicionado bruto a preços correntes da indústria no valor adicionado bruto a preços correntes da indústria da microrregião geográfica,%,2308609,Monsenhor Tabosa (CE),2020,4.82,4.82
5938,559,Participação do valor adicionado bruto a preços correntes da indústria no valor adicionado bruto a preços correntes da indústria da microrregião geográfica,%,2308609,Monsenhor Tabosa (CE),2021,3.40,3.4
5938,559,Participação do valor adicionado bruto a preços correntes da indústria no valor adicionado bruto a preços correntes da indústria da microrregião geográfica,%,2308609,Monsenhor Tabosa (CE),2022,...,
5938,559,Participação do valor adicionado bruto a preços correntes da indústria no valor adicionado bruto a preços correntes da indústria da microrregião geográfica,%,2308609,Monsenhor Tabosa (CE),2023,...,
5938,559,Participação do valor adicionado bruto a preços correntes da indústria no valor adicionado bruto a preços correntes da indústria da microrregião geográfica,%,2313203,Tamboril (CE),2018,5.63,5.63
5938,559,Participação do valor adicionado bruto a preços correntes da indústria no valor adicionado bruto a preços correntes da indústria da microrregião geográfica,%,2313203,Tamboril (CE),2019,5.94,5.94
5938,559,Participação do valor adicionado bruto a preços correntes da indústria no valor adicionado bruto a preços correntes da indústria da microrregião geográfica,%,2313203,Tamboril (CE),2020,6.57,6.57
5938,559,Participação do valor adicionado bruto a preços correntes da indústria no valor adicionado bruto a preços correntes da indústria da microrregião geográfica,%,2313203,Tamboril (CE),2021,7.23,7.23
5938,559,Participação do valor adicionado bruto a preços correntes da indústria no valor adicionado bruto a preços correntes da indústria da microrregião geográfica,%,2313203,Tamboril (CE),2022,...,
5938,559,Participação do valor adicionado bruto a preços correntes da indústria no valor adicionado bruto a preços correntes da indústria da microrregião geográfica,%,2313203,Tamboril (CE),2023,...,
5938,559,Participação do valor adicionado bruto a preços correntes da indústria no valor adicionado bruto a preços correntes da indústria da microrregião geográfica,%,2310506,Pedra Branca (CE),2018,4.51,4.51
5938,559,Participação do valor adicionado bruto a preços correntes da indústria no valor adicionado bruto a preços correntes da indústria da microrregião geográfica,%,2310506,Pedra Branca (CE),2019,6.41,6.41
5938,559,Participação do valor adicionado bruto a preços correntes da indústria no valor adicionado bruto a preços correntes da indústria da microrregião geográfica,%,2310506,Pedra Branca (CE),2020,7.18,7.18
5938,559,Participação do valor adicionado bruto a preços correntes da indústria no valor adicionado bruto a preços correntes da indústria da microrregião geográfica,%,2310506,Pedra Branca (CE),2021,5.31,5.31
5938,559,Participação do valor adicionado bruto a preços correntes da indústria no valor adicionado bruto a preços correntes da indústria da microrregião geográfica,%,2310506,Pedra Branca (CE),2022,...,
5938,559,Participação do valor adicionado bruto a preços correntes da indústria no valor adicionado bruto a preços correntes da indústria da microrregião geográfica,%,2310506,Pedra Branca (CE),2023,...,
5938,558,Participação do valor adicionado bruto a preços correntes da indústria no valor adicionado bruto a preços correntes da indústria da mesorregião geográfica,%,2302404,Boa Viagem (CE),2018,3.41,3.41
5938,558,Participação do valor adicionado bruto a preços correntes da indústria no valor adicionado bruto a preços correntes da indústria da mesorregião geográfica,%,2302404,Boa Viagem (CE),2019,4.11,4.11
5938,558,Participação do valor adicionado bruto a preços correntes da indústria no valor adicionado bruto a preços correntes da indústria da mesorregião geográfica,%,2302404,Boa Viagem (CE),2020,4.88,4.88
5938,558,Participação do valor adicionado bruto a preços correntes da indústria no valor adicionado bruto a preços correntes da indústria da mesorregião geográfica,%,2302404,Boa Viagem (CE),2021,4.53,4.53
5938,558,Participação do valor adicionado bruto a preços correntes da indústria no valor adicionado bruto a preços correntes da indústria da mesorregião geográfica,%,2302404,Boa Viagem (CE),2022,...,
5938,558,Participação do valor adicionado bruto a preços correntes da indústria no valor adicionado bruto a preços correntes da indústria da mesorregião geográfica,%,2302404,Boa Viagem (CE),2023,...,
5938,558,Participação do valor adicionado bruto a preços correntes da indústria no valor adicionado bruto a preços correntes da indústria da mesorregião geográfica,%,2307635,Madalena (CE),2018,0.37,0.37
5938,558,Participação do valor adicionado bruto a preços correntes da indústria no valor adicionado bruto a preços correntes da indústria da mesorregião geográfica,%,2307635,Madalena (CE),2019,0.51,0.51
5938,558,Participação do valor adicionado bruto a preços correntes da indústria no valor adicionado bruto a preços correntes da indústria da mesorregião geográfica,%,2307635,Madalena (CE),2020,0.69,0.69
5938,558,Participação do valor adicionado bruto a preços correntes da indústria no valor adicionado bruto a preços correntes da indústria da mesorregião geográfica,%,2307635,Madalena (CE),2021,0.68,0.68
5938,558,Participação do valor adicionado bruto a preços correntes da indústria no valor adicionado bruto a preços correntes da indústria da mesorregião geográfica,%,2307635,Madalena (CE),2022,...,
5938,558,Participação do valor adicionado bruto a preços correntes da indústria no valor adicionado bruto a preços correntes da indústria da mesorregião geográfica,%,2307635,Madalena (CE),2023,...,
5938,558,Participação do valor adicionado bruto a preços correntes da indústria no valor adicionado bruto a preços correntes da indústria da mesorregião geográfica,%,2311405,Quixeramobim (CE),2018,34.95,34.95
5938,558,Participação do valor adicionado bruto a preços correntes da indústria no valor adicionado bruto a preços correntes da indústria da mesorregião geográfica,%,2311405,Quixeramobim (CE),2019,42.83,42.83
5938,558,Participação do valor adicionado bruto a preços correntes da indústria no valor adicionado bruto a preços correntes da indústria da mesorregião geográfica,%,2311405,Quixeramobim (CE),2020,33.39,33.39
5938,558,Participação do valor adicionado bruto a preços correntes da indústria no valor adicionado bruto a preços correntes da indústria da mesorregião geográfica,%,2311405,Quixeramobim (CE),2021,35.64,35.64
5938,558,Participação do valor adicionado bruto a preços correntes da indústria no valor adicionado bruto a preços correntes da indústria da mesorregião geográfica,%,2311405,Quixeramobim (CE),2022,...,
5938,558,Participação do valor adicionado bruto a preços correntes da indústria no valor adicionado bruto a preços correntes da indústria da mesorregião geográfica,%,2311405,Quixeramobim (CE),2023,...,
5938,558,Participação do valor adicionado bruto a preços correntes da indústria no valor adicionado bruto a preços correntes da indústria da mesorregião geográfica,%,2302800,Canindé (CE),2018,0.87,0.87
5938,558,Participação do valor adicionado bruto a preços correntes da indústria no valor adicionado bruto a preços correntes da indústria da mesorregião geográfica,%,2302800,Canindé (CE),2019,1.80,1.8
5938,558,Participação do valor adicionado bruto a preços correntes da indústria no valor adicionado bruto a preços correntes da indústria da mesorregião geográfica,%,2302800,Canindé (CE),2020,2.23,2.23
5938,558,Participação do valor adicionado bruto a preços correntes da indústria no valor adicionado bruto a preços correntes da indústria da mesorregião geográfica,%,2302800,Canindé (CE),2021,1.01,1.01
5938,558,Participação do valor adicionado bruto a preços correntes da indústria no valor adicionado bruto a preços correntes da indústria da mesorregião geográfica,%,2302800,Canindé (CE),2022,...,
5938,558,Participação do valor adicionado bruto a preços correntes da indústria no valor adicionado bruto a preços correntes da indústria da mesorregião geográfica,%,2302800,Canindé (CE),2023,...,
5938,558,Participação do valor adicionado bruto a preços correntes da indústria no valor adicionado bruto a preços correntes da indústria da mesorregião geográfica,%,2308609,Monsenhor Tabosa (CE),2018,0.52,0.52
5938,558,Participação do valor adicionado bruto a preços correntes da indústria no valor adicionado bruto a preços correntes da indústria da mesorregião geográfica,%,2308609,Monsenhor Tabosa (CE),2019,0.97,0.97
5938,558,Participação do valor adicionado bruto a preços correntes da indústria no valor adicionado bruto a preços correntes da indústria da mesorregião geográfica,%,2308609,Monsenhor Tabosa (CE),2020,0.83,0.83
5938,558,Participação do valor adicionado bruto a preços correntes da indústria no valor adicionado bruto a preços correntes da indústria da mesorregião geográfica,%,2308609,Monsenhor Tabosa (CE),2021,0.50,0.5
5938,558,Participação do valor adicionado bruto a preços correntes da indústria no valor adicionado bruto a preços correntes da indústria da mesorregião geográfica,%,2308609,Monsenhor Tabosa (CE),2022,...,
5938,558,Participação do valor adicionado bruto a preços correntes da indústria no valor adicionado bruto a preços correntes da indústria da mesorregião geográfica,%,2308609,Monsenhor Tabosa (CE),2023,...,
5938,558,Participação do valor adicionado bruto a preços correntes da indústria no valor adicionado bruto a preços correntes da indústria da mesorregião geográfica,%,2313203,Tamboril (CE),2018,0.91,0.91
5938,558,Participação do valor adicionado bruto a preços correntes da indústria no valor adicionado bruto a preços correntes da indústria da mesorregião geográfica,%,2313203,Tamboril (CE),2019,0.95,0.95
5938,558,Participação do valor adicionado bruto a preços correntes da indústria no valor adicionado bruto a preços correntes da indústria da mesorregião geográfica,%,2313203,Tamboril (CE),2020,1.14,1.14
5938,558,Participação do valor adicionado bruto a preços correntes da indústria no valor adicionado bruto a preços correntes da indústria da mesorregião geográfica,%,2313203,Tamboril (CE),2021,1.07,1.07
5938,558,Participação do valor adicionado bruto a preços correntes da indústria no valor adicionado bruto a preços correntes da indústria da mesorregião geográfica,%,2313203,Tamboril (CE),2022,...,
5938,558,Participação do valor adicionado bruto a preços correntes da indústria no valor adicionado bruto a preços correntes da indústria da mesorregião geográfica,%,2313203,Tamboril (CE),2023,...,
5938,558,Participação do valor adicionado bruto a preços correntes da indústria no valor adicionado bruto a preços correntes da indústria da mesorregião geográfica,%,2310506,Pedra Branca (CE),2018,0.94,0.94
5938,558,Participação do valor adicionado bruto a preços correntes da indústria no valor adicionado bruto a preços correntes da indústria da mesorregião geográfica,%,2310506,Pedra Branca (CE),2019,1.15,1.15
5938,558,Participação do valor adicionado bruto a preços correntes da indústria no valor adicionado bruto a preços correntes da indústria da mesorregião geográfica,%,2310506,Pedra Branca (CE),2020,1.44,1.44
5938,558,Participação do valor adicionado bruto a preços correntes da indústria no valor adicionado bruto a preços correntes da indústria da mesorregião geográfica,%,2310506,Pedra Branca (CE),2021,1.18,1.18
5938,558,Participação do valor adicionado bruto a preços correntes da indústria no valor adicionado bruto a preços correntes da indústria da mesorregião geográfica,%,2310506,Pedra Branca (CE),2022,...,
5938,558,Participação do valor adicionado bruto a preços correntes da indústria no valor adicionado bruto a preços correntes da indústria da mesorregião geográfica,%,2310506,Pedra Branca (CE),2023,...,
5938,519,Participação do valor adicionado bruto a preços correntes da indústria no valor adicionado bruto a preços correntes da indústria da unidade da federação,%,2302404,Boa Viagem (CE),2018,0.09,0.09
5938,519,Participação do valor adicionado bruto a preços correntes da indústria no valor adicionado bruto a preços correntes da indústria da unidade da federação,%,2302404,Boa Viagem (CE),2019,0.12,0.12
5938,519,Participação do valor adicionado bruto a preços correntes da indústria no valor adicionado bruto a preços correntes da indústria da unidade da federação,%,2302404,Boa Viagem (CE),2020,0.14,0.14
5938,519,Participação do valor adicionado bruto a preços correntes da indústria no valor adicionado bruto a preços correntes da indústria da unidade da federação,%,2302404,Boa Viagem (CE),2021,0.11,0.11
5938,519,Participação do valor adicionado bruto a preços correntes da indústria no valor adicionado bruto a preços correntes da indústria da unidade da federação,%,2302404,Boa Viagem (CE),2022,...,
5938,519,Participação do valor adicionado bruto a preços correntes da indústria no valor adicionado bruto a preços correntes da indústria da unidade da federação,%,2302404,Boa Viagem (CE),2023,...,
5938,519,Participação do valor adicionado bruto a preços correntes da indústria no valor adicionado bruto a preços correntes da indústria da unidade da federação,%,2307635,Madalena (CE),2018,0.01,0.01
5938,519,Participação do valor adicionado bruto a preços correntes da indústria no valor adicionado bruto a preços correntes da indústria da unidade da federação,%,2307635,Madalena (CE),2019,0.02,0.02
5938,519,Participação do valor adicionado bruto a preços correntes da indústria no valor adicionado bruto a preços correntes da indústria da unidade da federação,%,2307635,Madalena (CE),2020,0.02,0.02
5938,519,Participação do valor adicionado bruto a preços correntes da indústria no valor adicionado bruto a preços correntes da indústria da unidade da federação,%,2307635,Madalena (CE),2021,0.02,0.02
5938,519,Participação do valor adicionado bruto a preços correntes da indústria no valor adicionado bruto a preços correntes da indústria da unidade da federação,%,2307635,Madalena (CE),2022,...,
5938,519,Participação do valor adicionado bruto a preços correntes da indústria no valor adicionado bruto a preços correntes da indústria da unidade da federação,%,2307635,Madalena (CE),2023,...,
5938,519,Participação do valor adicionado bruto a preços correntes da indústria no valor adicionado bruto a preços correntes da indústria da unidade da federação,%,2311405,Quixeramobim (CE),2018,0.96,0.96
5938,519,Participação do valor adicionado bruto a preços correntes da indústria no valor adicionado bruto a preços correntes da indústria da unidade da federação,%,2311405,Quixeramobim (CE),2019,1.27,1.27
5938,519,Participação do valor adicionado bruto a preços correntes da indústria no valor adicionado bruto a preços correntes da indústria da unidade da federação,%,2311405,Quixeramobim (CE),2020,0.94,0.94
5938,519,Participação do valor adicionado bruto a preços correntes da indústria no valor adicionado bruto a preços correntes da indústria da unidade da federação,%,2311405,Quixeramobim (CE),2021,0.85,0.85
5938,519,Participação do valor adicionado bruto a preços correntes da indústria no valor adicionado bruto a preços correntes da indústria da unidade da federação,%,2311405,Quixeramobim (CE),2022,...,
5938,519,Participação do valor adicionado bruto a preços correntes da indústria no valor adicionado bruto a preços correntes da indústria da unidade da federação,%,2311405,Quixeramobim (CE),2023,...,
5938,519,Participação do valor adicionado bruto a preços correntes da indústria no valor adicionado bruto a preços correntes da indústria da unidade da federação,%,2302800,Canindé (CE),2018,0.14,0.14
5938,519,Participação do valor adicionado bruto a preços correntes da indústria no valor adicionado bruto a preços correntes da indústria da unidade da federação,%,2302800,Canindé (CE),2019,0.27,0.27
5938,519,Participação do valor adicionado bruto a preços correntes da indústria no valor adicionado bruto a preços correntes da indústria da unidade da federação,%,2302800,Canindé (CE),2020,0.34,0.34
5938,519,Participação do valor adicionado bruto a preços correntes da indústria no valor adicionado bruto a preços correntes da indústria da unidade da federação,%,2302800,Canindé (CE),2021,0.21,0.21
5938,519,Participação do valor adicionado bruto a preços correntes da indústria no valor adicionado bruto a preços correntes da indústria da unidade da federação,%,2302800,Canindé (CE),2022,...,
5938,519,Participação do valor adicionado bruto a preços correntes da indústria no valor adicionado bruto a preços correntes da indústria da unidade da federação,%,2302800,Canindé (CE),2023,...,
5938,519,Participação do valor adicionado bruto a preços correntes da indústria no valor adicionado bruto a preços correntes da indústria da unidade da federação,%,2308609,Monsenhor Tabosa (CE),2018,0.01,0.01
5938,519,Participação do valor adicionado bruto a preços correntes da indústria no valor adicionado bruto a preços correntes da indústria da unidade da federação,%,2308609,Monsenhor Tabosa (CE),2019,0.03,0.03
5938,519,Participação do valor adicionado bruto a preços correntes da indústria no valor adicionado bruto a preços correntes da indústria da unidade da federação,%,2308609,Monsenhor Tabosa (CE),2020,0.02,0.02
5938,519,Participação do valor adicionado bruto a preços correntes da indústria no valor adicionado bruto a preços correntes da indústria da unidade da federação,%,2308609,Monsenhor Tabosa (CE),2021,0.01,0.01
5938,519,Participação do valor adicionado bruto a preços correntes da indústria no valor adicionado bruto a preços correntes da indústria da unidade da federação,%,2308609,Monsenhor Tabosa (CE),2022,...,
5938,519,Participação do valor adicionado bruto a preços correntes da indústria no valor adicionado bruto a preços correntes da indústria da unidade da federação,%,2308609,Monsenhor Tabosa (CE),2023,...,
5938,519,Participação do valor adicionado bruto a preços correntes da indústria no valor adicionado bruto a preços correntes da indústria da unidade da federação,%,2313203,Tamboril (CE),2018,0.03,0.03
5938,519,Participação do valor adicionado bruto a preços correntes da indústria no valor adicionado bruto a preços correntes da indústria da unidade da federação,%,2313203,Tamboril (CE),2019,0.03,0.03
5938,519,Participação do valor adicionado bruto a preços correntes da indústria no valor adicionado bruto a preços correntes da indústria da unidade da federação,%,2313203,Tamboril (CE),2020,0.03,0.03
5938,519,Participação do valor adicionado bruto a preços correntes da indústria no valor adicionado bruto a preços correntes da indústria da unidade da federação,%,2313203,Tamboril (CE),2021,0.03,0.03
5938,519,Participação do valor adicionado bruto a preços correntes da indústria no valor adicionado bruto a preços correntes da indústria da unidade da federação,%,2313203,Tamboril (CE),2022,...,
5938,519,Participação do valor adicionado bruto a preços correntes da indústria no valor adicionado bruto a preços correntes da indústria da unidade da federação,%,2313203,Tamboril (CE),2023,...,
5938,519,Participação do valor adicionado bruto a preços correntes da indústria no valor adicionado bruto a preços correntes da indústria da unidade da federação,%,2310506,Pedra Branca (CE),2018,0.03,0.03
5938,519,Participação do valor adicionado bruto a preços correntes da indústria no valor adicionado bruto a preços correntes da indústria da unidade da federação,%,2310506,Pedra Branca (CE),2019,0.03,0.03
5938,519,Participação do valor adicionado bruto a preços correntes da indústria no valor adicionado bruto a preços correntes da indústria da unidade da federação,%,2310506,Pedra Branca (CE),2020,0.04,0.04
5938,519,Participação do valor adicionado bruto a preços correntes da indústria no valor adicionado bruto a preços correntes da indústria da unidade da federação,%,2310506,Pedra Branca (CE),2021,0.03,0.03
5938,519,Participação do valor adicionado bruto a preços correntes da indústria no valor adicionado bruto a preços correntes da indústria da unidade da federação,%,2310506,Pedra Branca (CE),2022,...,
5938,519,Participação do valor adicionado bruto a preços correntes da indústria no valor adicionado bruto a preços correntes da indústria da unidade da federação,%,2310506,Pedra Branca (CE),2023,...,
5938,548,Participação do valor adicionado bruto a preços correntes da indústria no valor adicionado bruto a preços correntes da indústria da grande região,%,2302404,Boa Viagem (CE),2018,0.01,0.01
5938,548,Participação do valor adicionado bruto a preços correntes da indústria no valor adicionado bruto a preços correntes da indústria da grande região,%,2302404,Boa Viagem (CE),2019,0.02,0.02
5938,548,Participação do valor adicionado bruto a preços correntes da indústria no valor adicionado bruto a preços correntes da indústria da grande região,%,2302404,Boa Viagem (CE),2020,0.02,0.02
5938,548,Participação do valor adicionado bruto a preços correntes da indústria no valor adicionado bruto a preços correntes da indústria da grande região,%,2302404,Boa Viagem (CE),2021,0.02,0.02
5938,548,Participação do valor adicionado bruto a preços correntes da indústria no valor adicionado bruto a preços correntes da indústria da grande região,%,2302404,Boa Viagem (CE),2022,...,
5938,548,Participação do valor adicionado bruto a preços correntes da indústria no valor adicionado bruto a preços correntes da indústria da grande região,%,2302404,Boa Viagem (CE),2023,...,
5938,548,Participação do valor adicionado bruto a preços correntes da indústria no valor adicionado bruto a preços correntes da indústria da grande região,%,2307635,Madalena (CE),2018,0.00,0.0
5938,548,Participação do valor adicionado bruto a preços correntes da indústria no valor adicionado bruto a preços correntes da indústria da grande região,%,2307635,Madalena (CE),2019,0.00,0.0
5938,548,Participação do valor adicionado bruto a preços correntes da indústria no valor adicionado bruto a preços correntes da indústria da grande região,%,2307635,Madalena (CE),2020,0.00,0.0
5938,548,Participação do valor adicionado bruto a preços correntes da indústria no valor adicionado bruto a preços correntes da indústria da grande região,%,2307635,Madalena (CE),2021,0.00,0.0
5938,548,Participação do valor adicionado bruto a preços correntes da indústria no valor adicionado bruto a preços correntes da indústria da grande região,%,2307635,Madalena (CE),2022,...,
5938,548,Participação do valor adicionado bruto a preços correntes da indústria no valor adicionado bruto a preços correntes da indústria da grande região,%,2307635,Madalena (CE),2023,...,
5938,548,Participação do valor adicionado bruto a preços correntes da indústria no valor adicionado bruto a preços correntes da indústria da grande região,%,2311405,Quixeramobim (CE),2018,0.14,0.14
5938,548,Participação do valor adicionado bruto a preços correntes da indústria no valor adicionado bruto a preços correntes da indústria da grande região,%,2311405,Quixeramobim (CE),2019,0.18,0.18
5938,548,Participação do valor adicionado bruto a preços correntes da indústria no valor adicionado bruto a preços correntes da indústria da grande região,%,2311405,Quixeramobim (CE),2020,0.13,0.13
5938,548,Participação do valor adicionado bruto a preços correntes da indústria no valor adicionado bruto a preços correntes da indústria da grande região,%,2311405,Quixeramobim (CE),2021,0.13,0.13
5938,548,Participação do valor adicionado bruto a preços correntes da indústria no valor adicionado bruto a preços correntes da indústria da grande região,%,2311405,Quixeramobim (CE),2022,...,
5938,548,Participação do valor adicionado bruto a preços correntes da indústria no valor adicionado bruto a preços correntes da indústria da grande região,%,2311405,Quixeramobim (CE),2023,...,
5938,548,Participação do valor adicionado bruto a preços correntes da indústria no valor adicionado bruto a preços correntes da indústria da grande região,%,2302800,Canindé (CE),2018,0.02,0.02
5938,548,Participação do valor adicionado bruto a preços correntes da indústria no valor adicionado bruto a preços correntes da indústria da grande região,%,2302800,Canindé (CE),2019,0.04,0.04
5938,548,Participação do valor adicionado bruto a preços correntes da indústria no valor adicionado bruto a preços correntes da indústria da grande região,%,2302800,Canindé (CE),2020,0.05,0.05
5938,548,Participação do valor adicionado bruto a preços correntes da indústria no valor adicionado bruto a preços correntes da indústria da grande região,%,2302800,Canindé (CE),2021,0.03,0.03
5938,548,Participação do valor adicionado bruto a preços correntes da indústria no valor adicionado bruto a preços correntes da indústria da grande região,%,2302800,Canindé (CE),2022,...,
5938,548,Participação do valor adicionado bruto a preços correntes da indústria no valor adicionado bruto a preços correntes da indústria da grande região,%,2302800,Canindé (CE),2023,...,
5938,548,Participação do valor adicionado bruto a preços correntes da indústria no valor adicionado bruto a preços correntes da indústria da grande região,%,2308609,Monsenhor Tabosa (CE),2018,0.00,0.0
5938,548,Participação do valor adicionado bruto a preços correntes da indústria no valor adicionado bruto a preços correntes da indústria da grande região,%,2308609,Monsenhor Tabosa (CE),2019,0.00,0.0
5938,548,Participação do valor adicionado bruto a preços correntes da indústria no valor adicionado bruto a preços correntes da indústria da grande região,%,2308609,Monsenhor Tabosa (CE),2020,0.00,0.0
5938,548,Participação do valor adicionado bruto a preços correntes da indústria no valor adicionado bruto a preços correntes da indústria da grande região,%,2308609,Monsenhor Tabosa (CE),2021,0.00,0.0
5938,548,Participação do valor adicionado bruto a preços correntes da indústria no valor adicionado bruto a preços correntes da indústria da grande região,%,2308609,Monsenhor Tabosa (CE),2022,...,
5938,548,Participação do valor adicionado bruto a preços correntes da indústria no valor adicionado bruto a preços correntes da indústria da grande região,%,2308609,Monsenhor Tabosa (CE),2023,...,
5938,548,Participação do valor adicionado bruto a preços correntes da indústria no valor adicionado bruto a preços correntes da indústria da grande região,%,2313203,Tamboril (CE),2018,0.00,0.0
5938,548,Participação do valor adicionado bruto a preços correntes da indústria no valor adicionado bruto a preços correntes da indústria da grande região,%,2313203,Tamboril (CE),2019,0.00,0.0
5938,548,Participação do valor adicionado bruto a preços correntes da indústria no valor adicionado bruto a preços correntes da indústria da grande região,%,2313203,Tamboril (CE),2020,0.00,0.0
5938,548,Participação do valor adicionado bruto a preços correntes da indústria no valor adicionado bruto a preços correntes da indústria da grande região,%,2313203,Tamboril (CE),2021,0.00,0.0
5938,548,Participação do valor adicionado bruto a preços correntes da indústria no valor adicionado bruto a preços correntes da indústria da grande região,%,2313203,Tamboril (CE),2022,...,
5938,548,Participação do valor adicionado bruto a preços correntes da indústria no valor adicionado bruto a preços correntes da indústria da grande região,%,2313203,Tamboril (CE),2023,...,
5938,548,Participação do valor adicionado bruto a preços correntes da indústria no valor adicionado bruto a preços correntes da indústria da grande região,%,2310506,Pedra Branca (CE),2018,0.00,0.0
5938,548,Participação do valor adicionado bruto a preços correntes da indústria no valor adicionado bruto a preços correntes da indústria da grande região,%,2310506,Pedra Branca (CE),2019,0.00,0.0
5938,548,Participação do valor adicionado bruto a preços correntes da indústria no valor adicionado bruto a preços correntes da indústria da grande região,%,2310506,Pedra Branca (CE),2020,0.01,0.01
5938,548,Participação do valor adicionado bruto a preços correntes da indústria no valor adicionado bruto a preços correntes da indústria da grande região,%,2310506,Pedra Branca (CE),2021,0.00,0.0
5938,548,Participação do valor adicionado bruto a preços correntes da indústria no valor adicionado bruto a preços correntes da indústria da grande região,%,2310506,Pedra Branca (CE),2022,...,
5938,548,Participação do valor adicionado bruto a preços correntes da indústria no valor adicionado bruto a preços correntes da indústria da grande região,%,2310506,Pedra Branca (CE),2023,...,
5938,518,Participação do valor adicionado bruto a preços correntes da indústria no valor adicionado bruto a preços correntes da indústria do Brasil,%,2302404,Boa Viagem (CE),2018,0.00,0.0
5938,518,Participação do valor adicionado bruto a preços correntes da indústria no valor adicionado bruto a preços correntes da indústria do Brasil,%,2302404,Boa Viagem (CE),2019,0.00,0.0
5938,518,Participação do valor adicionado bruto a preços correntes da indústria no valor adicionado bruto a preços correntes da indústria do Brasil,%,2302404,Boa Viagem (CE),2020,0.00,0.0
5938,518,Participação do valor adicionado bruto a preços correntes da indústria no valor adicionado bruto a preços correntes da indústria do Brasil,%,2302404,Boa Viagem (CE),2021,0.00,0.0
5938,518,Participação do valor adicionado bruto a preços correntes da indústria no valor adicionado bruto a preços correntes da indústria do Brasil,%,2302404,Boa Viagem (CE),2022,...,
5938,518,Participação do valor adicionado bruto a preços correntes da indústria no valor adicionado bruto a preços correntes da indústria do Brasil,%,2302404,Boa Viagem (CE),2023,...,
5938,518,Participação do valor adicionado bruto a preços correntes da indústria no valor adicionado bruto a preços correntes da indústria do Brasil,%,2307635,Madalena (CE),2018,0.00,0.0
5938,518,Participação do valor adicionado bruto a preços correntes da indústria no valor adicionado bruto a preços correntes da indústria do Brasil,%,2307635,Madalena (CE),2019,0.00,0.0
5938,518,Participação do valor adicionado bruto a preços correntes da indústria no valor adicionado bruto a preços correntes da indústria do Brasil,%,2307635,Madalena (CE),2020,0.00,0.0
5938,518,Participação do valor adicionado bruto a preços correntes da indústria no valor adicionado bruto a preços correntes da indústria do Brasil,%,2307635,Madalena (CE),2021,0.00,0.0
5938,518,Participação do valor adicionado bruto a preços correntes da indústria no valor adicionado bruto a preços correntes da indústria do Brasil,%,2307635,Madalena (CE),2022,...,
5938,518,Participação do valor adicionado bruto a preços correntes da indústria no valor adicionado bruto a preços correntes da indústria do Brasil,%,2307635,Madalena (CE),2023,...,
5938,518,Participação do valor adicionado bruto a preços correntes da indústria no valor adicionado bruto a preços correntes da indústria do Brasil,%,2311405,Quixeramobim (CE),2018,0.02,0.02
5938,518,Participação do valor adicionado bruto a preços correntes da indústria no valor adicionado bruto a preços correntes da indústria do Brasil,%,2311405,Quixeramobim (CE),2019,0.02,0.02
5938,518,Participação do valor adicionado bruto a preços correntes da indústria no valor adicionado bruto a preços correntes da indústria do Brasil,%,2311405,Quixeramobim (CE),2020,0.02,0.02
5938,518,Participação do valor adicionado bruto a preços correntes da indústria no valor adicionado bruto a preços correntes da indústria do Brasil,%,2311405,Quixeramobim (CE),2021,0.01,0.01
5938,518,Participação do valor adicionado bruto a preços correntes da indústria no valor adicionado bruto a preços correntes da indústria do Brasil,%,2311405,Quixeramobim (CE),2022,...,
5938,518,Participação do valor adicionado bruto a preços correntes da indústria no valor adicionado bruto a preços correntes da indústria do Brasil,%,2311405,Quixeramobim (CE),2023,...,
5938,518,Participação do valor adicionado bruto a preços correntes da indústria no valor adicionado bruto a preços correntes da indústria do Brasil,%,2302800,Canindé (CE),2018,0.00,0.0
5938,518,Participação do valor adicionado bruto a preços correntes da indústria no valor adicionado bruto a preços correntes da indústria do Brasil,%,2302800,Canindé (CE),2019,0.00,0.0
5938,518,Participação do valor adicionado bruto a preços correntes da indústria no valor adicionado bruto a preços correntes da indústria do Brasil,%,2302800,Canindé (CE),2020,0.01,0.01
5938,518,Participação do valor adicionado bruto a preços correntes da indústria no valor adicionado bruto a preços correntes da indústria do Brasil,%,2302800,Canindé (CE),2021,0.00,0.0
5938,518,Participação do valor adicionado bruto a preços correntes da indústria no valor adicionado bruto a preços correntes da indústria do Brasil,%,2302800,Canindé (CE),2022,...,
5938,518,Participação do valor adicionado bruto a preços correntes da indústria no valor adicionado bruto a preços correntes da indústria do Brasil,%,2302800,Canindé (CE),2023,...,
5938,518,Participação do valor adicionado bruto a preços correntes da indústria no valor adicionado bruto a preços correntes da indústria do Brasil,%,2308609,Monsenhor Tabosa (CE),2018,0.00,0.0
5938,518,Participação do valor adicionado bruto a preços correntes da indústria no valor adicionado bruto a preços correntes da indústria do Brasil,%,2308609,Monsenhor Tabosa (CE),2019,0.00,0.0
5938,518,Participação do valor adicionado bruto a preços correntes da indústria no valor adicionado bruto a preços correntes da indústria do Brasil,%,2308609,Monsenhor Tabosa (CE),2020,0.00,0.0
5938,518,Participação do valor adicionado bruto a preços correntes da indústria no valor adicionado bruto a preços correntes da indústria do Brasil,%,2308609,Monsenhor Tabosa (CE),2021,0.00,0.0
5938,518,Participação do valor adicionado bruto a preços correntes da indústria no valor adicionado bruto a preços correntes da indústria do Brasil,%,2308609,Monsenhor Tabosa (CE),2022,...,
5938,518,Participação do valor adicionado bruto a preços correntes da indústria no valor adicionado bruto a preços correntes da indústria do Brasil,%,2308609,Monsenhor Tabosa (CE),2023,...,
5938,518,Participação do valor adicionado bruto a preços correntes da indústria no valor adicionado bruto a preços correntes da indústria do Brasil,%,2313203,Tamboril (CE),2018,0.00,0.0
5938,518,Participação do valor adicionado bruto a preços correntes da indústria no valor adicionado bruto a preços correntes da indústria do Brasil,%,2313203,Tamboril (CE),2019,0.00,0.0
5938,518,Participação do valor adicionado bruto a preços correntes da indústria no valor adicionado bruto a preços correntes da indústria do Brasil,%,2313203,Tamboril (CE),2020,0.00,0.0
5938,518,Participação do valor adicionado bruto a preços correntes da indústria no valor adicionado bruto a preços correntes da indústria do Brasil,%,2313203,Tamboril (CE),2021,0.00,0.0
5938,518,Participação do valor adicionado bruto a preços correntes da indústria no valor adicionado bruto a preços correntes da indústria do Brasil,%,2313203,Tamboril (CE),2022,...,
5938,518,Participação do valor adicionado bruto a preços correntes da indústria no valor adicionado bruto a preços correntes da indústria do Brasil,%,2313203,Tamboril (CE),2023,...,
5938,518,Participação do valor adicionado bruto a preços correntes da indústria no valor adicionado bruto a preços correntes da indústria do Brasil,%,2310506,Pedra Branca (CE),2018,0.00,0.0
5938,518,Participação do valor adicionado bruto a preços correntes da indústria no valor adicionado bruto a preços correntes da indústria do Brasil,%,2310506,Pedra Branca (CE),2019,0.00,0.0
5938,518,Participação do valor adicionado bruto a preços correntes da indústria no valor adicionado bruto a preços correntes da indústria do Brasil,%,2310506,Pedra Branca (CE),2020,0.00,0.0
5938,518,Participação do valor adicionado bruto a preços correntes da indústria no valor adicionado bruto a preços correntes da indústria do Brasil,%,2310506,Pedra Branca (CE),2021,0.00,0.0
5938,518,Participação do valor adicionado bruto a preços correntes da indústria no valor adicionado bruto a preços correntes da indústria do Brasil,%,2310506,Pedra Branca (CE),2022,...,
5938,518,Participação do valor adicionado bruto a preços correntes da indústria no valor adicionado bruto a preços correntes da indústria do Brasil,%,2310506,Pedra Branca (CE),2023,...,
5938,6575,"Valor adicionado bruto a preços correntes dos serviços, exclusive administração, defesa, educação e saúde públicas e seguridade social",Mil Reais,2302404,Boa Viagem (CE),2018,129214,129214.0
5938,6575,"Valor adicionado bruto a preços correntes dos serviços, exclusive administração, defesa, educação e saúde públicas e seguridade social",Mil Reais,2302404,Boa Viagem (CE),2019,179260,179260.0
5938,6575,"Valor adicionado bruto a preços correntes dos serviços, exclusive administração, defesa, educação e saúde públicas e seguridade social",Mil Reais,2302404,Boa Viagem (CE),2020,184520,184520.0
5938,6575,"Valor adicionado bruto a preços correntes dos serviços, exclusive administração, defesa, educação e saúde públicas e seguridade social",Mil Reais,2302404,Boa Viagem (CE),2021,189399,189399.0
5938,6575,"Valor adicionado bruto a preços correntes dos serviços, exclusive administração, defesa, educação e saúde públicas e seguridade social",Mil Reais,2302404,Boa Viagem (CE),2022,...,
5938,6575,"Valor adicionado bruto a preços correntes dos serviços, exclusive administração, defesa, educação e saúde públicas e seguridade social",Mil Reais,2302404,Boa Viagem (CE),2023,...,
5938,6575,"Valor adicionado bruto a preços correntes dos serviços, exclusive administração, defesa, educação e saúde públicas e seguridade social",Mil Reais,2307635,Madalena (CE),2018,35754,35754.0
5938,6575,"Valor adicionado bruto a preços correntes dos serviços, exclusive administração, defesa, educação e saúde públicas e seguridade social",Mil Reais,2307635,Madalena (CE),2019,40137,40137.0
5938,6575,"Valor adicionado bruto a preços correntes dos serviços, exclusive administração, defesa, educação e saúde públicas e seguridade social",Mil Reais,2307635,Madalena (CE),2020,48748,48748.0
5938,6575,"Valor adicionado bruto a preços correntes dos serviços, exclusive administração, defesa, educação e saúde públicas e seguridade social",Mil Reais,2307635,Madalena (CE),2021,50606,50606.0
5938,6575,"Valor adicionado bruto a preços correntes dos serviços, exclusive administração, defesa, educação e saúde públicas e seguridade social",Mil Reais,2307635,Madalena (CE),2022,...,
5938,6575,"Valor adicionado bruto a preços correntes dos serviços, exclusive administração, defesa, educação e saúde públicas e seguridade social",Mil Reais,2307635,Madalena (CE),2023,...,
5938,6575,"Valor adicionado bruto a preços correntes dos serviços, exclusive administração, defesa, educação e saúde públicas e seguridade social",Mil Reais,2311405,Quixeramobim (CE),2018,382182,382182.0
5938,6575,"Valor adicionado bruto a preços correntes dos serviços, exclusive administração, defesa, educação e saúde públicas e seguridade social",Mil Reais,2311405,Quixeramobim (CE),2019,425784,425784.0
5938,6575,"Valor adicionado bruto a preços correntes dos serviços, exclusive administração, defesa, educação e saúde públicas e seguridade social",Mil Reais,2311405,Quixeramobim (CE),2020,434032,434032.0
5938,6575,"Valor adicionado bruto a preços correntes dos serviços, exclusive administração, defesa, educação e saúde públicas e seguridade social",Mil Reais,2311405,Quixeramobim (CE),2021,520662,520662.0
5938,6575,"Valor adicionado bruto a preços correntes dos serviços, exclusive administração, defesa, educação e saúde públicas e seguridade social",Mil Reais,2311405,Quixeramobim (CE),2022,...,
5938,6575,"Valor adicionado bruto a preços correntes dos serviços, exclusive administração, defesa, educação e saúde públicas e seguridade social",Mil Reais,2311405,Quixeramobim (CE),2023,...,
5938,6575,"Valor adicionado bruto a preços correntes dos serviços, exclusive administração, defesa, educação e saúde públicas e seguridade social",Mil Reais,2302800,Canindé (CE),2018,267335,267335.0
5938,6575,"Valor adicionado bruto a preços correntes dos serviços, exclusive administração, defesa, educação e saúde públicas e seguridade social",Mil Reais,2302800,Canindé (CE),2019,416814,416814.0
5938,6575,"Valor adicionado bruto a preços correntes dos serviços, exclusive administração, defesa, educação e saúde públicas e seguridade social",Mil Reais,2302800,Canindé (CE),2020,357278,357278.0
5938,6575,"Valor adicionado bruto a preços correntes dos serviços, exclusive administração, defesa, educação e saúde públicas e seguridade social",Mil Reais,2302800,Canindé (CE),2021,370446,370446.0
5938,6575,"Valor adicionado bruto a preços correntes dos serviços, exclusive administração, defesa, educação e saúde públicas e seguridade social",Mil Reais,2302800,Canindé (CE),2022,...,
5938,6575,"Valor adicionado bruto a preços correntes dos serviços, exclusive administração, defesa, educação e saúde públicas e seguridade social",Mil Reais,2302800,Canindé (CE),2023,...,
5938,6575,"Valor adicionado bruto a preços correntes dos serviços, exclusive administração, defesa, educação e saúde públicas e seguridade social",Mil Reais,2308609,Monsenhor Tabosa (CE),2018,38958,38958.0
5938,6575,"Valor adicionado bruto a preços correntes dos serviços, exclusive administração, defesa, educação e saúde públicas e seguridade social",Mil Reais,2308609,Monsenhor Tabosa (CE),2019,44012,44012.0
5938,6575,"Valor adicionado bruto a preços correntes dos serviços, exclusive administração, defesa, educação e saúde públicas e seguridade social",Mil Reais,2308609,Monsenhor Tabosa (CE),2020,45328,45328.0
5938,6575,"Valor adicionado bruto a preços correntes dos serviços, exclusive administração, defesa, educação e saúde públicas e seguridade social",Mil Reais,2308609,Monsenhor Tabosa (CE),2021,47068,47068.0
5938,6575,"Valor adicionado bruto a preços correntes dos serviços, exclusive administração, defesa, educação e saúde públicas e seguridade social",Mil Reais,2308609,Monsenhor Tabosa (CE),2022,...,
5938,6575,"Valor adicionado bruto a preços correntes dos serviços, exclusive administração, defesa, educação e saúde públicas e seguridade social",Mil Reais,2308609,Monsenhor Tabosa (CE),2023,...,
5938,6575,"Valor adicionado bruto a preços correntes dos serviços, exclusive administração, defesa, educação e saúde públicas e seguridade social",Mil Reais,2313203,Tamboril (CE),2018,60017,60017.0
5938,6575,"Valor adicionado bruto a preços correntes dos serviços, exclusive administração, defesa, educação e saúde públicas e seguridade social",Mil Reais,2313203,Tamboril (CE),2019,73173,73173.0
5938,6575,"Valor adicionado bruto a preços correntes dos serviços, exclusive administração, defesa, educação e saúde públicas e seguridade social",Mil Reais,2313203,Tamboril (CE),2020,73314,73314.0
5938,6575,"Valor adicionado bruto a preços correntes dos serviços, exclusive administração, defesa, educação e saúde públicas e seguridade social",Mil Reais,2313203,Tamboril (CE),2021,75382,75382.0
5938,6575,"Valor adicionado bruto a preços correntes dos serviços, exclusive administração, defesa, educação e saúde públicas e seguridade social",Mil Reais,2313203,Tamboril (CE),2022,...,
5938,6575,"Valor adicionado bruto a preços correntes dos serviços, exclusive administração, defesa, educação e saúde públicas e seguridade social",Mil Reais,2313203,Tamboril (CE),2023,...,
5938,6575,"Valor adicionado bruto a preços correntes dos serviços, exclusive administração, defesa, educação e saúde públicas e seguridade social",Mil Reais,2310506,Pedra Branca (CE),2018,100767,100767.0
5938,6575,"Valor adicionado bruto a preços correntes dos serviços, exclusive administração, defesa, educação e saúde públicas e seguridade social",Mil Reais,2310506,Pedra Branca (CE),2019,112613,112613.0
5938,6575,"Valor adicionado bruto a preços correntes dos serviços, exclusive administração, defesa, educação e saúde públicas e seguridade social",Mil Reais,2310506,Pedra Branca (CE),2020,122181,122181.0
5938,6575,"Valor adicionado bruto a preços correntes dos serviços, exclusive administração, defesa, educação e saúde públicas e seguridade social",Mil Reais,2310506,Pedra Branca (CE),2021,123938,123938.0
5938,6575,"Valor adicionado bruto a preços correntes dos serviços, exclusive administração, defesa, educação e saúde públicas e seguridade social",Mil Reais,2310506,Pedra Branca (CE),2022,...,
5938,6575,"Valor adicionado bruto a preços correntes dos serviços, exclusive administração, defesa, educação e saúde públicas e seguridade social",Mil Reais,2310506,Pedra Branca (CE),2023,...,
5938,6574,"Participação do valor adicionado bruto a preços correntes dos serviços, exclusive administração, defesa, educação e saúde públicas e seguridade social, no valor adicionado bruto a preços correntes total",%,2302404,Boa Viagem (CE),2018,34.21,34.21
5938,6574,"Participação do valor adicionado bruto a preços correntes dos serviços, exclusive administração, defesa, educação e saúde públicas e seguridade social, no valor adicionado bruto a preços correntes total",%,2302404,Boa Viagem (CE),2019,40.72,40.72
5938,6574,"Participação do valor adicionado bruto a preços correntes dos serviços, exclusive administração, defesa, educação e saúde públicas e seguridade social, no valor adicionado bruto a preços correntes total",%,2302404,Boa Viagem (CE),2020,38.58,38.58
5938,6574,"Participação do valor adicionado bruto a preços correntes dos serviços, exclusive administração, defesa, educação e saúde públicas e seguridade social, no valor adicionado bruto a preços correntes total",%,2302404,Boa Viagem (CE),2021,37.69,37.69
5938,6574,"Participação do valor adicionado bruto a preços correntes dos serviços, exclusive administração, defesa, educação e saúde públicas e seguridade social, no valor adicionado bruto a preços correntes total",%,2302404,Boa Viagem (CE),2022,...,
5938,6574,"Participação do valor adicionado bruto a preços correntes dos serviços, exclusive administração, defesa, educação e saúde públicas e seguridade social, no valor adicionado bruto a preços correntes total",%,2302404,Boa Viagem (CE),2023,...,
5938,6574,"Participação do valor adicionado bruto a preços correntes dos serviços, exclusive administração, defesa, educação e saúde públicas e seguridade social, no valor adicionado bruto a preços correntes total",%,2307635,Madalena (CE),2018,28.24,28.24
5938,6574,"Participação do valor adicionado bruto a preços correntes dos serviços, exclusive administração, defesa, educação e saúde públicas e seguridade social, no valor adicionado bruto a preços correntes total",%,2307635,Madalena (CE),2019,29.64,29.64
5938,6574,"Participação do valor adicionado bruto a preços correntes dos serviços, exclusive administração, defesa, educação e saúde públicas e seguridade social, no valor adicionado bruto a preços correntes total",%,2307635,Madalena (CE),2020,31.63,31.63
5938,6574,"Participação do valor adicionado bruto a preços correntes dos serviços, exclusive administração, defesa, educação e saúde públicas e seguridade social, no valor adicionado bruto a preços correntes total",%,2307635,Madalena (CE),2021,30.55,30.55
5938,6574,"Participação do valor adicionado bruto a preços correntes dos serviços, exclusive administração, defesa, educação e saúde públicas e seguridade social, no valor adicionado bruto a preços correntes total",%,2307635,Madalena (CE),2022,...,
5938,6574,"Participação do valor adicionado bruto a preços correntes dos serviços, exclusive administração, defesa, educação e saúde públicas e seguridade social, no valor adicionado bruto a preços correntes total",%,2307635,Madalena (CE),2023,...,
5938,6574,"Participação do valor adicionado bruto a preços correntes dos serviços, exclusive administração, defesa, educação e saúde públicas e seguridade social, no valor adicionado bruto a preços correntes total",%,2311405,Quixeramobim (CE),2018,39.22,39.22
5938,6574,"Participação do valor adicionado bruto a preços correntes dos serviços, exclusive administração, defesa, educação e saúde públicas e seguridade social, no valor adicionado bruto a preços correntes total",%,2311405,Quixeramobim (CE),2019,37.82,37.82
5938,6574,"Participação do valor adicionado bruto a preços correntes dos serviços, exclusive administração, defesa, educação e saúde públicas e seguridade social, no valor adicionado bruto a preços correntes total",%,2311405,Quixeramobim (CE),2020,39.80,39.8
5938,6574,"Participação do valor adicionado bruto a preços correntes dos serviços, exclusive administração, defesa, educação e saúde públicas e seguridade social, no valor adicionado bruto a preços correntes total",%,2311405,Quixeramobim (CE),2021,40.67,40.67
5938,6574,"Participação do valor adicionado bruto a preços correntes dos serviços, exclusive administração, defesa, educação e saúde públicas e seguridade social, no valor adicionado bruto a preços correntes total",%,2311405,Quixeramobim (CE),2022,...,
5938,6574,"Participação do valor adicionado bruto a preços correntes dos serviços, exclusive administração, defesa, educação e saúde públicas e seguridade social, no valor adicionado bruto a preços correntes total",%,2311405,Quixeramobim (CE),2023,...,
5938,6574,"Participação do valor adicionado bruto a preços correntes dos serviços, exclusive administração, defesa, educação e saúde públicas e seguridade social, no valor adicionado bruto a preços correntes total",%,2302800,Canindé (CE),2018,43.12,43.12
5938,6574,"Participação do valor adicionado bruto a preços correntes dos serviços, exclusive administração, defesa, educação e saúde públicas e seguridade social, no valor adicionado bruto a preços correntes total",%,2302800,Canindé (CE),2019,50.22,50.22
5938,6574,"Participação do valor adicionado bruto a preços correntes dos serviços, exclusive administração, defesa, educação e saúde públicas e seguridade social, no valor adicionado bruto a preços correntes total",%,2302800,Canindé (CE),2020,43.30,43.3
5938,6574,"Participação do valor adicionado bruto a preços correntes dos serviços, exclusive administração, defesa, educação e saúde públicas e seguridade social, no valor adicionado bruto a preços correntes total",%,2302800,Canindé (CE),2021,43.77,43.77
5938,6574,"Participação do valor adicionado bruto a preços correntes dos serviços, exclusive administração, defesa, educação e saúde públicas e seguridade social, no valor adicionado bruto a preços correntes total",%,2302800,Canindé (CE),2022,...,
5938,6574,"Participação do valor adicionado bruto a preços correntes dos serviços, exclusive administração, defesa, educação e saúde públicas e seguridade social, no valor adicionado bruto a preços correntes total",%,2302800,Canindé (CE),2023,...,
5938,6574,"Participação do valor adicionado bruto a preços correntes dos serviços, exclusive administração, defesa, educação e saúde públicas e seguridade social, no valor adicionado bruto a preços correntes total",%,2308609,Monsenhor Tabosa (CE),2018,31.16,31.16
5938,6574,"Participação do valor adicionado bruto a preços correntes dos serviços, exclusive administração, defesa, educação e saúde públicas e seguridade social, no valor adicionado bruto a preços correntes total",%,2308609,Monsenhor Tabosa (CE),2019,32.76,32.76
5938,6574,"Participação do valor adicionado bruto a preços correntes dos serviços, exclusive administração, defesa, educação e saúde públicas e seguridade social, no valor adicionado bruto a preços correntes total",%,2308609,Monsenhor Tabosa (CE),2020,31.88,31.88
5938,6574,"Participação do valor adicionado bruto a preços correntes dos serviços, exclusive administração, defesa, educação e saúde públicas e seguridade social, no valor adicionado bruto a preços correntes total",%,2308609,Monsenhor Tabosa (CE),2021,31.00,31.0
5938,6574,"Participação do valor adicionado bruto a preços correntes dos serviços, exclusive administração, defesa, educação e saúde públicas e seguridade social, no valor adicionado bruto a preços correntes total",%,2308609,Monsenhor Tabosa (CE),2022,...,
5938,6574,"Participação do valor adicionado bruto a preços correntes dos serviços, exclusive administração, defesa, educação e saúde públicas e seguridade social, no valor adicionado bruto a preços correntes total",%,2308609,Monsenhor Tabosa (CE),2023,...,
5938,6574,"Participação do valor adicionado bruto a preços correntes dos serviços, exclusive administração, defesa, educação e saúde públicas e seguridade social, no valor adicionado bruto a preços correntes total",%,2313203,Tamboril (CE),2018,29.33,29.33
5938,6574,"Participação do valor adicionado bruto a preços correntes dos serviços, exclusive administração, defesa, educação e saúde públicas e seguridade social, no valor adicionado bruto a preços correntes total",%,2313203,Tamboril (CE),2019,31.68,31.68
5938,6574,"Participação do valor adicionado bruto a preços correntes dos serviços, exclusive administração, defesa, educação e saúde públicas e seguridade social, no valor adicionado bruto a preços correntes total",%,2313203,Tamboril (CE),2020,29.01,29.01
5938,6574,"Participação do valor adicionado bruto a preços correntes dos serviços, exclusive administração, defesa, educação e saúde públicas e seguridade social, no valor adicionado bruto a preços correntes total",%,2313203,Tamboril (CE),2021,27.77,27.77
5938,6574,"Participação do valor adicionado bruto a preços correntes dos serviços, exclusive administração, defesa, educação e saúde públicas e seguridade social, no valor adicionado bruto a preços correntes total",%,2313203,Tamboril (CE),2022,...,
5938,6574,"Participação do valor adicionado bruto a preços correntes dos serviços, exclusive administração, defesa, educação e saúde públicas e seguridade social, no valor adicionado bruto a preços correntes total",%,2313203,Tamboril (CE),2023,...,
5938,6574,"Participação do valor adicionado bruto a preços correntes dos serviços, exclusive administração, defesa, educação e saúde públicas e seguridade social, no valor adicionado bruto a preços correntes total",%,2310506,Pedra Branca (CE),2018,35.20,35.2
5938,6574,"Participação do valor adicionado bruto a preços correntes dos serviços, exclusive administração, defesa, educação e saúde públicas e seguridade social, no valor adicionado bruto a preços correntes total",%,2310506,Pedra Branca (CE),2019,35.41,35.41
5938,6574,"Participação do valor adicionado bruto a preços correntes dos serviços, exclusive administração, defesa, educação e saúde públicas e seguridade social, no valor adicionado bruto a preços correntes total",%,2310506,Pedra Branca (CE),2020,33.73,33.73
5938,6574,"Participação do valor adicionado bruto a preços correntes dos serviços, exclusive administração, defesa, educação e saúde públicas e seguridade social, no valor adicionado bruto a preços correntes total",%,2310506,Pedra Branca (CE),2021,33.52,33.52
5938,6574,"Participação do valor adicionado bruto a preços correntes dos serviços, exclusive administração, defesa, educação e saúde públicas e seguridade social, no valor adicionado bruto a preços correntes total",%,2310506,Pedra Branca (CE),2022,...,
5938,6574,"Participação do valor adicionado bruto a preços correntes dos serviços, exclusive administração, defesa, educação e saúde públicas e seguridade social, no valor adicionado bruto a preços correntes total",%,2310506,Pedra Branca (CE),2023,...,
5938,6571,"Participação do valor adicionado bruto a preços correntes dos serviços, exclusive administração, defesa, educação e saúde públicas e seguridade social, no valor adicionado bruto a preços correntes dos serviços, exclusive administração, defesa, educação e saúde públicas e seguridade social, da microrregião geográfica",%,2302404,Boa Viagem (CE),2018,11.44,11.44
5938,6571,"Participação do valor adicionado bruto a preços correntes dos serviços, exclusive administração, defesa, educação e saúde públicas e seguridade social, no valor adicionado bruto a preços correntes dos serviços, exclusive administração, defesa, educação e saúde públicas e seguridade social, da microrregião geográfica",%,2302404,Boa Viagem (CE),2019,14.26,14.26
5938,6571,"Participação do valor adicionado bruto a preços correntes dos serviços, exclusive administração, defesa, educação e saúde públicas e seguridade social, no valor adicionado bruto a preços correntes dos serviços, exclusive administração, defesa, educação e saúde públicas e seguridade social, da microrregião geográfica",%,2302404,Boa Viagem (CE),2020,13.97,13.97
5938,6571,"Participação do valor adicionado bruto a preços correntes dos serviços, exclusive administração, defesa, educação e saúde públicas e seguridade social, no valor adicionado bruto a preços correntes dos serviços, exclusive administração, defesa, educação e saúde públicas e seguridade social, da microrregião geográfica",%,2302404,Boa Viagem (CE),2021,13.19,13.19
5938,6571,"Participação do valor adicionado bruto a preços correntes dos serviços, exclusive administração, defesa, educação e saúde públicas e seguridade social, no valor adicionado bruto a preços correntes dos serviços, exclusive administração, defesa, educação e saúde públicas e seguridade social, da microrregião geográfica",%,2302404,Boa Viagem (CE),2022,...,
5938,6571,"Participação do valor adicionado bruto a preços correntes dos serviços, exclusive administração, defesa, educação e saúde públicas e seguridade social, no valor adicionado bruto a preços correntes dos serviços, exclusive administração, defesa, educação e saúde públicas e seguridade social, da microrregião geográfica",%,2302404,Boa Viagem (CE),2023,...,
5938,6571,"Participação do valor adicionado bruto a preços correntes dos serviços, exclusive administração, defesa, educação e saúde públicas e seguridade social, no valor adicionado bruto a preços correntes dos serviços, exclusive administração, defesa, educação e saúde públicas e seguridade social, da microrregião geográfica",%,2307635,Madalena (CE),2018,3.17,3.17
5938,6571,"Participação do valor adicionado bruto a preços correntes dos serviços, exclusive administração, defesa, educação e saúde públicas e seguridade social, no valor adicionado bruto a preços correntes dos serviços, exclusive administração, defesa, educação e saúde públicas e seguridade social, da microrregião geográfica",%,2307635,Madalena (CE),2019,3.19,3.19
5938,6571,"Participação do valor adicionado bruto a preços correntes dos serviços, exclusive administração, defesa, educação e saúde públicas e seguridade social, no valor adicionado bruto a preços correntes dos serviços, exclusive administração, defesa, educação e saúde públicas e seguridade social, da microrregião geográfica",%,2307635,Madalena (CE),2020,3.69,3.69
5938,6571,"Participação do valor adicionado bruto a preços correntes dos serviços, exclusive administração, defesa, educação e saúde públicas e seguridade social, no valor adicionado bruto a preços correntes dos serviços, exclusive administração, defesa, educação e saúde públicas e seguridade social, da microrregião geográfica",%,2307635,Madalena (CE),2021,3.53,3.53
5938,6571,"Participação do valor adicionado bruto a preços correntes dos serviços, exclusive administração, defesa, educação e saúde públicas e seguridade social, no valor adicionado bruto a preços correntes dos serviços, exclusive administração, defesa, educação e saúde públicas e seguridade social, da microrregião geográfica",%,2307635,Madalena (CE),2022,...,
5938,6571,"Participação do valor adicionado bruto a preços correntes dos serviços, exclusive administração, defesa, educação e saúde públicas e seguridade social, no valor adicionado bruto a preços correntes dos serviços, exclusive administração, defesa, educação e saúde públicas e seguridade social, da microrregião geográfica",%,2307635,Madalena (CE),2023,...,
5938,6571,"Participação do valor adicionado bruto a preços correntes dos serviços, exclusive administração, defesa, educação e saúde públicas e seguridade social, no valor adicionado bruto a preços correntes dos serviços, exclusive administração, defesa, educação e saúde públicas e seguridade social, da microrregião geográfica",%,2311405,Quixeramobim (CE),2018,33.84,33.84
5938,6571,"Participação do valor adicionado bruto a preços correntes dos serviços, exclusive administração, defesa, educação e saúde públicas e seguridade social, no valor adicionado bruto a preços correntes dos serviços, exclusive administração, defesa, educação e saúde públicas e seguridade social, da microrregião geográfica",%,2311405,Quixeramobim (CE),2019,33.87,33.87
5938,6571,"Participação do valor adicionado bruto a preços correntes dos serviços, exclusive administração, defesa, educação e saúde públicas e seguridade social, no valor adicionado bruto a preços correntes dos serviços, exclusive administração, defesa, educação e saúde públicas e seguridade social, da microrregião geográfica",%,2311405,Quixeramobim (CE),2020,32.86,32.86
5938,6571,"Participação do valor adicionado bruto a preços correntes dos serviços, exclusive administração, defesa, educação e saúde públicas e seguridade social, no valor adicionado bruto a preços correntes dos serviços, exclusive administração, defesa, educação e saúde públicas e seguridade social, da microrregião geográfica",%,2311405,Quixeramobim (CE),2021,36.27,36.27
5938,6571,"Participação do valor adicionado bruto a preços correntes dos serviços, exclusive administração, defesa, educação e saúde públicas e seguridade social, no valor adicionado bruto a preços correntes dos serviços, exclusive administração, defesa, educação e saúde públicas e seguridade social, da microrregião geográfica",%,2311405,Quixeramobim (CE),2022,...,
5938,6571,"Participação do valor adicionado bruto a preços correntes dos serviços, exclusive administração, defesa, educação e saúde públicas e seguridade social, no valor adicionado bruto a preços correntes dos serviços, exclusive administração, defesa, educação e saúde públicas e seguridade social, da microrregião geográfica",%,2311405,Quixeramobim (CE),2023,...,
5938,6571,"Participação do valor adicionado bruto a preços correntes dos serviços, exclusive administração, defesa, educação e saúde públicas e seguridade social, no valor adicionado bruto a preços correntes dos serviços, exclusive administração, defesa, educação e saúde públicas e seguridade social, da microrregião geográfica",%,2302800,Canindé (CE),2018,75.93,75.93
5938,6571,"Participação do valor adicionado bruto a preços correntes dos serviços, exclusive administração, defesa, educação e saúde públicas e seguridade social, no valor adicionado bruto a preços correntes dos serviços, exclusive administração, defesa, educação e saúde públicas e seguridade social, da microrregião geográfica",%,2302800,Canindé (CE),2019,79.97,79.97
5938,6571,"Participação do valor adicionado bruto a preços correntes dos serviços, exclusive administração, defesa, educação e saúde públicas e seguridade social, no valor adicionado bruto a preços correntes dos serviços, exclusive administração, defesa, educação e saúde públicas e seguridade social, da microrregião geográfica",%,2302800,Canindé (CE),2020,73.23,73.23
5938,6571,"Participação do valor adicionado bruto a preços correntes dos serviços, exclusive administração, defesa, educação e saúde públicas e seguridade social, no valor adicionado bruto a preços correntes dos serviços, exclusive administração, defesa, educação e saúde públicas e seguridade social, da microrregião geográfica",%,2302800,Canindé (CE),2021,74.07,74.07
5938,6571,"Participação do valor adicionado bruto a preços correntes dos serviços, exclusive administração, defesa, educação e saúde públicas e seguridade social, no valor adicionado bruto a preços correntes dos serviços, exclusive administração, defesa, educação e saúde públicas e seguridade social, da microrregião geográfica",%,2302800,Canindé (CE),2022,...,
5938,6571,"Participação do valor adicionado bruto a preços correntes dos serviços, exclusive administração, defesa, educação e saúde públicas e seguridade social, no valor adicionado bruto a preços correntes dos serviços, exclusive administração, defesa, educação e saúde públicas e seguridade social, da microrregião geográfica",%,2302800,Canindé (CE),2023,...,
5938,6571,"Participação do valor adicionado bruto a preços correntes dos serviços, exclusive administração, defesa, educação e saúde públicas e seguridade social, no valor adicionado bruto a preços correntes dos serviços, exclusive administração, defesa, educação e saúde públicas e seguridade social, da microrregião geográfica",%,2308609,Monsenhor Tabosa (CE),2018,5.25,5.25
5938,6571,"Participação do valor adicionado bruto a preços correntes dos serviços, exclusive administração, defesa, educação e saúde públicas e seguridade social, no valor adicionado bruto a preços correntes dos serviços, exclusive administração, defesa, educação e saúde públicas e seguridade social, da microrregião geográfica",%,2308609,Monsenhor Tabosa (CE),2019,4.99,4.99
5938,6571,"Participação do valor adicionado bruto a preços correntes dos serviços, exclusive administração, defesa, educação e saúde públicas e seguridade social, no valor adicionado bruto a preços correntes dos serviços, exclusive administração, defesa, educação e saúde públicas e seguridade social, da microrregião geográfica",%,2308609,Monsenhor Tabosa (CE),2020,4.96,4.96
5938,6571,"Participação do valor adicionado bruto a preços correntes dos serviços, exclusive administração, defesa, educação e saúde públicas e seguridade social, no valor adicionado bruto a preços correntes dos serviços, exclusive administração, defesa, educação e saúde públicas e seguridade social, da microrregião geográfica",%,2308609,Monsenhor Tabosa (CE),2021,4.92,4.92
5938,6571,"Participação do valor adicionado bruto a preços correntes dos serviços, exclusive administração, defesa, educação e saúde públicas e seguridade social, no valor adicionado bruto a preços correntes dos serviços, exclusive administração, defesa, educação e saúde públicas e seguridade social, da microrregião geográfica",%,2308609,Monsenhor Tabosa (CE),2022,...,
5938,6571,"Participação do valor adicionado bruto a preços correntes dos serviços, exclusive administração, defesa, educação e saúde públicas e seguridade social, no valor adicionado bruto a preços correntes dos serviços, exclusive administração, defesa, educação e saúde públicas e seguridade social, da microrregião geográfica",%,2308609,Monsenhor Tabosa (CE),2023,...,
5938,6571,"Participação do valor adicionado bruto a preços correntes dos serviços, exclusive administração, defesa, educação e saúde públicas e seguridade social, no valor adicionado bruto a preços correntes dos serviços, exclusive administração, defesa, educação e saúde públicas e seguridade social, da microrregião geográfica",%,2313203,Tamboril (CE),2018,8.09,8.09
5938,6571,"Participação do valor adicionado bruto a preços correntes dos serviços, exclusive administração, defesa, educação e saúde públicas e seguridade social, no valor adicionado bruto a preços correntes dos serviços, exclusive administração, defesa, educação e saúde públicas e seguridade social, da microrregião geográfica",%,2313203,Tamboril (CE),2019,8.30,8.3
5938,6571,"Participação do valor adicionado bruto a preços correntes dos serviços, exclusive administração, defesa, educação e saúde públicas e seguridade social, no valor adicionado bruto a preços correntes dos serviços, exclusive administração, defesa, educação e saúde públicas e seguridade social, da microrregião geográfica",%,2313203,Tamboril (CE),2020,8.03,8.03
5938,6571,"Participação do valor adicionado bruto a preços correntes dos serviços, exclusive administração, defesa, educação e saúde públicas e seguridade social, no valor adicionado bruto a preços correntes dos serviços, exclusive administração, defesa, educação e saúde públicas e seguridade social, da microrregião geográfica",%,2313203,Tamboril (CE),2021,7.88,7.88
5938,6571,"Participação do valor adicionado bruto a preços correntes dos serviços, exclusive administração, defesa, educação e saúde públicas e seguridade social, no valor adicionado bruto a preços correntes dos serviços, exclusive administração, defesa, educação e saúde públicas e seguridade social, da microrregião geográfica",%,2313203,Tamboril (CE),2022,...,
5938,6571,"Participação do valor adicionado bruto a preços correntes dos serviços, exclusive administração, defesa, educação e saúde públicas e seguridade social, no valor adicionado bruto a preços correntes dos serviços, exclusive administração, defesa, educação e saúde públicas e seguridade social, da microrregião geográfica",%,2313203,Tamboril (CE),2023,...,
5938,6571,"Participação do valor adicionado bruto a preços correntes dos serviços, exclusive administração, defesa, educação e saúde públicas e seguridade social, no valor adicionado bruto a preços correntes dos serviços, exclusive administração, defesa, educação e saúde públicas e seguridade social, da microrregião geográfica",%,2310506,Pedra Branca (CE),2018,16.98,16.98
5938,6571,"Participação do valor adicionado bruto a preços correntes dos serviços, exclusive administração, defesa, educação e saúde públicas e seguridade social, no valor adicionado bruto a preços correntes dos serviços, exclusive administração, defesa, educação e saúde públicas e seguridade social, da microrregião geográfica",%,2310506,Pedra Branca (CE),2019,16.35,16.35
5938,6571,"Participação do valor adicionado bruto a preços correntes dos serviços, exclusive administração, defesa, educação e saúde públicas e seguridade social, no valor adicionado bruto a preços correntes dos serviços, exclusive administração, defesa, educação e saúde públicas e seguridade social, da microrregião geográfica",%,2310506,Pedra Branca (CE),2020,16.88,16.88
5938,6571,"Participação do valor adicionado bruto a preços correntes dos serviços, exclusive administração, defesa, educação e saúde públicas e seguridade social, no valor adicionado bruto a preços correntes dos serviços, exclusive administração, defesa, educação e saúde públicas e seguridade social, da microrregião geográfica",%,2310506,Pedra Branca (CE),2021,16.62,16.62
5938,6571,"Participação do valor adicionado bruto a preços correntes dos serviços, exclusive administração, defesa, educação e saúde públicas e seguridade social, no valor adicionado bruto a preços correntes dos serviços, exclusive administração, defesa, educação e saúde públicas e seguridade social, da microrregião geográfica",%,2310506,Pedra Branca (CE),2022,...,
5938,6571,"Participação do valor adicionado bruto a preços correntes dos serviços, exclusive administração, defesa, educação e saúde públicas e seguridade social, no valor adicionado bruto a preços correntes dos serviços, exclusive administração, defesa, educação e saúde públicas e seguridade social, da microrregião geográfica",%,2310506,Pedra Branca (CE),2023,...,
5938,6570,"Participação do valor adicionado bruto a preços correntes dos serviços, exclusive administração, defesa, educação e saúde públicas e seguridade social, no valor adicionado bruto a preços correntes dos serviços, exclusive administração, defesa, educação e saúde públicas e seguridade social, da mesorregião geográfica",%,2302404,Boa Viagem (CE),2018,4.47,4.47
5938,6570,"Participação do valor adicionado bruto a preços correntes dos serviços, exclusive administração, defesa, educação e saúde públicas e seguridade social, no valor adicionado bruto a preços correntes dos serviços, exclusive administração, defesa, educação e saúde públicas e seguridade social, da mesorregião geográfica",%,2302404,Boa Viagem (CE),2019,5.42,5.42
5938,6570,"Participação do valor adicionado bruto a preços correntes dos serviços, exclusive administração, defesa, educação e saúde públicas e seguridade social, no valor adicionado bruto a preços correntes dos serviços, exclusive administração, defesa, educação e saúde públicas e seguridade social, da mesorregião geográfica",%,2302404,Boa Viagem (CE),2020,5.35,5.35
5938,6570,"Participação do valor adicionado bruto a preços correntes dos serviços, exclusive administração, defesa, educação e saúde públicas e seguridade social, no valor adicionado bruto a preços correntes dos serviços, exclusive administração, defesa, educação e saúde públicas e seguridade social, da mesorregião geográfica",%,2302404,Boa Viagem (CE),2021,5.20,5.2
5938,6570,"Participação do valor adicionado bruto a preços correntes dos serviços, exclusive administração, defesa, educação e saúde públicas e seguridade social, no valor adicionado bruto a preços correntes dos serviços, exclusive administração, defesa, educação e saúde públicas e seguridade social, da mesorregião geográfica",%,2302404,Boa Viagem (CE),2022,...,
5938,6570,"Participação do valor adicionado bruto a preços correntes dos serviços, exclusive administração, defesa, educação e saúde públicas e seguridade social, no valor adicionado bruto a preços correntes dos serviços, exclusive administração, defesa, educação e saúde públicas e seguridade social, da mesorregião geográfica",%,2302404,Boa Viagem (CE),2023,...,
5938,6570,"Participação do valor adicionado bruto a preços correntes dos serviços, exclusive administração, defesa, educação e saúde públicas e seguridade social, no valor adicionado bruto a preços correntes dos serviços, exclusive administração, defesa, educação e saúde públicas e seguridade social, da mesorregião geográfica",%,2307635,Madalena (CE),2018,1.24,1.24
5938,6570,"Participação do valor adicionado bruto a preços correntes dos serviços, exclusive administração, defesa, educação e saúde públicas e seguridade social, no valor adicionado bruto a preços correntes dos serviços, exclusive administração, defesa, educação e saúde públicas e seguridade social, da mesorregião geográfica",%,2307635,Madalena (CE),2019,1.21,1.21
5938,6570,"Participação do valor adicionado bruto a preços correntes dos serviços, exclusive administração, defesa, educação e saúde públicas e seguridade social, no valor adicionado bruto a preços correntes dos serviços, exclusive administração, defesa, educação e saúde públicas e seguridade social, da mesorregião geográfica",%,2307635,Madalena (CE),2020,1.41,1.41
5938,6570,"Participação do valor adicionado bruto a preços correntes dos serviços, exclusive administração, defesa, educação e saúde públicas e seguridade social, no valor adicionado bruto a preços correntes dos serviços, exclusive administração, defesa, educação e saúde públicas e seguridade social, da mesorregião geográfica",%,2307635,Madalena (CE),2021,1.39,1.39
5938,6570,"Participação do valor adicionado bruto a preços correntes dos serviços, exclusive administração, defesa, educação e saúde públicas e seguridade social, no valor adicionado bruto a preços correntes dos serviços, exclusive administração, defesa, educação e saúde públicas e seguridade social, da mesorregião geográfica",%,2307635,Madalena (CE),2022,...,
5938,6570,"Participação do valor adicionado bruto a preços correntes dos serviços, exclusive administração, defesa, educação e saúde públicas e seguridade social, no valor adicionado bruto a preços correntes dos serviços, exclusive administração, defesa, educação e saúde públicas e seguridade social, da mesorregião geográfica",%,2307635,Madalena (CE),2023,...,
5938,6570,"Participação do valor adicionado bruto a preços correntes dos serviços, exclusive administração, defesa, educação e saúde públicas e seguridade social, no valor adicionado bruto a preços correntes dos serviços, exclusive administração, defesa, educação e saúde públicas e seguridade social, da mesorregião geográfica",%,2311405,Quixeramobim (CE),2018,13.22,13.22
5938,6570,"Participação do valor adicionado bruto a preços correntes dos serviços, exclusive administração, defesa, educação e saúde públicas e seguridade social, no valor adicionado bruto a preços correntes dos serviços, exclusive administração, defesa, educação e saúde públicas e seguridade social, da mesorregião geográfica",%,2311405,Quixeramobim (CE),2019,12.86,12.86
5938,6570,"Participação do valor adicionado bruto a preços correntes dos serviços, exclusive administração, defesa, educação e saúde públicas e seguridade social, no valor adicionado bruto a preços correntes dos serviços, exclusive administração, defesa, educação e saúde públicas e seguridade social, da mesorregião geográfica",%,2311405,Quixeramobim (CE),2020,12.59,12.59
5938,6570,"Participação do valor adicionado bruto a preços correntes dos serviços, exclusive administração, defesa, educação e saúde públicas e seguridade social, no valor adicionado bruto a preços correntes dos serviços, exclusive administração, defesa, educação e saúde públicas e seguridade social, da mesorregião geográfica",%,2311405,Quixeramobim (CE),2021,14.30,14.3
5938,6570,"Participação do valor adicionado bruto a preços correntes dos serviços, exclusive administração, defesa, educação e saúde públicas e seguridade social, no valor adicionado bruto a preços correntes dos serviços, exclusive administração, defesa, educação e saúde públicas e seguridade social, da mesorregião geográfica",%,2311405,Quixeramobim (CE),2022,...,
5938,6570,"Participação do valor adicionado bruto a preços correntes dos serviços, exclusive administração, defesa, educação e saúde públicas e seguridade social, no valor adicionado bruto a preços correntes dos serviços, exclusive administração, defesa, educação e saúde públicas e seguridade social, da mesorregião geográfica",%,2311405,Quixeramobim (CE),2023,...,
5938,6570,"Participação do valor adicionado bruto a preços correntes dos serviços, exclusive administração, defesa, educação e saúde públicas e seguridade social, no valor adicionado bruto a preços correntes dos serviços, exclusive administração, defesa, educação e saúde públicas e seguridade social, da mesorregião geográfica",%,2302800,Canindé (CE),2018,6.24,6.24
5938,6570,"Participação do valor adicionado bruto a preços correntes dos serviços, exclusive administração, defesa, educação e saúde públicas e seguridade social, no valor adicionado bruto a preços correntes dos serviços, exclusive administração, defesa, educação e saúde públicas e seguridade social, da mesorregião geográfica",%,2302800,Canindé (CE),2019,8.61,8.61
5938,6570,"Participação do valor adicionado bruto a preços correntes dos serviços, exclusive administração, defesa, educação e saúde públicas e seguridade social, no valor adicionado bruto a preços correntes dos serviços, exclusive administração, defesa, educação e saúde públicas e seguridade social, da mesorregião geográfica",%,2302800,Canindé (CE),2020,7.15,7.15
5938,6570,"Participação do valor adicionado bruto a preços correntes dos serviços, exclusive administração, defesa, educação e saúde públicas e seguridade social, no valor adicionado bruto a preços correntes dos serviços, exclusive administração, defesa, educação e saúde públicas e seguridade social, da mesorregião geográfica",%,2302800,Canindé (CE),2021,6.47,6.47
5938,6570,"Participação do valor adicionado bruto a preços correntes dos serviços, exclusive administração, defesa, educação e saúde públicas e seguridade social, no valor adicionado bruto a preços correntes dos serviços, exclusive administração, defesa, educação e saúde públicas e seguridade social, da mesorregião geográfica",%,2302800,Canindé (CE),2022,...,
5938,6570,"Participação do valor adicionado bruto a preços correntes dos serviços, exclusive administração, defesa, educação e saúde públicas e seguridade social, no valor adicionado bruto a preços correntes dos serviços, exclusive administração, defesa, educação e saúde públicas e seguridade social, da mesorregião geográfica",%,2302800,Canindé (CE),2023,...,
5938,6570,"Participação do valor adicionado bruto a preços correntes dos serviços, exclusive administração, defesa, educação e saúde públicas e seguridade social, no valor adicionado bruto a preços correntes dos serviços, exclusive administração, defesa, educação e saúde públicas e seguridade social, da mesorregião geográfica",%,2308609,Monsenhor Tabosa (CE),2018,1.35,1.35
5938,6570,"Participação do valor adicionado bruto a preços correntes dos serviços, exclusive administração, defesa, educação e saúde públicas e seguridade social, no valor adicionado bruto a preços correntes dos serviços, exclusive administração, defesa, educação e saúde públicas e seguridade social, da mesorregião geográfica",%,2308609,Monsenhor Tabosa (CE),2019,1.33,1.33
5938,6570,"Participação do valor adicionado bruto a preços correntes dos serviços, exclusive administração, defesa, educação e saúde públicas e seguridade social, no valor adicionado bruto a preços correntes dos serviços, exclusive administração, defesa, educação e saúde públicas e seguridade social, da mesorregião geográfica",%,2308609,Monsenhor Tabosa (CE),2020,1.31,1.31
5938,6570,"Participação do valor adicionado bruto a preços correntes dos serviços, exclusive administração, defesa, educação e saúde públicas e seguridade social, no valor adicionado bruto a preços correntes dos serviços, exclusive administração, defesa, educação e saúde públicas e seguridade social, da mesorregião geográfica",%,2308609,Monsenhor Tabosa (CE),2021,1.29,1.29
5938,6570,"Participação do valor adicionado bruto a preços correntes dos serviços, exclusive administração, defesa, educação e saúde públicas e seguridade social, no valor adicionado bruto a preços correntes dos serviços, exclusive administração, defesa, educação e saúde públicas e seguridade social, da mesorregião geográfica",%,2308609,Monsenhor Tabosa (CE),2022,...,
5938,6570,"Participação do valor adicionado bruto a preços correntes dos serviços, exclusive administração, defesa, educação e saúde públicas e seguridade social, no valor adicionado bruto a preços correntes dos serviços, exclusive administração, defesa, educação e saúde públicas e seguridade social, da mesorregião geográfica",%,2308609,Monsenhor Tabosa (CE),2023,...,
5938,6570,"Participação do valor adicionado bruto a preços correntes dos serviços, exclusive administração, defesa, educação e saúde públicas e seguridade social, no valor adicionado bruto a preços correntes dos serviços, exclusive administração, defesa, educação e saúde públicas e seguridade social, da mesorregião geográfica",%,2313203,Tamboril (CE),2018,2.08,2.08
5938,6570,"Participação do valor adicionado bruto a preços correntes dos serviços, exclusive administração, defesa, educação e saúde públicas e seguridade social, no valor adicionado bruto a preços correntes dos serviços, exclusive administração, defesa, educação e saúde públicas e seguridade social, da mesorregião geográfica",%,2313203,Tamboril (CE),2019,2.21,2.21
5938,6570,"Participação do valor adicionado bruto a preços correntes dos serviços, exclusive administração, defesa, educação e saúde públicas e seguridade social, no valor adicionado bruto a preços correntes dos serviços, exclusive administração, defesa, educação e saúde públicas e seguridade social, da mesorregião geográfica",%,2313203,Tamboril (CE),2020,2.13,2.13
5938,6570,"Participação do valor adicionado bruto a preços correntes dos serviços, exclusive administração, defesa, educação e saúde públicas e seguridade social, no valor adicionado bruto a preços correntes dos serviços, exclusive administração, defesa, educação e saúde públicas e seguridade social, da mesorregião geográfica",%,2313203,Tamboril (CE),2021,2.07,2.07
5938,6570,"Participação do valor adicionado bruto a preços correntes dos serviços, exclusive administração, defesa, educação e saúde públicas e seguridade social, no valor adicionado bruto a preços correntes dos serviços, exclusive administração, defesa, educação e saúde públicas e seguridade social, da mesorregião geográfica",%,2313203,Tamboril (CE),2022,...,
5938,6570,"Participação do valor adicionado bruto a preços correntes dos serviços, exclusive administração, defesa, educação e saúde públicas e seguridade social, no valor adicionado bruto a preços correntes dos serviços, exclusive administração, defesa, educação e saúde públicas e seguridade social, da mesorregião geográfica",%,2313203,Tamboril (CE),2023,...,
5938,6570,"Participação do valor adicionado bruto a preços correntes dos serviços, exclusive administração, defesa, educação e saúde públicas e seguridade social, no valor adicionado bruto a preços correntes dos serviços, exclusive administração, defesa, educação e saúde públicas e seguridade social, da mesorregião geográfica",%,2310506,Pedra Branca (CE),2018,3.49,3.49
5938,6570,"Participação do valor adicionado bruto a preços correntes dos serviços, exclusive administração, defesa, educação e saúde públicas e seguridade social, no valor adicionado bruto a preços correntes dos serviços, exclusive administração, defesa, educação e saúde públicas e seguridade social, da mesorregião geográfica",%,2310506,Pedra Branca (CE),2019,3.40,3.4
5938,6570,"Participação do valor adicionado bruto a preços correntes dos serviços, exclusive administração, defesa, educação e saúde públicas e seguridade social, no valor adicionado bruto a preços correntes dos serviços, exclusive administração, defesa, educação e saúde públicas e seguridade social, da mesorregião geográfica",%,2310506,Pedra Branca (CE),2020,3.54,3.54
5938,6570,"Participação do valor adicionado bruto a preços correntes dos serviços, exclusive administração, defesa, educação e saúde públicas e seguridade social, no valor adicionado bruto a preços correntes dos serviços, exclusive administração, defesa, educação e saúde públicas e seguridade social, da mesorregião geográfica",%,2310506,Pedra Branca (CE),2021,3.40,3.4
5938,6570,"Participação do valor adicionado bruto a preços correntes dos serviços, exclusive administração, defesa, educação e saúde públicas e seguridade social, no valor adicionado bruto a preços correntes dos serviços, exclusive administração, defesa, educação e saúde públicas e seguridade social, da mesorregião geográfica",%,2310506,Pedra Branca (CE),2022,...,
5938,6570,"Participação do valor adicionado bruto a preços correntes dos serviços, exclusive administração, defesa, educação e saúde públicas e seguridade social, no valor adicionado bruto a preços correntes dos serviços, exclusive administração, defesa, educação e saúde públicas e seguridade social, da mesorregião geográfica",%,2310506,Pedra Branca (CE),2023,...,
5938,6572,"Participação do valor adicionado bruto a preços correntes dos serviços, exclusive administração, defesa, educação e saúde públicas e seguridade social, no valor adicionado bruto a preços correntes dos serviços, exclusive administração, defesa, educação e saúde públicas e seguridade social, da unidade da federação",%,2302404,Boa Viagem (CE),2018,0.18,0.18
5938,6572,"Participação do valor adicionado bruto a preços correntes dos serviços, exclusive administração, defesa, educação e saúde públicas e seguridade social, no valor adicionado bruto a preços correntes dos serviços, exclusive administração, defesa, educação e saúde públicas e seguridade social, da unidade da federação",%,2302404,Boa Viagem (CE),2019,0.23,0.23
5938,6572,"Participação do valor adicionado bruto a preços correntes dos serviços, exclusive administração, defesa, educação e saúde públicas e seguridade social, no valor adicionado bruto a preços correntes dos serviços, exclusive administração, defesa, educação e saúde públicas e seguridade social, da unidade da federação",%,2302404,Boa Viagem (CE),2020,0.24,0.24
5938,6572,"Participação do valor adicionado bruto a preços correntes dos serviços, exclusive administração, defesa, educação e saúde públicas e seguridade social, no valor adicionado bruto a preços correntes dos serviços, exclusive administração, defesa, educação e saúde públicas e seguridade social, da unidade da federação",%,2302404,Boa Viagem (CE),2021,0.23,0.23
5938,6572,"Participação do valor adicionado bruto a preços correntes dos serviços, exclusive administração, defesa, educação e saúde públicas e seguridade social, no valor adicionado bruto a preços correntes dos serviços, exclusive administração, defesa, educação e saúde públicas e seguridade social, da unidade da federação",%,2302404,Boa Viagem (CE),2022,...,
5938,6572,"Participação do valor adicionado bruto a preços correntes dos serviços, exclusive administração, defesa, educação e saúde públicas e seguridade social, no valor adicionado bruto a preços correntes dos serviços, exclusive administração, defesa, educação e saúde públicas e seguridade social, da unidade da federação",%,2302404,Boa Viagem (CE),2023,...,
5938,6572,"Participação do valor adicionado bruto a preços correntes dos serviços, exclusive administração, defesa, educação e saúde públicas e seguridade social, no valor adicionado bruto a preços correntes dos serviços, exclusive administração, defesa, educação e saúde públicas e seguridade social, da unidade da federação",%,2307635,Madalena (CE),2018,0.05,0.05
5938,6572,"Participação do valor adicionado bruto a preços correntes dos serviços, exclusive administração, defesa, educação e saúde públicas e seguridade social, no valor adicionado bruto a preços correntes dos serviços, exclusive administração, defesa, educação e saúde públicas e seguridade social, da unidade da federação",%,2307635,Madalena (CE),2019,0.05,0.05
5938,6572,"Participação do valor adicionado bruto a preços correntes dos serviços, exclusive administração, defesa, educação e saúde públicas e seguridade social, no valor adicionado bruto a preços correntes dos serviços, exclusive administração, defesa, educação e saúde públicas e seguridade social, da unidade da federação",%,2307635,Madalena (CE),2020,0.06,0.06
5938,6572,"Participação do valor adicionado bruto a preços correntes dos serviços, exclusive administração, defesa, educação e saúde públicas e seguridade social, no valor adicionado bruto a preços correntes dos serviços, exclusive administração, defesa, educação e saúde públicas e seguridade social, da unidade da federação",%,2307635,Madalena (CE),2021,0.06,0.06
5938,6572,"Participação do valor adicionado bruto a preços correntes dos serviços, exclusive administração, defesa, educação e saúde públicas e seguridade social, no valor adicionado bruto a preços correntes dos serviços, exclusive administração, defesa, educação e saúde públicas e seguridade social, da unidade da federação",%,2307635,Madalena (CE),2022,...,
5938,6572,"Participação do valor adicionado bruto a preços correntes dos serviços, exclusive administração, defesa, educação e saúde públicas e seguridade social, no valor adicionado bruto a preços correntes dos serviços, exclusive administração, defesa, educação e saúde públicas e seguridade social, da unidade da federação",%,2307635,Madalena (CE),2023,...,
5938,6572,"Participação do valor adicionado bruto a preços correntes dos serviços, exclusive administração, defesa, educação e saúde públicas e seguridade social, no valor adicionado bruto a preços correntes dos serviços, exclusive administração, defesa, educação e saúde públicas e seguridade social, da unidade da federação",%,2311405,Quixeramobim (CE),2018,0.53,0.53
5938,6572,"Participação do valor adicionado bruto a preços correntes dos serviços, exclusive administração, defesa, educação e saúde públicas e seguridade social, no valor adicionado bruto a preços correntes dos serviços, exclusive administração, defesa, educação e saúde públicas e seguridade social, da unidade da federação",%,2311405,Quixeramobim (CE),2019,0.55,0.55
5938,6572,"Participação do valor adicionado bruto a preços correntes dos serviços, exclusive administração, defesa, educação e saúde públicas e seguridade social, no valor adicionado bruto a preços correntes dos serviços, exclusive administração, defesa, educação e saúde públicas e seguridade social, da unidade da federação",%,2311405,Quixeramobim (CE),2020,0.58,0.58
5938,6572,"Participação do valor adicionado bruto a preços correntes dos serviços, exclusive administração, defesa, educação e saúde públicas e seguridade social, no valor adicionado bruto a preços correntes dos serviços, exclusive administração, defesa, educação e saúde públicas e seguridade social, da unidade da federação",%,2311405,Quixeramobim (CE),2021,0.62,0.62
5938,6572,"Participação do valor adicionado bruto a preços correntes dos serviços, exclusive administração, defesa, educação e saúde públicas e seguridade social, no valor adicionado bruto a preços correntes dos serviços, exclusive administração, defesa, educação e saúde públicas e seguridade social, da unidade da federação",%,2311405,Quixeramobim (CE),2022,...,
5938,6572,"Participação do valor adicionado bruto a preços correntes dos serviços, exclusive administração, defesa, educação e saúde públicas e seguridade social, no valor adicionado bruto a preços correntes dos serviços, exclusive administração, defesa, educação e saúde públicas e seguridade social, da unidade da federação",%,2311405,Quixeramobim (CE),2023,...,
5938,6572,"Participação do valor adicionado bruto a preços correntes dos serviços, exclusive administração, defesa, educação e saúde públicas e seguridade social, no valor adicionado bruto a preços correntes dos serviços, exclusive administração, defesa, educação e saúde públicas e seguridade social, da unidade da federação",%,2302800,Canindé (CE),2018,0.37,0.37
5938,6572,"Participação do valor adicionado bruto a preços correntes dos serviços, exclusive administração, defesa, educação e saúde públicas e seguridade social, no valor adicionado bruto a preços correntes dos serviços, exclusive administração, defesa, educação e saúde públicas e seguridade social, da unidade da federação",%,2302800,Canindé (CE),2019,0.54,0.54
5938,6572,"Participação do valor adicionado bruto a preços correntes dos serviços, exclusive administração, defesa, educação e saúde públicas e seguridade social, no valor adicionado bruto a preços correntes dos serviços, exclusive administração, defesa, educação e saúde públicas e seguridade social, da unidade da federação",%,2302800,Canindé (CE),2020,0.47,0.47
5938,6572,"Participação do valor adicionado bruto a preços correntes dos serviços, exclusive administração, defesa, educação e saúde públicas e seguridade social, no valor adicionado bruto a preços correntes dos serviços, exclusive administração, defesa, educação e saúde públicas e seguridade social, da unidade da federação",%,2302800,Canindé (CE),2021,0.44,0.44
5938,6572,"Participação do valor adicionado bruto a preços correntes dos serviços, exclusive administração, defesa, educação e saúde públicas e seguridade social, no valor adicionado bruto a preços correntes dos serviços, exclusive administração, defesa, educação e saúde públicas e seguridade social, da unidade da federação",%,2302800,Canindé (CE),2022,...,
5938,6572,"Participação do valor adicionado bruto a preços correntes dos serviços, exclusive administração, defesa, educação e saúde públicas e seguridade social, no valor adicionado bruto a preços correntes dos serviços, exclusive administração, defesa, educação e saúde públicas e seguridade social, da unidade da federação",%,2302800,Canindé (CE),2023,...,
5938,6572,"Participação do valor adicionado bruto a preços correntes dos serviços, exclusive administração, defesa, educação e saúde públicas e seguridade social, no valor adicionado bruto a preços correntes dos serviços, exclusive administração, defesa, educação e saúde públicas e seguridade social, da unidade da federação",%,2308609,Monsenhor Tabosa (CE),2018,0.05,0.05
5938,6572,"Participação do valor adicionado bruto a preços correntes dos serviços, exclusive administração, defesa, educação e saúde públicas e seguridade social, no valor adicionado bruto a preços correntes dos serviços, exclusive administração, defesa, educação e saúde públicas e seguridade social, da unidade da federação",%,2308609,Monsenhor Tabosa (CE),2019,0.06,0.06
5938,6572,"Participação do valor adicionado bruto a preços correntes dos serviços, exclusive administração, defesa, educação e saúde públicas e seguridade social, no valor adicionado bruto a preços correntes dos serviços, exclusive administração, defesa, educação e saúde públicas e seguridade social, da unidade da federação",%,2308609,Monsenhor Tabosa (CE),2020,0.06,0.06
5938,6572,"Participação do valor adicionado bruto a preços correntes dos serviços, exclusive administração, defesa, educação e saúde públicas e seguridade social, no valor adicionado bruto a preços correntes dos serviços, exclusive administração, defesa, educação e saúde públicas e seguridade social, da unidade da federação",%,2308609,Monsenhor Tabosa (CE),2021,0.06,0.06
5938,6572,"Participação do valor adicionado bruto a preços correntes dos serviços, exclusive administração, defesa, educação e saúde públicas e seguridade social, no valor adicionado bruto a preços correntes dos serviços, exclusive administração, defesa, educação e saúde públicas e seguridade social, da unidade da federação",%,2308609,Monsenhor Tabosa (CE),2022,...,
5938,6572,"Participação do valor adicionado bruto a preços correntes dos serviços, exclusive administração, defesa, educação e saúde públicas e seguridade social, no valor adicionado bruto a preços correntes dos serviços, exclusive administração, defesa, educação e saúde públicas e seguridade social, da unidade da federação",%,2308609,Monsenhor Tabosa (CE),2023,...,
5938,6572,"Participação do valor adicionado bruto a preços correntes dos serviços, exclusive administração, defesa, educação e saúde públicas e seguridade social, no valor adicionado bruto a preços correntes dos serviços, exclusive administração, defesa, educação e saúde públicas e seguridade social, da unidade da federação",%,2313203,Tamboril (CE),2018,0.08,0.08
5938,6572,"Participação do valor adicionado bruto a preços correntes dos serviços, exclusive administração, defesa, educação e saúde públicas e seguridade social, no valor adicionado bruto a preços correntes dos serviços, exclusive administração, defesa, educação e saúde públicas e seguridade social, da unidade da federação",%,2313203,Tamboril (CE),2019,0.09,0.09
5938,6572,"Participação do valor adicionado bruto a preços correntes dos serviços, exclusive administração, defesa, educação e saúde públicas e seguridade social, no valor adicionado bruto a preços correntes dos serviços, exclusive administração, defesa, educação e saúde públicas e seguridade social, da unidade da federação",%,2313203,Tamboril (CE),2020,0.10,0.1
5938,6572,"Participação do valor adicionado bruto a preços correntes dos serviços, exclusive administração, defesa, educação e saúde públicas e seguridade social, no valor adicionado bruto a preços correntes dos serviços, exclusive administração, defesa, educação e saúde públicas e seguridade social, da unidade da federação",%,2313203,Tamboril (CE),2021,0.09,0.09
5938,6572,"Participação do valor adicionado bruto a preços correntes dos serviços, exclusive administração, defesa, educação e saúde públicas e seguridade social, no valor adicionado bruto a preços correntes dos serviços, exclusive administração, defesa, educação e saúde públicas e seguridade social, da unidade da federação",%,2313203,Tamboril (CE),2022,...,
5938,6572,"Participação do valor adicionado bruto a preços correntes dos serviços, exclusive administração, defesa, educação e saúde públicas e seguridade social, no valor adicionado bruto a preços correntes dos serviços, exclusive administração, defesa, educação e saúde públicas e seguridade social, da unidade da federação",%,2313203,Tamboril (CE),2023,...,
5938,6572,"Participação do valor adicionado bruto a preços correntes dos serviços, exclusive administração, defesa, educação e saúde públicas e seguridade social, no valor adicionado bruto a preços correntes dos serviços, exclusive administração, defesa, educação e saúde públicas e seguridade social, da unidade da federação",%,2310506,Pedra Branca (CE),2018,0.14,0.14
5938,6572,"Participação do valor adicionado bruto a preços correntes dos serviços, exclusive administração, defesa, educação e saúde públicas e seguridade social, no valor adicionado bruto a preços correntes dos serviços, exclusive administração, defesa, educação e saúde públicas e seguridade social, da unidade da federação",%,2310506,Pedra Branca (CE),2019,0.15,0.15
5938,6572,"Participação do valor adicionado bruto a preços correntes dos serviços, exclusive administração, defesa, educação e saúde públicas e seguridade social, no valor adicionado bruto a preços correntes dos serviços, exclusive administração, defesa, educação e saúde públicas e seguridade social, da unidade da federação",%,2310506,Pedra Branca (CE),2020,0.16,0.16
5938,6572,"Participação do valor adicionado bruto a preços correntes dos serviços, exclusive administração, defesa, educação e saúde públicas e seguridade social, no valor adicionado bruto a preços correntes dos serviços, exclusive administração, defesa, educação e saúde públicas e seguridade social, da unidade da federação",%,2310506,Pedra Branca (CE),2021,0.15,0.15
5938,6572,"Participação do valor adicionado bruto a preços correntes dos serviços, exclusive administração, defesa, educação e saúde públicas e seguridade social, no valor adicionado bruto a preços correntes dos serviços, exclusive administração, defesa, educação e saúde públicas e seguridade social, da unidade da federação",%,2310506,Pedra Branca (CE),2022,...,
5938,6572,"Participação do valor adicionado bruto a preços correntes dos serviços, exclusive administração, defesa, educação e saúde públicas e seguridade social, no valor adicionado bruto a preços correntes dos serviços, exclusive administração, defesa, educação e saúde públicas e seguridade social, da unidade da federação",%,2310506,Pedra Branca (CE),2023,...,
5938,6569,"Participação do valor adicionado bruto a preços correntes dos serviços, exclusive administração, defesa, educação e saúde públicas e seguridade social, no valor adicionado bruto a preços correntes dos serviços, exclusive administração, defesa, educação e saúde públicas e seguridade social, da grande região",%,2302404,Boa Viagem (CE),2018,0.03,0.03
5938,6569,"Participação do valor adicionado bruto a preços correntes dos serviços, exclusive administração, defesa, educação e saúde públicas e seguridade social, no valor adicionado bruto a preços correntes dos serviços, exclusive administração, defesa, educação e saúde públicas e seguridade social, da grande região",%,2302404,Boa Viagem (CE),2019,0.04,0.04
5938,6569,"Participação do valor adicionado bruto a preços correntes dos serviços, exclusive administração, defesa, educação e saúde públicas e seguridade social, no valor adicionado bruto a preços correntes dos serviços, exclusive administração, defesa, educação e saúde públicas e seguridade social, da grande região",%,2302404,Boa Viagem (CE),2020,0.04,0.04
5938,6569,"Participação do valor adicionado bruto a preços correntes dos serviços, exclusive administração, defesa, educação e saúde públicas e seguridade social, no valor adicionado bruto a preços correntes dos serviços, exclusive administração, defesa, educação e saúde públicas e seguridade social, da grande região",%,2302404,Boa Viagem (CE),2021,0.04,0.04
5938,6569,"Participação do valor adicionado bruto a preços correntes dos serviços, exclusive administração, defesa, educação e saúde públicas e seguridade social, no valor adicionado bruto a preços correntes dos serviços, exclusive administração, defesa, educação e saúde públicas e seguridade social, da grande região",%,2302404,Boa Viagem (CE),2022,...,
5938,6569,"Participação do valor adicionado bruto a preços correntes dos serviços, exclusive administração, defesa, educação e saúde públicas e seguridade social, no valor adicionado bruto a preços correntes dos serviços, exclusive administração, defesa, educação e saúde públicas e seguridade social, da grande região",%,2302404,Boa Viagem (CE),2023,...,
5938,6569,"Participação do valor adicionado bruto a preços correntes dos serviços, exclusive administração, defesa, educação e saúde públicas e seguridade social, no valor adicionado bruto a preços correntes dos serviços, exclusive administração, defesa, educação e saúde públicas e seguridade social, da grande região",%,2307635,Madalena (CE),2018,0.01,0.01
5938,6569,"Participação do valor adicionado bruto a preços correntes dos serviços, exclusive administração, defesa, educação e saúde públicas e seguridade social, no valor adicionado bruto a preços correntes dos serviços, exclusive administração, defesa, educação e saúde públicas e seguridade social, da grande região",%,2307635,Madalena (CE),2019,0.01,0.01
5938,6569,"Participação do valor adicionado bruto a preços correntes dos serviços, exclusive administração, defesa, educação e saúde públicas e seguridade social, no valor adicionado bruto a preços correntes dos serviços, exclusive administração, defesa, educação e saúde públicas e seguridade social, da grande região",%,2307635,Madalena (CE),2020,0.01,0.01
5938,6569,"Participação do valor adicionado bruto a preços correntes dos serviços, exclusive administração, defesa, educação e saúde públicas e seguridade social, no valor adicionado bruto a preços correntes dos serviços, exclusive administração, defesa, educação e saúde públicas e seguridade social, da grande região",%,2307635,Madalena (CE),2021,0.01,0.01
5938,6569,"Participação do valor adicionado bruto a preços correntes dos serviços, exclusive administração, defesa, educação e saúde públicas e seguridade social, no valor adicionado bruto a preços correntes dos serviços, exclusive administração, defesa, educação e saúde públicas e seguridade social, da grande região",%,2307635,Madalena (CE),2022,...,
5938,6569,"Participação do valor adicionado bruto a preços correntes dos serviços, exclusive administração, defesa, educação e saúde públicas e seguridade social, no valor adicionado bruto a preços correntes dos serviços, exclusive administração, defesa, educação e saúde públicas e seguridade social, da grande região",%,2307635,Madalena (CE),2023,...,
5938,6569,"Participação do valor adicionado bruto a preços correntes dos serviços, exclusive administração, defesa, educação e saúde públicas e seguridade social, no valor adicionado bruto a preços correntes dos serviços, exclusive administração, defesa, educação e saúde públicas e seguridade social, da grande região",%,2311405,Quixeramobim (CE),2018,0.09,0.09
5938,6569,"Participação do valor adicionado bruto a preços correntes dos serviços, exclusive administração, defesa, educação e saúde públicas e seguridade social, no valor adicionado bruto a preços correntes dos serviços, exclusive administração, defesa, educação e saúde públicas e seguridade social, da grande região",%,2311405,Quixeramobim (CE),2019,0.09,0.09
5938,6569,"Participação do valor adicionado bruto a preços correntes dos serviços, exclusive administração, defesa, educação e saúde públicas e seguridade social, no valor adicionado bruto a preços correntes dos serviços, exclusive administração, defesa, educação e saúde públicas e seguridade social, da grande região",%,2311405,Quixeramobim (CE),2020,0.10,0.1
5938,6569,"Participação do valor adicionado bruto a preços correntes dos serviços, exclusive administração, defesa, educação e saúde públicas e seguridade social, no valor adicionado bruto a preços correntes dos serviços, exclusive administração, defesa, educação e saúde públicas e seguridade social, da grande região",%,2311405,Quixeramobim (CE),2021,0.11,0.11
5938,6569,"Participação do valor adicionado bruto a preços correntes dos serviços, exclusive administração, defesa, educação e saúde públicas e seguridade social, no valor adicionado bruto a preços correntes dos serviços, exclusive administração, defesa, educação e saúde públicas e seguridade social, da grande região",%,2311405,Quixeramobim (CE),2022,...,
5938,6569,"Participação do valor adicionado bruto a preços correntes dos serviços, exclusive administração, defesa, educação e saúde públicas e seguridade social, no valor adicionado bruto a preços correntes dos serviços, exclusive administração, defesa, educação e saúde públicas e seguridade social, da grande região",%,2311405,Quixeramobim (CE),2023,...,
5938,6569,"Participação do valor adicionado bruto a preços correntes dos serviços, exclusive administração, defesa, educação e saúde públicas e seguridade social, no valor adicionado bruto a preços correntes dos serviços, exclusive administração, defesa, educação e saúde públicas e seguridade social, da grande região",%,2302800,Canindé (CE),2018,0.06,0.06
5938,6569,"Participação do valor adicionado bruto a preços correntes dos serviços, exclusive administração, defesa, educação e saúde públicas e seguridade social, no valor adicionado bruto a preços correntes dos serviços, exclusive administração, defesa, educação e saúde públicas e seguridade social, da grande região",%,2302800,Canindé (CE),2019,0.09,0.09
5938,6569,"Participação do valor adicionado bruto a preços correntes dos serviços, exclusive administração, defesa, educação e saúde públicas e seguridade social, no valor adicionado bruto a preços correntes dos serviços, exclusive administração, defesa, educação e saúde públicas e seguridade social, da grande região",%,2302800,Canindé (CE),2020,0.08,0.08
5938,6569,"Participação do valor adicionado bruto a preços correntes dos serviços, exclusive administração, defesa, educação e saúde públicas e seguridade social, no valor adicionado bruto a preços correntes dos serviços, exclusive administração, defesa, educação e saúde públicas e seguridade social, da grande região",%,2302800,Canindé (CE),2021,0.08,0.08
5938,6569,"Participação do valor adicionado bruto a preços correntes dos serviços, exclusive administração, defesa, educação e saúde públicas e seguridade social, no valor adicionado bruto a preços correntes dos serviços, exclusive administração, defesa, educação e saúde públicas e seguridade social, da grande região",%,2302800,Canindé (CE),2022,...,
5938,6569,"Participação do valor adicionado bruto a preços correntes dos serviços, exclusive administração, defesa, educação e saúde públicas e seguridade social, no valor adicionado bruto a preços correntes dos serviços, exclusive administração, defesa, educação e saúde públicas e seguridade social, da grande região",%,2302800,Canindé (CE),2023,...,
5938,6569,"Participação do valor adicionado bruto a preços correntes dos serviços, exclusive administração, defesa, educação e saúde públicas e seguridade social, no valor adicionado bruto a preços correntes dos serviços, exclusive administração, defesa, educação e saúde públicas e seguridade social, da grande região",%,2308609,Monsenhor Tabosa (CE),2018,0.01,0.01
5938,6569,"Participação do valor adicionado bruto a preços correntes dos serviços, exclusive administração, defesa, educação e saúde públicas e seguridade social, no valor adicionado bruto a preços correntes dos serviços, exclusive administração, defesa, educação e saúde públicas e seguridade social, da grande região",%,2308609,Monsenhor Tabosa (CE),2019,0.01,0.01
5938,6569,"Participação do valor adicionado bruto a preços correntes dos serviços, exclusive administração, defesa, educação e saúde públicas e seguridade social, no valor adicionado bruto a preços correntes dos serviços, exclusive administração, defesa, educação e saúde públicas e seguridade social, da grande região",%,2308609,Monsenhor Tabosa (CE),2020,0.01,0.01
5938,6569,"Participação do valor adicionado bruto a preços correntes dos serviços, exclusive administração, defesa, educação e saúde públicas e seguridade social, no valor adicionado bruto a preços correntes dos serviços, exclusive administração, defesa, educação e saúde públicas e seguridade social, da grande região",%,2308609,Monsenhor Tabosa (CE),2021,0.01,0.01
5938,6569,"Participação do valor adicionado bruto a preços correntes dos serviços, exclusive administração, defesa, educação e saúde públicas e seguridade social, no valor adicionado bruto a preços correntes dos serviços, exclusive administração, defesa, educação e saúde públicas e seguridade social, da grande região",%,2308609,Monsenhor Tabosa (CE),2022,...,
5938,6569,"Participação do valor adicionado bruto a preços correntes dos serviços, exclusive administração, defesa, educação e saúde públicas e seguridade social, no valor adicionado bruto a preços correntes dos serviços, exclusive administração, defesa, educação e saúde públicas e seguridade social, da grande região",%,2308609,Monsenhor Tabosa (CE),2023,...,
5938,6569,"Participação do valor adicionado bruto a preços correntes dos serviços, exclusive administração, defesa, educação e saúde públicas e seguridade social, no valor adicionado bruto a preços correntes dos serviços, exclusive administração, defesa, educação e saúde públicas e seguridade social, da grande região",%,2313203,Tamboril (CE),2018,0.01,0.01
5938,6569,"Participação do valor adicionado bruto a preços correntes dos serviços, exclusive administração, defesa, educação e saúde públicas e seguridade social, no valor adicionado bruto a preços correntes dos serviços, exclusive administração, defesa, educação e saúde públicas e seguridade social, da grande região",%,2313203,Tamboril (CE),2019,0.02,0.02
5938,6569,"Participação do valor adicionado bruto a preços correntes dos serviços, exclusive administração, defesa, educação e saúde públicas e seguridade social, no valor adicionado bruto a preços correntes dos serviços, exclusive administração, defesa, educação e saúde públicas e seguridade social, da grande região",%,2313203,Tamboril (CE),2020,0.02,0.02
5938,6569,"Participação do valor adicionado bruto a preços correntes dos serviços, exclusive administração, defesa, educação e saúde públicas e seguridade social, no valor adicionado bruto a preços correntes dos serviços, exclusive administração, defesa, educação e saúde públicas e seguridade social, da grande região",%,2313203,Tamboril (CE),2021,0.02,0.02
5938,6569,"Participação do valor adicionado bruto a preços correntes dos serviços, exclusive administração, defesa, educação e saúde públicas e seguridade social, no valor adicionado bruto a preços correntes dos serviços, exclusive administração, defesa, educação e saúde públicas e seguridade social, da grande região",%,2313203,Tamboril (CE),2022,...,
5938,6569,"Participação do valor adicionado bruto a preços correntes dos serviços, exclusive administração, defesa, educação e saúde públicas e seguridade social, no valor adicionado bruto a preços correntes dos serviços, exclusive administração, defesa, educação e saúde públicas e seguridade social, da grande região",%,2313203,Tamboril (CE),2023,...,
5938,6569,"Participação do valor adicionado bruto a preços correntes dos serviços, exclusive administração, defesa, educação e saúde públicas e seguridade social, no valor adicionado bruto a preços correntes dos serviços, exclusive administração, defesa, educação e saúde públicas e seguridade social, da grande região",%,2310506,Pedra Branca (CE),2018,0.02,0.02
5938,6569,"Participação do valor adicionado bruto a preços correntes dos serviços, exclusive administração, defesa, educação e saúde públicas e seguridade social, no valor adicionado bruto a preços correntes dos serviços, exclusive administração, defesa, educação e saúde públicas e seguridade social, da grande região",%,2310506,Pedra Branca (CE),2019,0.02,0.02
5938,6569,"Participação do valor adicionado bruto a preços correntes dos serviços, exclusive administração, defesa, educação e saúde públicas e seguridade social, no valor adicionado bruto a preços correntes dos serviços, exclusive administração, defesa, educação e saúde públicas e seguridade social, da grande região",%,2310506,Pedra Branca (CE),2020,0.03,0.03
5938,6569,"Participação do valor adicionado bruto a preços correntes dos serviços, exclusive administração, defesa, educação e saúde públicas e seguridade social, no valor adicionado bruto a preços correntes dos serviços, exclusive administração, defesa, educação e saúde públicas e seguridade social, da grande região",%,2310506,Pedra Branca (CE),2021,0.03,0.03
5938,6569,"Participação do valor adicionado bruto a preços correntes dos serviços, exclusive administração, defesa, educação e saúde públicas e seguridade social, no valor adicionado bruto a preços correntes dos serviços, exclusive administração, defesa, educação e saúde públicas e seguridade social, da grande região",%,2310506,Pedra Branca (CE),2022,...,
5938,6569,"Participação do valor adicionado bruto a preços correntes dos serviços, exclusive administração, defesa, educação e saúde públicas e seguridade social, no valor adicionado bruto a preços correntes dos serviços, exclusive administração, defesa, educação e saúde públicas e seguridade social, da grande região",%,2310506,Pedra Branca (CE),2023,...,
5938,6573,"Participação do valor adicionado bruto a preços correntes dos serviços, exclusive administração, defesa, educação e saúde públicas e seguridade social, no valor adicionado bruto a preços correntes dos serviços, exclusive administração, defesa, educação e saúde públicas e seguridade social, do Brasil",%,2302404,Boa Viagem (CE),2018,0.00,0.0
5938,6573,"Participação do valor adicionado bruto a preços correntes dos serviços, exclusive administração, defesa, educação e saúde públicas e seguridade social, no valor adicionado bruto a preços correntes dos serviços, exclusive administração, defesa, educação e saúde públicas e seguridade social, do Brasil",%,2302404,Boa Viagem (CE),2019,0.01,0.01
5938,6573,"Participação do valor adicionado bruto a preços correntes dos serviços, exclusive administração, defesa, educação e saúde públicas e seguridade social, no valor adicionado bruto a preços correntes dos serviços, exclusive administração, defesa, educação e saúde públicas e seguridade social, do Brasil",%,2302404,Boa Viagem (CE),2020,0.01,0.01
5938,6573,"Participação do valor adicionado bruto a preços correntes dos serviços, exclusive administração, defesa, educação e saúde públicas e seguridade social, no valor adicionado bruto a preços correntes dos serviços, exclusive administração, defesa, educação e saúde públicas e seguridade social, do Brasil",%,2302404,Boa Viagem (CE),2021,0.00,0.0
5938,6573,"Participação do valor adicionado bruto a preços correntes dos serviços, exclusive administração, defesa, educação e saúde públicas e seguridade social, no valor adicionado bruto a preços correntes dos serviços, exclusive administração, defesa, educação e saúde públicas e seguridade social, do Brasil",%,2302404,Boa Viagem (CE),2022,...,
5938,6573,"Participação do valor adicionado bruto a preços correntes dos serviços, exclusive administração, defesa, educação e saúde públicas e seguridade social, no valor adicionado bruto a preços correntes dos serviços, exclusive administração, defesa, educação e saúde públicas e seguridade social, do Brasil",%,2302404,Boa Viagem (CE),2023,...,
5938,6573,"Participação do valor adicionado bruto a preços correntes dos serviços, exclusive administração, defesa, educação e saúde públicas e seguridade social, no valor adicionado bruto a preços correntes dos serviços, exclusive administração, defesa, educação e saúde públicas e seguridade social, do Brasil",%,2307635,Madalena (CE),2018,0.00,0.0
5938,6573,"Participação do valor adicionado bruto a preços correntes dos serviços, exclusive administração, defesa, educação e saúde públicas e seguridade social, no valor adicionado bruto a preços correntes dos serviços, exclusive administração, defesa, educação e saúde públicas e seguridade social, do Brasil",%,2307635,Madalena (CE),2019,0.00,0.0
5938,6573,"Participação do valor adicionado bruto a preços correntes dos serviços, exclusive administração, defesa, educação e saúde públicas e seguridade social, no valor adicionado bruto a preços correntes dos serviços, exclusive administração, defesa, educação e saúde públicas e seguridade social, do Brasil",%,2307635,Madalena (CE),2020,0.00,0.0
5938,6573,"Participação do valor adicionado bruto a preços correntes dos serviços, exclusive administração, defesa, educação e saúde públicas e seguridade social, no valor adicionado bruto a preços correntes dos serviços, exclusive administração, defesa, educação e saúde públicas e seguridade social, do Brasil",%,2307635,Madalena (CE),2021,0.00,0.0
5938,6573,"Participação do valor adicionado bruto a preços correntes dos serviços, exclusive administração, defesa, educação e saúde públicas e seguridade social, no valor adicionado bruto a preços correntes dos serviços, exclusive administração, defesa, educação e saúde públicas e seguridade social, do Brasil",%,2307635,Madalena (CE),2022,...,
5938,6573,"Participação do valor adicionado bruto a preços correntes dos serviços, exclusive administração, defesa, educação e saúde públicas e seguridade social, no valor adicionado bruto a preços correntes dos serviços, exclusive administração, defesa, educação e saúde públicas e seguridade social, do Brasil",%,2307635,Madalena (CE),2023,...,
5938,6573,"Participação do valor adicionado bruto a preços correntes dos serviços, exclusive administração, defesa, educação e saúde públicas e seguridade social, no valor adicionado bruto a preços correntes dos serviços, exclusive administração, defesa, educação e saúde públicas e seguridade social, do Brasil",%,2311405,Quixeramobim (CE),2018,0.01,0.01
5938,6573,"Participação do valor adicionado bruto a preços correntes dos serviços, exclusive administração, defesa, educação e saúde públicas e seguridade social, no valor adicionado bruto a preços correntes dos serviços, exclusive administração, defesa, educação e saúde públicas e seguridade social, do Brasil",%,2311405,Quixeramobim (CE),2019,0.01,0.01
5938,6573,"Participação do valor adicionado bruto a preços correntes dos serviços, exclusive administração, defesa, educação e saúde públicas e seguridade social, no valor adicionado bruto a preços correntes dos serviços, exclusive administração, defesa, educação e saúde públicas e seguridade social, do Brasil",%,2311405,Quixeramobim (CE),2020,0.01,0.01
5938,6573,"Participação do valor adicionado bruto a preços correntes dos serviços, exclusive administração, defesa, educação e saúde públicas e seguridade social, no valor adicionado bruto a preços correntes dos serviços, exclusive administração, defesa, educação e saúde públicas e seguridade social, do Brasil",%,2311405,Quixeramobim (CE),2021,0.01,0.01
5938,6573,"Participação do valor adicionado bruto a preços correntes dos serviços, exclusive administração, defesa, educação e saúde públicas e seguridade social, no valor adicionado bruto a preços correntes dos serviços, exclusive administração, defesa, educação e saúde públicas e seguridade social, do Brasil",%,2311405,Quixeramobim (CE),2022,...,
5938,6573,"Participação do valor adicionado bruto a preços correntes dos serviços, exclusive administração, defesa, educação e saúde públicas e seguridade social, no valor adicionado bruto a preços correntes dos serviços, exclusive administração, defesa, educação e saúde públicas e seguridade social, do Brasil",%,2311405,Quixeramobim (CE),2023,...,
5938,6573,"Participação do valor adicionado bruto a preços correntes dos serviços, exclusive administração, defesa, educação e saúde públicas e seguridade social, no valor adicionado bruto a preços correntes dos serviços, exclusive administração, defesa, educação e saúde públicas e seguridade social, do Brasil",%,2302800,Canindé (CE),2018,0.01,0.01
5938,6573,"Participação do valor adicionado bruto a preços correntes dos serviços, exclusive administração, defesa, educação e saúde públicas e seguridade social, no valor adicionado bruto a preços correntes dos serviços, exclusive administração, defesa, educação e saúde públicas e seguridade social, do Brasil",%,2302800,Canindé (CE),2019,0.01,0.01
5938,6573,"Participação do valor adicionado bruto a preços correntes dos serviços, exclusive administração, defesa, educação e saúde públicas e seguridade social, no valor adicionado bruto a preços correntes dos serviços, exclusive administração, defesa, educação e saúde públicas e seguridade social, do Brasil",%,2302800,Canindé (CE),2020,0.01,0.01
5938,6573,"Participação do valor adicionado bruto a preços correntes dos serviços, exclusive administração, defesa, educação e saúde públicas e seguridade social, no valor adicionado bruto a preços correntes dos serviços, exclusive administração, defesa, educação e saúde públicas e seguridade social, do Brasil",%,2302800,Canindé (CE),2021,0.01,0.01
5938,6573,"Participação do valor adicionado bruto a preços correntes dos serviços, exclusive administração, defesa, educação e saúde públicas e seguridade social, no valor adicionado bruto a preços correntes dos serviços, exclusive administração, defesa, educação e saúde públicas e seguridade social, do Brasil",%,2302800,Canindé (CE),2022,...,
5938,6573,"Participação do valor adicionado bruto a preços correntes dos serviços, exclusive administração, defesa, educação e saúde públicas e seguridade social, no valor adicionado bruto a preços correntes dos serviços, exclusive administração, defesa, educação e saúde públicas e seguridade social, do Brasil",%,2302800,Canindé (CE),2023,...,
5938,6573,"Participação do valor adicionado bruto a preços correntes dos serviços, exclusive administração, defesa, educação e saúde públicas e seguridade social, no valor adicionado bruto a preços correntes dos serviços, exclusive administração, defesa, educação e saúde públicas e seguridade social, do Brasil",%,2308609,Monsenhor Tabosa (CE),2018,0.00,0.0
5938,6573,"Participação do valor adicionado bruto a preços correntes dos serviços, exclusive administração, defesa, educação e saúde públicas e seguridade social, no valor adicionado bruto a preços correntes dos serviços, exclusive administração, defesa, educação e saúde públicas e seguridade social, do Brasil",%,2308609,Monsenhor Tabosa (CE),2019,0.00,0.0
5938,6573,"Participação do valor adicionado bruto a preços correntes dos serviços, exclusive administração, defesa, educação e saúde públicas e seguridade social, no valor adicionado bruto a preços correntes dos serviços, exclusive administração, defesa, educação e saúde públicas e seguridade social, do Brasil",%,2308609,Monsenhor Tabosa (CE),2020,0.00,0.0
5938,6573,"Participação do valor adicionado bruto a preços correntes dos serviços, exclusive administração, defesa, educação e saúde públicas e seguridade social, no valor adicionado bruto a preços correntes dos serviços, exclusive administração, defesa, educação e saúde públicas e seguridade social, do Brasil",%,2308609,Monsenhor Tabosa (CE),2021,0.00,0.0
5938,6573,"Participação do valor adicionado bruto a preços correntes dos serviços, exclusive administração, defesa, educação e saúde públicas e seguridade social, no valor adicionado bruto a preços correntes dos serviços, exclusive administração, defesa, educação e saúde públicas e seguridade social, do Brasil",%,2308609,Monsenhor Tabosa (CE),2022,...,
5938,6573,"Participação do valor adicionado bruto a preços correntes dos serviços, exclusive administração, defesa, educação e saúde públicas e seguridade social, no valor adicionado bruto a preços correntes dos serviços, exclusive administração, defesa, educação e saúde públicas e seguridade social, do Brasil",%,2308609,Monsenhor Tabosa (CE),2023,...,
5938,6573,"Participação do valor adicionado bruto a preços correntes dos serviços, exclusive administração, defesa, educação e saúde públicas e seguridade social, no valor adicionado bruto a preços correntes dos serviços, exclusive administração, defesa, educação e saúde públicas e seguridade social, do Brasil",%,2313203,Tamboril (CE),2018,0.00,0.0
5938,6573,"Participação do valor adicionado bruto a preços correntes dos serviços, exclusive administração, defesa, educação e saúde públicas e seguridade social, no valor adicionado bruto a preços correntes dos serviços, exclusive administração, defesa, educação e saúde públicas e seguridade social, do Brasil",%,2313203,Tamboril (CE),2019,0.00,0.0
5938,6573,"Participação do valor adicionado bruto a preços correntes dos serviços, exclusive administração, defesa, educação e saúde públicas e seguridade social, no valor adicionado bruto a preços correntes dos serviços, exclusive administração, defesa, educação e saúde públicas e seguridade social, do Brasil",%,2313203,Tamboril (CE),2020,0.00,0.0
5938,6573,"Participação do valor adicionado bruto a preços correntes dos serviços, exclusive administração, defesa, educação e saúde públicas e seguridade social, no valor adicionado bruto a preços correntes dos serviços, exclusive administração, defesa, educação e saúde públicas e seguridade social, do Brasil",%,2313203,Tamboril (CE),2021,0.00,0.0
5938,6573,"Participação do valor adicionado bruto a preços correntes dos serviços, exclusive administração, defesa, educação e saúde públicas e seguridade social, no valor adicionado bruto a preços correntes dos serviços, exclusive administração, defesa, educação e saúde públicas e seguridade social, do Brasil",%,2313203,Tamboril (CE),2022,...,
5938,6573,"Participação do valor adicionado bruto a preços correntes dos serviços, exclusive administração, defesa, educação e saúde públicas e seguridade social, no valor adicionado bruto a preços correntes dos serviços, exclusive administração, defesa, educação e saúde públicas e seguridade social, do Brasil",%,2313203,Tamboril (CE),2023,...,
5938,6573,"Participação do valor adicionado bruto a preços correntes dos serviços, exclusive administração, defesa, educação e saúde públicas e seguridade social, no valor adicionado bruto a preços correntes dos serviços, exclusive administração, defesa, educação e saúde públicas e seguridade social, do Brasil",%,2310506,Pedra Branca (CE),2018,0.00,0.0
5938,6573,"Participação do valor adicionado bruto a preços correntes dos serviços, exclusive administração, defesa, educação e saúde públicas e seguridade social, no valor adicionado bruto a preços correntes dos serviços, exclusive administração, defesa, educação e saúde públicas e seguridade social, do Brasil",%,2310506,Pedra Branca (CE),2019,0.00,0.0
5938,6573,"Participação do valor adicionado bruto a preços correntes dos serviços, exclusive administração, defesa, educação e saúde públicas e seguridade social, no valor adicionado bruto a preços correntes dos serviços, exclusive administração, defesa, educação e saúde públicas e seguridade social, do Brasil",%,2310506,Pedra Branca (CE),2020,0.00,0.0
5938,6573,"Participação do valor adicionado bruto a preços correntes dos serviços, exclusive administração, defesa, educação e saúde públicas e seguridade social, no valor adicionado bruto a preços correntes dos serviços, exclusive administração, defesa, educação e saúde públicas e seguridade social, do Brasil",%,2310506,Pedra Branca (CE),2021,0.00,0.0
5938,6573,"Participação do valor adicionado bruto a preços correntes dos serviços, exclusive administração, defesa, educação e saúde públicas e seguridade social, no valor adicionado bruto a preços correntes dos serviços, exclusive administração, defesa, educação e saúde públicas e seguridade social, do Brasil",%,2310506,Pedra Branca (CE),2022,...,
5938,6573,"Participação do valor adicionado bruto a preços correntes dos serviços, exclusive administração, defesa, educação e saúde públicas e seguridade social, no valor adicionado bruto a preços correntes dos serviços, exclusive administração, defesa, educação e saúde públicas e seguridade social, do Brasil",%,2310506,Pedra Branca (CE),2023,...,
5938,525,"Valor adicionado bruto a preços correntes da administração, defesa, educação e saúde públicas e seguridade social",Mil Reais,2302404,Boa Viagem (CE),2018,188982,188982.0
5938,525,"Valor adicionado bruto a preços correntes da administração, defesa, educação e saúde públicas e seguridade social",Mil Reais,2302404,Boa Viagem (CE),2019,195720,195720.0
5938,525,"Valor adicionado bruto a preços correntes da administração, defesa, educação e saúde públicas e seguridade social",Mil Reais,2302404,Boa Viagem (CE),2020,197844,197844.0
5938,525,"Valor adicionado bruto a preços correntes da administração, defesa, educação e saúde públicas e seguridade social",Mil Reais,2302404,Boa Viagem (CE),2021,214382,214382.0
5938,525,"Valor adicionado bruto a preços correntes da administração, defesa, educação e saúde públicas e seguridade social",Mil Reais,2302404,Boa Viagem (CE),2022,...,
5938,525,"Valor adicionado bruto a preços correntes da administração, defesa, educação e saúde públicas e seguridade social",Mil Reais,2302404,Boa Viagem (CE),2023,...,
5938,525,"Valor adicionado bruto a preços correntes da administração, defesa, educação e saúde públicas e seguridade social",Mil Reais,2307635,Madalena (CE),2018,73039,73039.0
5938,525,"Valor adicionado bruto a preços correntes da administração, defesa, educação e saúde públicas e seguridade social",Mil Reais,2307635,Madalena (CE),2019,75532,75532.0
5938,525,"Valor adicionado bruto a preços correntes da administração, defesa, educação e saúde públicas e seguridade social",Mil Reais,2307635,Madalena (CE),2020,81272,81272.0
5938,525,"Valor adicionado bruto a preços correntes da administração, defesa, educação e saúde públicas e seguridade social",Mil Reais,2307635,Madalena (CE),2021,88358,88358.0
5938,525,"Valor adicionado bruto a preços correntes da administração, defesa, educação e saúde públicas e seguridade social",Mil Reais,2307635,Madalena (CE),2022,...,
5938,525,"Valor adicionado bruto a preços correntes da administração, defesa, educação e saúde públicas e seguridade social",Mil Reais,2307635,Madalena (CE),2023,...,
5938,525,"Valor adicionado bruto a preços correntes da administração, defesa, educação e saúde públicas e seguridade social",Mil Reais,2311405,Quixeramobim (CE),2018,275703,275703.0
5938,525,"Valor adicionado bruto a preços correntes da administração, defesa, educação e saúde públicas e seguridade social",Mil Reais,2311405,Quixeramobim (CE),2019,295865,295865.0
5938,525,"Valor adicionado bruto a preços correntes da administração, defesa, educação e saúde públicas e seguridade social",Mil Reais,2311405,Quixeramobim (CE),2020,303551,303551.0
5938,525,"Valor adicionado bruto a preços correntes da administração, defesa, educação e saúde públicas e seguridade social",Mil Reais,2311405,Quixeramobim (CE),2021,320101,320101.0
5938,525,"Valor adicionado bruto a preços correntes da administração, defesa, educação e saúde públicas e seguridade social",Mil Reais,2311405,Quixeramobim (CE),2022,...,
5938,525,"Valor adicionado bruto a preços correntes da administração, defesa, educação e saúde públicas e seguridade social",Mil Reais,2311405,Quixeramobim (CE),2023,...,
5938,525,"Valor adicionado bruto a preços correntes da administração, defesa, educação e saúde públicas e seguridade social",Mil Reais,2302800,Canindé (CE),2018,284956,284956.0
5938,525,"Valor adicionado bruto a preços correntes da administração, defesa, educação e saúde públicas e seguridade social",Mil Reais,2302800,Canindé (CE),2019,304601,304601.0
5938,525,"Valor adicionado bruto a preços correntes da administração, defesa, educação e saúde públicas e seguridade social",Mil Reais,2302800,Canindé (CE),2020,318849,318849.0
5938,525,"Valor adicionado bruto a preços correntes da administração, defesa, educação e saúde públicas e seguridade social",Mil Reais,2302800,Canindé (CE),2021,342393,342393.0
5938,525,"Valor adicionado bruto a preços correntes da administração, defesa, educação e saúde públicas e seguridade social",Mil Reais,2302800,Canindé (CE),2022,...,
5938,525,"Valor adicionado bruto a preços correntes da administração, defesa, educação e saúde públicas e seguridade social",Mil Reais,2302800,Canindé (CE),2023,...,
5938,525,"Valor adicionado bruto a preços correntes da administração, defesa, educação e saúde públicas e seguridade social",Mil Reais,2308609,Monsenhor Tabosa (CE),2018,67864,67864.0
5938,525,"Valor adicionado bruto a preços correntes da administração, defesa, educação e saúde públicas e seguridade social",Mil Reais,2308609,Monsenhor Tabosa (CE),2019,69686,69686.0
5938,525,"Valor adicionado bruto a preços correntes da administração, defesa, educação e saúde públicas e seguridade social",Mil Reais,2308609,Monsenhor Tabosa (CE),2020,72490,72490.0
5938,525,"Valor adicionado bruto a preços correntes da administração, defesa, educação e saúde públicas e seguridade social",Mil Reais,2308609,Monsenhor Tabosa (CE),2021,80573,80573.0
5938,525,"Valor adicionado bruto a preços correntes da administração, defesa, educação e saúde públicas e seguridade social",Mil Reais,2308609,Monsenhor Tabosa (CE),2022,...,
5938,525,"Valor adicionado bruto a preços correntes da administração, defesa, educação e saúde públicas e seguridade social",Mil Reais,2308609,Monsenhor Tabosa (CE),2023,...,
5938,525,"Valor adicionado bruto a preços correntes da administração, defesa, educação e saúde públicas e seguridade social",Mil Reais,2313203,Tamboril (CE),2018,97818,97818.0
5938,525,"Valor adicionado bruto a preços correntes da administração, defesa, educação e saúde públicas e seguridade social",Mil Reais,2313203,Tamboril (CE),2019,104710,104710.0
5938,525,"Valor adicionado bruto a preços correntes da administração, defesa, educação e saúde públicas e seguridade social",Mil Reais,2313203,Tamboril (CE),2020,108813,108813.0
5938,525,"Valor adicionado bruto a preços correntes da administração, defesa, educação e saúde públicas e seguridade social",Mil Reais,2313203,Tamboril (CE),2021,117292,117292.0
5938,525,"Valor adicionado bruto a preços correntes da administração, defesa, educação e saúde públicas e seguridade social",Mil Reais,2313203,Tamboril (CE),2022,...,
5938,525,"Valor adicionado bruto a preços correntes da administração, defesa, educação e saúde públicas e seguridade social",Mil Reais,2313203,Tamboril (CE),2023,...,
5938,525,"Valor adicionado bruto a preços correntes da administração, defesa, educação e saúde públicas e seguridade social",Mil Reais,2310506,Pedra Branca (CE),2018,154504,154504.0
5938,525,"Valor adicionado bruto a preços correntes da administração, defesa, educação e saúde públicas e seguridade social",Mil Reais,2310506,Pedra Branca (CE),2019,174404,174404.0
5938,525,"Valor adicionado bruto a preços correntes da administração, defesa, educação e saúde públicas e seguridade social",Mil Reais,2310506,Pedra Branca (CE),2020,190021,190021.0
5938,525,"Valor adicionado bruto a preços correntes da administração, defesa, educação e saúde públicas e seguridade social",Mil Reais,2310506,Pedra Branca (CE),2021,195399,195399.0
5938,525,"Valor adicionado bruto a preços correntes da administração, defesa, educação e saúde públicas e seguridade social",Mil Reais,2310506,Pedra Branca (CE),2022,...,
5938,525,"Valor adicionado bruto a preços correntes da administração, defesa, educação e saúde públicas e seguridade social",Mil Reais,2310506,Pedra Branca (CE),2023,...,
5938,528,"Participação do valor adicionado bruto a preços correntes da administração, defesa, educação e saúde públicas e seguridade social no valor adicionado bruto a preços correntes total",%,2302404,Boa Viagem (CE),2018,50.03,50.03
5938,528,"Participação do valor adicionado bruto a preços correntes da administração, defesa, educação e saúde públicas e seguridade social no valor adicionado bruto a preços correntes total",%,2302404,Boa Viagem (CE),2019,44.46,44.46
5938,528,"Participação do valor adicionado bruto a preços correntes da administração, defesa, educação e saúde públicas e seguridade social no valor adicionado bruto a preços correntes total",%,2302404,Boa Viagem (CE),2020,41.37,41.37
5938,528,"Participação do valor adicionado bruto a preços correntes da administração, defesa, educação e saúde públicas e seguridade social no valor adicionado bruto a preços correntes total",%,2302404,Boa Viagem (CE),2021,42.67,42.67
5938,528,"Participação do valor adicionado bruto a preços correntes da administração, defesa, educação e saúde públicas e seguridade social no valor adicionado bruto a preços correntes total",%,2302404,Boa Viagem (CE),2022,...,
5938,528,"Participação do valor adicionado bruto a preços correntes da administração, defesa, educação e saúde públicas e seguridade social no valor adicionado bruto a preços correntes total",%,2302404,Boa Viagem (CE),2023,...,
5938,528,"Participação do valor adicionado bruto a preços correntes da administração, defesa, educação e saúde públicas e seguridade social no valor adicionado bruto a preços correntes total",%,2307635,Madalena (CE),2018,57.70,57.7
5938,528,"Participação do valor adicionado bruto a preços correntes da administração, defesa, educação e saúde públicas e seguridade social no valor adicionado bruto a preços correntes total",%,2307635,Madalena (CE),2019,55.78,55.78
5938,528,"Participação do valor adicionado bruto a preços correntes da administração, defesa, educação e saúde públicas e seguridade social no valor adicionado bruto a preços correntes total",%,2307635,Madalena (CE),2020,52.74,52.74
5938,528,"Participação do valor adicionado bruto a preços correntes da administração, defesa, educação e saúde públicas e seguridade social no valor adicionado bruto a preços correntes total",%,2307635,Madalena (CE),2021,53.33,53.33
5938,528,"Participação do valor adicionado bruto a preços correntes da administração, defesa, educação e saúde públicas e seguridade social no valor adicionado bruto a preços correntes total",%,2307635,Madalena (CE),2022,...,
5938,528,"Participação do valor adicionado bruto a preços correntes da administração, defesa, educação e saúde públicas e seguridade social no valor adicionado bruto a preços correntes total",%,2307635,Madalena (CE),2023,...,
5938,528,"Participação do valor adicionado bruto a preços correntes da administração, defesa, educação e saúde públicas e seguridade social no valor adicionado bruto a preços correntes total",%,2311405,Quixeramobim (CE),2018,28.29,28.29
5938,528,"Participação do valor adicionado bruto a preços correntes da administração, defesa, educação e saúde públicas e seguridade social no valor adicionado bruto a preços correntes total",%,2311405,Quixeramobim (CE),2019,26.28,26.28
5938,528,"Participação do valor adicionado bruto a preços correntes da administração, defesa, educação e saúde públicas e seguridade social no valor adicionado bruto a preços correntes total",%,2311405,Quixeramobim (CE),2020,27.83,27.83
5938,528,"Participação do valor adicionado bruto a preços correntes da administração, defesa, educação e saúde públicas e seguridade social no valor adicionado bruto a preços correntes total",%,2311405,Quixeramobim (CE),2021,25.00,25.0
5938,528,"Participação do valor adicionado bruto a preços correntes da administração, defesa, educação e saúde públicas e seguridade social no valor adicionado bruto a preços correntes total",%,2311405,Quixeramobim (CE),2022,...,
5938,528,"Participação do valor adicionado bruto a preços correntes da administração, defesa, educação e saúde públicas e seguridade social no valor adicionado bruto a preços correntes total",%,2311405,Quixeramobim (CE),2023,...,
5938,528,"Participação do valor adicionado bruto a preços correntes da administração, defesa, educação e saúde públicas e seguridade social no valor adicionado bruto a preços correntes total",%,2302800,Canindé (CE),2018,45.96,45.96
5938,528,"Participação do valor adicionado bruto a preços correntes da administração, defesa, educação e saúde públicas e seguridade social no valor adicionado bruto a preços correntes total",%,2302800,Canindé (CE),2019,36.70,36.7
5938,528,"Participação do valor adicionado bruto a preços correntes da administração, defesa, educação e saúde públicas e seguridade social no valor adicionado bruto a preços correntes total",%,2302800,Canindé (CE),2020,38.64,38.64
5938,528,"Participação do valor adicionado bruto a preços correntes da administração, defesa, educação e saúde públicas e seguridade social no valor adicionado bruto a preços correntes total",%,2302800,Canindé (CE),2021,40.45,40.45
5938,528,"Participação do valor adicionado bruto a preços correntes da administração, defesa, educação e saúde públicas e seguridade social no valor adicionado bruto a preços correntes total",%,2302800,Canindé (CE),2022,...,
5938,528,"Participação do valor adicionado bruto a preços correntes da administração, defesa, educação e saúde públicas e seguridade social no valor adicionado bruto a preços correntes total",%,2302800,Canindé (CE),2023,...,
5938,528,"Participação do valor adicionado bruto a preços correntes da administração, defesa, educação e saúde públicas e seguridade social no valor adicionado bruto a preços correntes total",%,2308609,Monsenhor Tabosa (CE),2018,54.28,54.28
5938,528,"Participação do valor adicionado bruto a preços correntes da administração, defesa, educação e saúde públicas e seguridade social no valor adicionado bruto a preços correntes total",%,2308609,Monsenhor Tabosa (CE),2019,51.88,51.88
5938,528,"Participação do valor adicionado bruto a preços correntes da administração, defesa, educação e saúde públicas e seguridade social no valor adicionado bruto a preços correntes total",%,2308609,Monsenhor Tabosa (CE),2020,50.98,50.98
5938,528,"Participação do valor adicionado bruto a preços correntes da administração, defesa, educação e saúde públicas e seguridade social no valor adicionado bruto a preços correntes total",%,2308609,Monsenhor Tabosa (CE),2021,53.06,53.06
5938,528,"Participação do valor adicionado bruto a preços correntes da administração, defesa, educação e saúde públicas e seguridade social no valor adicionado bruto a preços correntes total",%,2308609,Monsenhor Tabosa (CE),2022,...,
5938,528,"Participação do valor adicionado bruto a preços correntes da administração, defesa, educação e saúde públicas e seguridade social no valor adicionado bruto a preços correntes total",%,2308609,Monsenhor Tabosa (CE),2023,...,
5938,528,"Participação do valor adicionado bruto a preços correntes da administração, defesa, educação e saúde públicas e seguridade social no valor adicionado bruto a preços correntes total",%,2313203,Tamboril (CE),2018,47.80,47.8
5938,528,"Participação do valor adicionado bruto a preços correntes da administração, defesa, educação e saúde públicas e seguridade social no valor adicionado bruto a preços correntes total",%,2313203,Tamboril (CE),2019,45.33,45.33
5938,528,"Participação do valor adicionado bruto a preços correntes da administração, defesa, educação e saúde públicas e seguridade social no valor adicionado bruto a preços correntes total",%,2313203,Tamboril (CE),2020,43.06,43.06
5938,528,"Participação do valor adicionado bruto a preços correntes da administração, defesa, educação e saúde públicas e seguridade social no valor adicionado bruto a preços correntes total",%,2313203,Tamboril (CE),2021,43.20,43.2
5938,528,"Participação do valor adicionado bruto a preços correntes da administração, defesa, educação e saúde públicas e seguridade social no valor adicionado bruto a preços correntes total",%,2313203,Tamboril (CE),2022,...,
5938,528,"Participação do valor adicionado bruto a preços correntes da administração, defesa, educação e saúde públicas e seguridade social no valor adicionado bruto a preços correntes total",%,2313203,Tamboril (CE),2023,...,
5938,528,"Participação do valor adicionado bruto a preços correntes da administração, defesa, educação e saúde públicas e seguridade social no valor adicionado bruto a preços correntes total",%,2310506,Pedra Branca (CE),2018,53.97,53.97
5938,528,"Participação do valor adicionado bruto a preços correntes da administração, defesa, educação e saúde públicas e seguridade social no valor adicionado bruto a preços correntes total",%,2310506,Pedra Branca (CE),2019,54.85,54.85
5938,528,"Participação do valor adicionado bruto a preços correntes da administração, defesa, educação e saúde públicas e seguridade social no valor adicionado bruto a preços correntes total",%,2310506,Pedra Branca (CE),2020,52.46,52.46
5938,528,"Participação do valor adicionado bruto a preços correntes da administração, defesa, educação e saúde públicas e seguridade social no valor adicionado bruto a preços correntes total",%,2310506,Pedra Branca (CE),2021,52.85,52.85
5938,528,"Participação do valor adicionado bruto a preços correntes da administração, defesa, educação e saúde públicas e seguridade social no valor adicionado bruto a preços correntes total",%,2310506,Pedra Branca (CE),2022,...,
5938,528,"Participação do valor adicionado bruto a preços correntes da administração, defesa, educação e saúde públicas e seguridade social no valor adicionado bruto a preços correntes total",%,2310506,Pedra Branca (CE),2023,...,
5938,563,"Participação do valor adicionado bruto a preços correntes da administração, defesa, educação e saúde públicas e seguridade social no valor adicionado bruto a preços correntes da administração, defesa, educação e saúde públicas e seguridade social da microrregião geográfic",%,2302404,Boa Viagem (CE),2018,18.97,18.97
5938,563,"Participação do valor adicionado bruto a preços correntes da administração, defesa, educação e saúde públicas e seguridade social no valor adicionado bruto a preços correntes da administração, defesa, educação e saúde públicas e seguridade social da microrregião geográfic",%,2302404,Boa Viagem (CE),2019,18.41,18.41
5938,563,"Participação do valor adicionado bruto a preços correntes da administração, defesa, educação e saúde públicas e seguridade social no valor adicionado bruto a preços correntes da administração, defesa, educação e saúde públicas e seguridade social da microrregião geográfic",%,2302404,Boa Viagem (CE),2020,17.63,17.63
5938,563,"Participação do valor adicionado bruto a preços correntes da administração, defesa, educação e saúde públicas e seguridade social no valor adicionado bruto a preços correntes da administração, defesa, educação e saúde públicas e seguridade social da microrregião geográfic",%,2302404,Boa Viagem (CE),2021,17.91,17.91
5938,563,"Participação do valor adicionado bruto a preços correntes da administração, defesa, educação e saúde públicas e seguridade social no valor adicionado bruto a preços correntes da administração, defesa, educação e saúde públicas e seguridade social da microrregião geográfic",%,2302404,Boa Viagem (CE),2022,...,
5938,563,"Participação do valor adicionado bruto a preços correntes da administração, defesa, educação e saúde públicas e seguridade social no valor adicionado bruto a preços correntes da administração, defesa, educação e saúde públicas e seguridade social da microrregião geográfic",%,2302404,Boa Viagem (CE),2023,...,
5938,563,"Participação do valor adicionado bruto a preços correntes da administração, defesa, educação e saúde públicas e seguridade social no valor adicionado bruto a preços correntes da administração, defesa, educação e saúde públicas e seguridade social da microrregião geográfic",%,2307635,Madalena (CE),2018,7.33,7.33
5938,563,"Participação do valor adicionado bruto a preços correntes da administração, defesa, educação e saúde públicas e seguridade social no valor adicionado bruto a preços correntes da administração, defesa, educação e saúde públicas e seguridade social da microrregião geográfic",%,2307635,Madalena (CE),2019,7.10,7.1
5938,563,"Participação do valor adicionado bruto a preços correntes da administração, defesa, educação e saúde públicas e seguridade social no valor adicionado bruto a preços correntes da administração, defesa, educação e saúde públicas e seguridade social da microrregião geográfic",%,2307635,Madalena (CE),2020,7.24,7.24
5938,563,"Participação do valor adicionado bruto a preços correntes da administração, defesa, educação e saúde públicas e seguridade social no valor adicionado bruto a preços correntes da administração, defesa, educação e saúde públicas e seguridade social da microrregião geográfic",%,2307635,Madalena (CE),2021,7.38,7.38
5938,563,"Participação do valor adicionado bruto a preços correntes da administração, defesa, educação e saúde públicas e seguridade social no valor adicionado bruto a preços correntes da administração, defesa, educação e saúde públicas e seguridade social da microrregião geográfic",%,2307635,Madalena (CE),2022,...,
5938,563,"Participação do valor adicionado bruto a preços correntes da administração, defesa, educação e saúde públicas e seguridade social no valor adicionado bruto a preços correntes da administração, defesa, educação e saúde públicas e seguridade social da microrregião geográfic",%,2307635,Madalena (CE),2023,...,
5938,563,"Participação do valor adicionado bruto a preços correntes da administração, defesa, educação e saúde públicas e seguridade social no valor adicionado bruto a preços correntes da administração, defesa, educação e saúde públicas e seguridade social da microrregião geográfic",%,2311405,Quixeramobim (CE),2018,27.67,27.67
5938,563,"Participação do valor adicionado bruto a preços correntes da administração, defesa, educação e saúde públicas e seguridade social no valor adicionado bruto a preços correntes da administração, defesa, educação e saúde públicas e seguridade social da microrregião geográfic",%,2311405,Quixeramobim (CE),2019,27.82,27.82
5938,563,"Participação do valor adicionado bruto a preços correntes da administração, defesa, educação e saúde públicas e seguridade social no valor adicionado bruto a preços correntes da administração, defesa, educação e saúde públicas e seguridade social da microrregião geográfic",%,2311405,Quixeramobim (CE),2020,27.04,27.04
5938,563,"Participação do valor adicionado bruto a preços correntes da administração, defesa, educação e saúde públicas e seguridade social no valor adicionado bruto a preços correntes da administração, defesa, educação e saúde públicas e seguridade social da microrregião geográfic",%,2311405,Quixeramobim (CE),2021,26.74,26.74
5938,563,"Participação do valor adicionado bruto a preços correntes da administração, defesa, educação e saúde públicas e seguridade social no valor adicionado bruto a preços correntes da administração, defesa, educação e saúde públicas e seguridade social da microrregião geográfic",%,2311405,Quixeramobim (CE),2022,...,
5938,563,"Participação do valor adicionado bruto a preços correntes da administração, defesa, educação e saúde públicas e seguridade social no valor adicionado bruto a preços correntes da administração, defesa, educação e saúde públicas e seguridade social da microrregião geográfic",%,2311405,Quixeramobim (CE),2023,...,
5938,563,"Participação do valor adicionado bruto a preços correntes da administração, defesa, educação e saúde públicas e seguridade social no valor adicionado bruto a preços correntes da administração, defesa, educação e saúde públicas e seguridade social da microrregião geográfic",%,2302800,Canindé (CE),2018,59.33,59.33
5938,563,"Participação do valor adicionado bruto a preços correntes da administração, defesa, educação e saúde públicas e seguridade social no valor adicionado bruto a preços correntes da administração, defesa, educação e saúde públicas e seguridade social da microrregião geográfic",%,2302800,Canindé (CE),2019,59.50,59.5
5938,563,"Participação do valor adicionado bruto a preços correntes da administração, defesa, educação e saúde públicas e seguridade social no valor adicionado bruto a preços correntes da administração, defesa, educação e saúde públicas e seguridade social da microrregião geográfic",%,2302800,Canindé (CE),2020,59.40,59.4
5938,563,"Participação do valor adicionado bruto a preços correntes da administração, defesa, educação e saúde públicas e seguridade social no valor adicionado bruto a preços correntes da administração, defesa, educação e saúde públicas e seguridade social da microrregião geográfic",%,2302800,Canindé (CE),2021,58.66,58.66
5938,563,"Participação do valor adicionado bruto a preços correntes da administração, defesa, educação e saúde públicas e seguridade social no valor adicionado bruto a preços correntes da administração, defesa, educação e saúde públicas e seguridade social da microrregião geográfic",%,2302800,Canindé (CE),2022,...,
5938,563,"Participação do valor adicionado bruto a preços correntes da administração, defesa, educação e saúde públicas e seguridade social no valor adicionado bruto a preços correntes da administração, defesa, educação e saúde públicas e seguridade social da microrregião geográfic",%,2302800,Canindé (CE),2023,...,
5938,563,"Participação do valor adicionado bruto a preços correntes da administração, defesa, educação e saúde públicas e seguridade social no valor adicionado bruto a preços correntes da administração, defesa, educação e saúde públicas e seguridade social da microrregião geográfic",%,2308609,Monsenhor Tabosa (CE),2018,7.78,7.78
5938,563,"Participação do valor adicionado bruto a preços correntes da administração, defesa, educação e saúde públicas e seguridade social no valor adicionado bruto a preços correntes da administração, defesa, educação e saúde públicas e seguridade social da microrregião geográfic",%,2308609,Monsenhor Tabosa (CE),2019,7.48,7.48
5938,563,"Participação do valor adicionado bruto a preços correntes da administração, defesa, educação e saúde públicas e seguridade social no valor adicionado bruto a preços correntes da administração, defesa, educação e saúde públicas e seguridade social da microrregião geográfic",%,2308609,Monsenhor Tabosa (CE),2020,7.30,7.3
5938,563,"Participação do valor adicionado bruto a preços correntes da administração, defesa, educação e saúde públicas e seguridade social no valor adicionado bruto a preços correntes da administração, defesa, educação e saúde públicas e seguridade social da microrregião geográfic",%,2308609,Monsenhor Tabosa (CE),2021,7.54,7.54
5938,563,"Participação do valor adicionado bruto a preços correntes da administração, defesa, educação e saúde públicas e seguridade social no valor adicionado bruto a preços correntes da administração, defesa, educação e saúde públicas e seguridade social da microrregião geográfic",%,2308609,Monsenhor Tabosa (CE),2022,...,
5938,563,"Participação do valor adicionado bruto a preços correntes da administração, defesa, educação e saúde públicas e seguridade social no valor adicionado bruto a preços correntes da administração, defesa, educação e saúde públicas e seguridade social da microrregião geográfic",%,2308609,Monsenhor Tabosa (CE),2023,...,
5938,563,"Participação do valor adicionado bruto a preços correntes da administração, defesa, educação e saúde públicas e seguridade social no valor adicionado bruto a preços correntes da administração, defesa, educação e saúde públicas e seguridade social da microrregião geográfic",%,2313203,Tamboril (CE),2018,11.21,11.21
5938,563,"Participação do valor adicionado bruto a preços correntes da administração, defesa, educação e saúde públicas e seguridade social no valor adicionado bruto a preços correntes da administração, defesa, educação e saúde públicas e seguridade social da microrregião geográfic",%,2313203,Tamboril (CE),2019,11.23,11.23
5938,563,"Participação do valor adicionado bruto a preços correntes da administração, defesa, educação e saúde públicas e seguridade social no valor adicionado bruto a preços correntes da administração, defesa, educação e saúde públicas e seguridade social da microrregião geográfic",%,2313203,Tamboril (CE),2020,10.95,10.95
5938,563,"Participação do valor adicionado bruto a preços correntes da administração, defesa, educação e saúde públicas e seguridade social no valor adicionado bruto a preços correntes da administração, defesa, educação e saúde públicas e seguridade social da microrregião geográfic",%,2313203,Tamboril (CE),2021,10.97,10.97
5938,563,"Participação do valor adicionado bruto a preços correntes da administração, defesa, educação e saúde públicas e seguridade social no valor adicionado bruto a preços correntes da administração, defesa, educação e saúde públicas e seguridade social da microrregião geográfic",%,2313203,Tamboril (CE),2022,...,
5938,563,"Participação do valor adicionado bruto a preços correntes da administração, defesa, educação e saúde públicas e seguridade social no valor adicionado bruto a preços correntes da administração, defesa, educação e saúde públicas e seguridade social da microrregião geográfic",%,2313203,Tamboril (CE),2023,...,
5938,563,"Participação do valor adicionado bruto a preços correntes da administração, defesa, educação e saúde públicas e seguridade social no valor adicionado bruto a preços correntes da administração, defesa, educação e saúde públicas e seguridade social da microrregião geográfic",%,2310506,Pedra Branca (CE),2018,19.66,19.66
5938,563,"Participação do valor adicionado bruto a preços correntes da administração, defesa, educação e saúde públicas e seguridade social no valor adicionado bruto a preços correntes da administração, defesa, educação e saúde públicas e seguridade social da microrregião geográfic",%,2310506,Pedra Branca (CE),2019,20.90,20.9
5938,563,"Participação do valor adicionado bruto a preços correntes da administração, defesa, educação e saúde públicas e seguridade social no valor adicionado bruto a preços correntes da administração, defesa, educação e saúde públicas e seguridade social da microrregião geográfic",%,2310506,Pedra Branca (CE),2020,21.33,21.33
5938,563,"Participação do valor adicionado bruto a preços correntes da administração, defesa, educação e saúde públicas e seguridade social no valor adicionado bruto a preços correntes da administração, defesa, educação e saúde públicas e seguridade social da microrregião geográfic",%,2310506,Pedra Branca (CE),2021,20.85,20.85
5938,563,"Participação do valor adicionado bruto a preços correntes da administração, defesa, educação e saúde públicas e seguridade social no valor adicionado bruto a preços correntes da administração, defesa, educação e saúde públicas e seguridade social da microrregião geográfic",%,2310506,Pedra Branca (CE),2022,...,
5938,563,"Participação do valor adicionado bruto a preços correntes da administração, defesa, educação e saúde públicas e seguridade social no valor adicionado bruto a preços correntes da administração, defesa, educação e saúde públicas e seguridade social da microrregião geográfic",%,2310506,Pedra Branca (CE),2023,...,
5938,562,"Participação do valor adicionado bruto a preços correntes da administração, defesa, educação e saúde públicas e seguridade social no valor adicionado bruto a preços correntes da administração, defesa, educação e saúde públicas e seguridade social da mesorregião geográfica",%,2302404,Boa Viagem (CE),2018,5.89,5.89
5938,562,"Participação do valor adicionado bruto a preços correntes da administração, defesa, educação e saúde públicas e seguridade social no valor adicionado bruto a preços correntes da administração, defesa, educação e saúde públicas e seguridade social da mesorregião geográfica",%,2302404,Boa Viagem (CE),2019,5.76,5.76
5938,562,"Participação do valor adicionado bruto a preços correntes da administração, defesa, educação e saúde públicas e seguridade social no valor adicionado bruto a preços correntes da administração, defesa, educação e saúde públicas e seguridade social da mesorregião geográfica",%,2302404,Boa Viagem (CE),2020,5.50,5.5
5938,562,"Participação do valor adicionado bruto a preços correntes da administração, defesa, educação e saúde públicas e seguridade social no valor adicionado bruto a preços correntes da administração, defesa, educação e saúde públicas e seguridade social da mesorregião geográfica",%,2302404,Boa Viagem (CE),2021,5.61,5.61
5938,562,"Participação do valor adicionado bruto a preços correntes da administração, defesa, educação e saúde públicas e seguridade social no valor adicionado bruto a preços correntes da administração, defesa, educação e saúde públicas e seguridade social da mesorregião geográfica",%,2302404,Boa Viagem (CE),2022,...,
5938,562,"Participação do valor adicionado bruto a preços correntes da administração, defesa, educação e saúde públicas e seguridade social no valor adicionado bruto a preços correntes da administração, defesa, educação e saúde públicas e seguridade social da mesorregião geográfica",%,2302404,Boa Viagem (CE),2023,...,
5938,562,"Participação do valor adicionado bruto a preços correntes da administração, defesa, educação e saúde públicas e seguridade social no valor adicionado bruto a preços correntes da administração, defesa, educação e saúde públicas e seguridade social da mesorregião geográfica",%,2307635,Madalena (CE),2018,2.28,2.28
5938,562,"Participação do valor adicionado bruto a preços correntes da administração, defesa, educação e saúde públicas e seguridade social no valor adicionado bruto a preços correntes da administração, defesa, educação e saúde públicas e seguridade social da mesorregião geográfica",%,2307635,Madalena (CE),2019,2.22,2.22
5938,562,"Participação do valor adicionado bruto a preços correntes da administração, defesa, educação e saúde públicas e seguridade social no valor adicionado bruto a preços correntes da administração, defesa, educação e saúde públicas e seguridade social da mesorregião geográfica",%,2307635,Madalena (CE),2020,2.26,2.26
5938,562,"Participação do valor adicionado bruto a preços correntes da administração, defesa, educação e saúde públicas e seguridade social no valor adicionado bruto a preços correntes da administração, defesa, educação e saúde públicas e seguridade social da mesorregião geográfica",%,2307635,Madalena (CE),2021,2.31,2.31
5938,562,"Participação do valor adicionado bruto a preços correntes da administração, defesa, educação e saúde públicas e seguridade social no valor adicionado bruto a preços correntes da administração, defesa, educação e saúde públicas e seguridade social da mesorregião geográfica",%,2307635,Madalena (CE),2022,...,
5938,562,"Participação do valor adicionado bruto a preços correntes da administração, defesa, educação e saúde públicas e seguridade social no valor adicionado bruto a preços correntes da administração, defesa, educação e saúde públicas e seguridade social da mesorregião geográfica",%,2307635,Madalena (CE),2023,...,
5938,562,"Participação do valor adicionado bruto a preços correntes da administração, defesa, educação e saúde públicas e seguridade social no valor adicionado bruto a preços correntes da administração, defesa, educação e saúde públicas e seguridade social da mesorregião geográfica",%,2311405,Quixeramobim (CE),2018,8.59,8.59
5938,562,"Participação do valor adicionado bruto a preços correntes da administração, defesa, educação e saúde públicas e seguridade social no valor adicionado bruto a preços correntes da administração, defesa, educação e saúde públicas e seguridade social da mesorregião geográfica",%,2311405,Quixeramobim (CE),2019,8.71,8.71
5938,562,"Participação do valor adicionado bruto a preços correntes da administração, defesa, educação e saúde públicas e seguridade social no valor adicionado bruto a preços correntes da administração, defesa, educação e saúde públicas e seguridade social da mesorregião geográfica",%,2311405,Quixeramobim (CE),2020,8.45,8.45
5938,562,"Participação do valor adicionado bruto a preços correntes da administração, defesa, educação e saúde públicas e seguridade social no valor adicionado bruto a preços correntes da administração, defesa, educação e saúde públicas e seguridade social da mesorregião geográfica",%,2311405,Quixeramobim (CE),2021,8.38,8.38
5938,562,"Participação do valor adicionado bruto a preços correntes da administração, defesa, educação e saúde públicas e seguridade social no valor adicionado bruto a preços correntes da administração, defesa, educação e saúde públicas e seguridade social da mesorregião geográfica",%,2311405,Quixeramobim (CE),2022,...,
5938,562,"Participação do valor adicionado bruto a preços correntes da administração, defesa, educação e saúde públicas e seguridade social no valor adicionado bruto a preços correntes da administração, defesa, educação e saúde públicas e seguridade social da mesorregião geográfica",%,2311405,Quixeramobim (CE),2023,...,
5938,562,"Participação do valor adicionado bruto a preços correntes da administração, defesa, educação e saúde públicas e seguridade social no valor adicionado bruto a preços correntes da administração, defesa, educação e saúde públicas e seguridade social da mesorregião geográfica",%,2302800,Canindé (CE),2018,6.97,6.97
5938,562,"Participação do valor adicionado bruto a preços correntes da administração, defesa, educação e saúde públicas e seguridade social no valor adicionado bruto a preços correntes da administração, defesa, educação e saúde públicas e seguridade social da mesorregião geográfica",%,2302800,Canindé (CE),2019,7.11,7.11
5938,562,"Participação do valor adicionado bruto a preços correntes da administração, defesa, educação e saúde públicas e seguridade social no valor adicionado bruto a preços correntes da administração, defesa, educação e saúde públicas e seguridade social da mesorregião geográfica",%,2302800,Canindé (CE),2020,6.93,6.93
5938,562,"Participação do valor adicionado bruto a preços correntes da administração, defesa, educação e saúde públicas e seguridade social no valor adicionado bruto a preços correntes da administração, defesa, educação e saúde públicas e seguridade social da mesorregião geográfica",%,2302800,Canindé (CE),2021,6.94,6.94
5938,562,"Participação do valor adicionado bruto a preços correntes da administração, defesa, educação e saúde públicas e seguridade social no valor adicionado bruto a preços correntes da administração, defesa, educação e saúde públicas e seguridade social da mesorregião geográfica",%,2302800,Canindé (CE),2022,...,
5938,562,"Participação do valor adicionado bruto a preços correntes da administração, defesa, educação e saúde públicas e seguridade social no valor adicionado bruto a preços correntes da administração, defesa, educação e saúde públicas e seguridade social da mesorregião geográfica",%,2302800,Canindé (CE),2023,...,
5938,562,"Participação do valor adicionado bruto a preços correntes da administração, defesa, educação e saúde públicas e seguridade social no valor adicionado bruto a preços correntes da administração, defesa, educação e saúde públicas e seguridade social da mesorregião geográfica",%,2308609,Monsenhor Tabosa (CE),2018,2.12,2.12
5938,562,"Participação do valor adicionado bruto a preços correntes da administração, defesa, educação e saúde públicas e seguridade social no valor adicionado bruto a preços correntes da administração, defesa, educação e saúde públicas e seguridade social da mesorregião geográfica",%,2308609,Monsenhor Tabosa (CE),2019,2.05,2.05
5938,562,"Participação do valor adicionado bruto a preços correntes da administração, defesa, educação e saúde públicas e seguridade social no valor adicionado bruto a preços correntes da administração, defesa, educação e saúde públicas e seguridade social da mesorregião geográfica",%,2308609,Monsenhor Tabosa (CE),2020,2.02,2.02
5938,562,"Participação do valor adicionado bruto a preços correntes da administração, defesa, educação e saúde públicas e seguridade social no valor adicionado bruto a preços correntes da administração, defesa, educação e saúde públicas e seguridade social da mesorregião geográfica",%,2308609,Monsenhor Tabosa (CE),2021,2.11,2.11
5938,562,"Participação do valor adicionado bruto a preços correntes da administração, defesa, educação e saúde públicas e seguridade social no valor adicionado bruto a preços correntes da administração, defesa, educação e saúde públicas e seguridade social da mesorregião geográfica",%,2308609,Monsenhor Tabosa (CE),2022,...,
5938,562,"Participação do valor adicionado bruto a preços correntes da administração, defesa, educação e saúde públicas e seguridade social no valor adicionado bruto a preços correntes da administração, defesa, educação e saúde públicas e seguridade social da mesorregião geográfica",%,2308609,Monsenhor Tabosa (CE),2023,...,
5938,562,"Participação do valor adicionado bruto a preços correntes da administração, defesa, educação e saúde públicas e seguridade social no valor adicionado bruto a preços correntes da administração, defesa, educação e saúde públicas e seguridade social da mesorregião geográfica",%,2313203,Tamboril (CE),2018,3.05,3.05
5938,562,"Participação do valor adicionado bruto a preços correntes da administração, defesa, educação e saúde públicas e seguridade social no valor adicionado bruto a preços correntes da administração, defesa, educação e saúde públicas e seguridade social da mesorregião geográfica",%,2313203,Tamboril (CE),2019,3.08,3.08
5938,562,"Participação do valor adicionado bruto a preços correntes da administração, defesa, educação e saúde públicas e seguridade social no valor adicionado bruto a preços correntes da administração, defesa, educação e saúde públicas e seguridade social da mesorregião geográfica",%,2313203,Tamboril (CE),2020,3.03,3.03
5938,562,"Participação do valor adicionado bruto a preços correntes da administração, defesa, educação e saúde públicas e seguridade social no valor adicionado bruto a preços correntes da administração, defesa, educação e saúde públicas e seguridade social da mesorregião geográfica",%,2313203,Tamboril (CE),2021,3.07,3.07
5938,562,"Participação do valor adicionado bruto a preços correntes da administração, defesa, educação e saúde públicas e seguridade social no valor adicionado bruto a preços correntes da administração, defesa, educação e saúde públicas e seguridade social da mesorregião geográfica",%,2313203,Tamboril (CE),2022,...,
5938,562,"Participação do valor adicionado bruto a preços correntes da administração, defesa, educação e saúde públicas e seguridade social no valor adicionado bruto a preços correntes da administração, defesa, educação e saúde públicas e seguridade social da mesorregião geográfica",%,2313203,Tamboril (CE),2023,...,
5938,562,"Participação do valor adicionado bruto a preços correntes da administração, defesa, educação e saúde públicas e seguridade social no valor adicionado bruto a preços correntes da administração, defesa, educação e saúde públicas e seguridade social da mesorregião geográfica",%,2310506,Pedra Branca (CE),2018,4.82,4.82
5938,562,"Participação do valor adicionado bruto a preços correntes da administração, defesa, educação e saúde públicas e seguridade social no valor adicionado bruto a preços correntes da administração, defesa, educação e saúde públicas e seguridade social da mesorregião geográfica",%,2310506,Pedra Branca (CE),2019,5.14,5.14
5938,562,"Participação do valor adicionado bruto a preços correntes da administração, defesa, educação e saúde públicas e seguridade social no valor adicionado bruto a preços correntes da administração, defesa, educação e saúde públicas e seguridade social da mesorregião geográfica",%,2310506,Pedra Branca (CE),2020,5.29,5.29
5938,562,"Participação do valor adicionado bruto a preços correntes da administração, defesa, educação e saúde públicas e seguridade social no valor adicionado bruto a preços correntes da administração, defesa, educação e saúde públicas e seguridade social da mesorregião geográfica",%,2310506,Pedra Branca (CE),2021,5.11,5.11
5938,562,"Participação do valor adicionado bruto a preços correntes da administração, defesa, educação e saúde públicas e seguridade social no valor adicionado bruto a preços correntes da administração, defesa, educação e saúde públicas e seguridade social da mesorregião geográfica",%,2310506,Pedra Branca (CE),2022,...,
5938,562,"Participação do valor adicionado bruto a preços correntes da administração, defesa, educação e saúde públicas e seguridade social no valor adicionado bruto a preços correntes da administração, defesa, educação e saúde públicas e seguridade social da mesorregião geográfica",%,2310506,Pedra Branca (CE),2023,...,
5938,527,"Participação do valor adicionado bruto a preços correntes da administração, defesa, educação e saúde públicas e seguridade social no valor adicionado bruto a preços correntes da administração, defesa, educação e saúde públicas e seguridade social da unidade da federação",%,2302404,Boa Viagem (CE),2018,0.58,0.58
5938,527,"Participação do valor adicionado bruto a preços correntes da administração, defesa, educação e saúde públicas e seguridade social no valor adicionado bruto a preços correntes da administração, defesa, educação e saúde públicas e seguridade social da unidade da federação",%,2302404,Boa Viagem (CE),2019,0.57,0.57
5938,527,"Participação do valor adicionado bruto a preços correntes da administração, defesa, educação e saúde públicas e seguridade social no valor adicionado bruto a preços correntes da administração, defesa, educação e saúde públicas e seguridade social da unidade da federação",%,2302404,Boa Viagem (CE),2020,0.55,0.55
5938,527,"Participação do valor adicionado bruto a preços correntes da administração, defesa, educação e saúde públicas e seguridade social no valor adicionado bruto a preços correntes da administração, defesa, educação e saúde públicas e seguridade social da unidade da federação",%,2302404,Boa Viagem (CE),2021,0.56,0.56
5938,527,"Participação do valor adicionado bruto a preços correntes da administração, defesa, educação e saúde públicas e seguridade social no valor adicionado bruto a preços correntes da administração, defesa, educação e saúde públicas e seguridade social da unidade da federação",%,2302404,Boa Viagem (CE),2022,...,
5938,527,"Participação do valor adicionado bruto a preços correntes da administração, defesa, educação e saúde públicas e seguridade social no valor adicionado bruto a preços correntes da administração, defesa, educação e saúde públicas e seguridade social da unidade da federação",%,2302404,Boa Viagem (CE),2023,...,
5938,527,"Participação do valor adicionado bruto a preços correntes da administração, defesa, educação e saúde públicas e seguridade social no valor adicionado bruto a preços correntes da administração, defesa, educação e saúde públicas e seguridade social da unidade da federação",%,2307635,Madalena (CE),2018,0.23,0.23
5938,527,"Participação do valor adicionado bruto a preços correntes da administração, defesa, educação e saúde públicas e seguridade social no valor adicionado bruto a preços correntes da administração, defesa, educação e saúde públicas e seguridade social da unidade da federação",%,2307635,Madalena (CE),2019,0.22,0.22
5938,527,"Participação do valor adicionado bruto a preços correntes da administração, defesa, educação e saúde públicas e seguridade social no valor adicionado bruto a preços correntes da administração, defesa, educação e saúde públicas e seguridade social da unidade da federação",%,2307635,Madalena (CE),2020,0.22,0.22
5938,527,"Participação do valor adicionado bruto a preços correntes da administração, defesa, educação e saúde públicas e seguridade social no valor adicionado bruto a preços correntes da administração, defesa, educação e saúde públicas e seguridade social da unidade da federação",%,2307635,Madalena (CE),2021,0.23,0.23
5938,527,"Participação do valor adicionado bruto a preços correntes da administração, defesa, educação e saúde públicas e seguridade social no valor adicionado bruto a preços correntes da administração, defesa, educação e saúde públicas e seguridade social da unidade da federação",%,2307635,Madalena (CE),2022,...,
5938,527,"Participação do valor adicionado bruto a preços correntes da administração, defesa, educação e saúde públicas e seguridade social no valor adicionado bruto a preços correntes da administração, defesa, educação e saúde públicas e seguridade social da unidade da federação",%,2307635,Madalena (CE),2023,...,
5938,527,"Participação do valor adicionado bruto a preços correntes da administração, defesa, educação e saúde públicas e seguridade social no valor adicionado bruto a preços correntes da administração, defesa, educação e saúde públicas e seguridade social da unidade da federação",%,2311405,Quixeramobim (CE),2018,0.85,0.85
5938,527,"Participação do valor adicionado bruto a preços correntes da administração, defesa, educação e saúde públicas e seguridade social no valor adicionado bruto a preços correntes da administração, defesa, educação e saúde públicas e seguridade social da unidade da federação",%,2311405,Quixeramobim (CE),2019,0.86,0.86
5938,527,"Participação do valor adicionado bruto a preços correntes da administração, defesa, educação e saúde públicas e seguridade social no valor adicionado bruto a preços correntes da administração, defesa, educação e saúde públicas e seguridade social da unidade da federação",%,2311405,Quixeramobim (CE),2020,0.84,0.84
5938,527,"Participação do valor adicionado bruto a preços correntes da administração, defesa, educação e saúde públicas e seguridade social no valor adicionado bruto a preços correntes da administração, defesa, educação e saúde públicas e seguridade social da unidade da federação",%,2311405,Quixeramobim (CE),2021,0.83,0.83
5938,527,"Participação do valor adicionado bruto a preços correntes da administração, defesa, educação e saúde públicas e seguridade social no valor adicionado bruto a preços correntes da administração, defesa, educação e saúde públicas e seguridade social da unidade da federação",%,2311405,Quixeramobim (CE),2022,...,
5938,527,"Participação do valor adicionado bruto a preços correntes da administração, defesa, educação e saúde públicas e seguridade social no valor adicionado bruto a preços correntes da administração, defesa, educação e saúde públicas e seguridade social da unidade da federação",%,2311405,Quixeramobim (CE),2023,...,
5938,527,"Participação do valor adicionado bruto a preços correntes da administração, defesa, educação e saúde públicas e seguridade social no valor adicionado bruto a preços correntes da administração, defesa, educação e saúde públicas e seguridade social da unidade da federação",%,2302800,Canindé (CE),2018,0.88,0.88
5938,527,"Participação do valor adicionado bruto a preços correntes da administração, defesa, educação e saúde públicas e seguridade social no valor adicionado bruto a preços correntes da administração, defesa, educação e saúde públicas e seguridade social da unidade da federação",%,2302800,Canindé (CE),2019,0.89,0.89
5938,527,"Participação do valor adicionado bruto a preços correntes da administração, defesa, educação e saúde públicas e seguridade social no valor adicionado bruto a preços correntes da administração, defesa, educação e saúde públicas e seguridade social da unidade da federação",%,2302800,Canindé (CE),2020,0.88,0.88
5938,527,"Participação do valor adicionado bruto a preços correntes da administração, defesa, educação e saúde públicas e seguridade social no valor adicionado bruto a preços correntes da administração, defesa, educação e saúde públicas e seguridade social da unidade da federação",%,2302800,Canindé (CE),2021,0.89,0.89
5938,527,"Participação do valor adicionado bruto a preços correntes da administração, defesa, educação e saúde públicas e seguridade social no valor adicionado bruto a preços correntes da administração, defesa, educação e saúde públicas e seguridade social da unidade da federação",%,2302800,Canindé (CE),2022,...,
5938,527,"Participação do valor adicionado bruto a preços correntes da administração, defesa, educação e saúde públicas e seguridade social no valor adicionado bruto a preços correntes da administração, defesa, educação e saúde públicas e seguridade social da unidade da federação",%,2302800,Canindé (CE),2023,...,
5938,527,"Participação do valor adicionado bruto a preços correntes da administração, defesa, educação e saúde públicas e seguridade social no valor adicionado bruto a preços correntes da administração, defesa, educação e saúde públicas e seguridade social da unidade da federação",%,2308609,Monsenhor Tabosa (CE),2018,0.21,0.21
5938,527,"Participação do valor adicionado bruto a preços correntes da administração, defesa, educação e saúde públicas e seguridade social no valor adicionado bruto a preços correntes da administração, defesa, educação e saúde públicas e seguridade social da unidade da federação",%,2308609,Monsenhor Tabosa (CE),2019,0.20,0.2
5938,527,"Participação do valor adicionado bruto a preços correntes da administração, defesa, educação e saúde públicas e seguridade social no valor adicionado bruto a preços correntes da administração, defesa, educação e saúde públicas e seguridade social da unidade da federação",%,2308609,Monsenhor Tabosa (CE),2020,0.20,0.2
5938,527,"Participação do valor adicionado bruto a preços correntes da administração, defesa, educação e saúde públicas e seguridade social no valor adicionado bruto a preços correntes da administração, defesa, educação e saúde públicas e seguridade social da unidade da federação",%,2308609,Monsenhor Tabosa (CE),2021,0.21,0.21
5938,527,"Participação do valor adicionado bruto a preços correntes da administração, defesa, educação e saúde públicas e seguridade social no valor adicionado bruto a preços correntes da administração, defesa, educação e saúde públicas e seguridade social da unidade da federação",%,2308609,Monsenhor Tabosa (CE),2022,...,
5938,527,"Participação do valor adicionado bruto a preços correntes da administração, defesa, educação e saúde públicas e seguridade social no valor adicionado bruto a preços correntes da administração, defesa, educação e saúde públicas e seguridade social da unidade da federação",%,2308609,Monsenhor Tabosa (CE),2023,...,
5938,527,"Participação do valor adicionado bruto a preços correntes da administração, defesa, educação e saúde públicas e seguridade social no valor adicionado bruto a preços correntes da administração, defesa, educação e saúde públicas e seguridade social da unidade da federação",%,2313203,Tamboril (CE),2018,0.30,0.3
5938,527,"Participação do valor adicionado bruto a preços correntes da administração, defesa, educação e saúde públicas e seguridade social no valor adicionado bruto a preços correntes da administração, defesa, educação e saúde públicas e seguridade social da unidade da federação",%,2313203,Tamboril (CE),2019,0.31,0.31
5938,527,"Participação do valor adicionado bruto a preços correntes da administração, defesa, educação e saúde públicas e seguridade social no valor adicionado bruto a preços correntes da administração, defesa, educação e saúde públicas e seguridade social da unidade da federação",%,2313203,Tamboril (CE),2020,0.30,0.3
5938,527,"Participação do valor adicionado bruto a preços correntes da administração, defesa, educação e saúde públicas e seguridade social no valor adicionado bruto a preços correntes da administração, defesa, educação e saúde públicas e seguridade social da unidade da federação",%,2313203,Tamboril (CE),2021,0.31,0.31
5938,527,"Participação do valor adicionado bruto a preços correntes da administração, defesa, educação e saúde públicas e seguridade social no valor adicionado bruto a preços correntes da administração, defesa, educação e saúde públicas e seguridade social da unidade da federação",%,2313203,Tamboril (CE),2022,...,
5938,527,"Participação do valor adicionado bruto a preços correntes da administração, defesa, educação e saúde públicas e seguridade social no valor adicionado bruto a preços correntes da administração, defesa, educação e saúde públicas e seguridade social da unidade da federação",%,2313203,Tamboril (CE),2023,...,
5938,527,"Participação do valor adicionado bruto a preços correntes da administração, defesa, educação e saúde públicas e seguridade social no valor adicionado bruto a preços correntes da administração, defesa, educação e saúde públicas e seguridade social da unidade da federação",%,2310506,Pedra Branca (CE),2018,0.48,0.48
5938,527,"Participação do valor adicionado bruto a preços correntes da administração, defesa, educação e saúde públicas e seguridade social no valor adicionado bruto a preços correntes da administração, defesa, educação e saúde públicas e seguridade social da unidade da federação",%,2310506,Pedra Branca (CE),2019,0.51,0.51
5938,527,"Participação do valor adicionado bruto a preços correntes da administração, defesa, educação e saúde públicas e seguridade social no valor adicionado bruto a preços correntes da administração, defesa, educação e saúde públicas e seguridade social da unidade da federação",%,2310506,Pedra Branca (CE),2020,0.53,0.53
5938,527,"Participação do valor adicionado bruto a preços correntes da administração, defesa, educação e saúde públicas e seguridade social no valor adicionado bruto a preços correntes da administração, defesa, educação e saúde públicas e seguridade social da unidade da federação",%,2310506,Pedra Branca (CE),2021,0.51,0.51
5938,527,"Participação do valor adicionado bruto a preços correntes da administração, defesa, educação e saúde públicas e seguridade social no valor adicionado bruto a preços correntes da administração, defesa, educação e saúde públicas e seguridade social da unidade da federação",%,2310506,Pedra Branca (CE),2022,...,
5938,527,"Participação do valor adicionado bruto a preços correntes da administração, defesa, educação e saúde públicas e seguridade social no valor adicionado bruto a preços correntes da administração, defesa, educação e saúde públicas e seguridade social da unidade da federação",%,2310506,Pedra Branca (CE),2023,...,
5938,550,"Participação do valor adicionado bruto a preços correntes da administração, defesa, educação e saúde públicas e seguridade social no valor adicionado bruto a preços correntes da administração, defesa, educação e saúde públicas e seguridade social da grande região",%,2302404,Boa Viagem (CE),2018,0.08,0.08
5938,550,"Participação do valor adicionado bruto a preços correntes da administração, defesa, educação e saúde públicas e seguridade social no valor adicionado bruto a preços correntes da administração, defesa, educação e saúde públicas e seguridade social da grande região",%,2302404,Boa Viagem (CE),2019,0.08,0.08
5938,550,"Participação do valor adicionado bruto a preços correntes da administração, defesa, educação e saúde públicas e seguridade social no valor adicionado bruto a preços correntes da administração, defesa, educação e saúde públicas e seguridade social da grande região",%,2302404,Boa Viagem (CE),2020,0.08,0.08
5938,550,"Participação do valor adicionado bruto a preços correntes da administração, defesa, educação e saúde públicas e seguridade social no valor adicionado bruto a preços correntes da administração, defesa, educação e saúde públicas e seguridade social da grande região",%,2302404,Boa Viagem (CE),2021,0.08,0.08
5938,550,"Participação do valor adicionado bruto a preços correntes da administração, defesa, educação e saúde públicas e seguridade social no valor adicionado bruto a preços correntes da administração, defesa, educação e saúde públicas e seguridade social da grande região",%,2302404,Boa Viagem (CE),2022,...,
5938,550,"Participação do valor adicionado bruto a preços correntes da administração, defesa, educação e saúde públicas e seguridade social no valor adicionado bruto a preços correntes da administração, defesa, educação e saúde públicas e seguridade social da grande região",%,2302404,Boa Viagem (CE),2023,...,
5938,550,"Participação do valor adicionado bruto a preços correntes da administração, defesa, educação e saúde públicas e seguridade social no valor adicionado bruto a preços correntes da administração, defesa, educação e saúde públicas e seguridade social da grande região",%,2307635,Madalena (CE),2018,0.03,0.03
5938,550,"Participação do valor adicionado bruto a preços correntes da administração, defesa, educação e saúde públicas e seguridade social no valor adicionado bruto a preços correntes da administração, defesa, educação e saúde públicas e seguridade social da grande região",%,2307635,Madalena (CE),2019,0.03,0.03
5938,550,"Participação do valor adicionado bruto a preços correntes da administração, defesa, educação e saúde públicas e seguridade social no valor adicionado bruto a preços correntes da administração, defesa, educação e saúde públicas e seguridade social da grande região",%,2307635,Madalena (CE),2020,0.03,0.03
5938,550,"Participação do valor adicionado bruto a preços correntes da administração, defesa, educação e saúde públicas e seguridade social no valor adicionado bruto a preços correntes da administração, defesa, educação e saúde públicas e seguridade social da grande região",%,2307635,Madalena (CE),2021,0.03,0.03
5938,550,"Participação do valor adicionado bruto a preços correntes da administração, defesa, educação e saúde públicas e seguridade social no valor adicionado bruto a preços correntes da administração, defesa, educação e saúde públicas e seguridade social da grande região",%,2307635,Madalena (CE),2022,...,
5938,550,"Participação do valor adicionado bruto a preços correntes da administração, defesa, educação e saúde públicas e seguridade social no valor adicionado bruto a preços correntes da administração, defesa, educação e saúde públicas e seguridade social da grande região",%,2307635,Madalena (CE),2023,...,
5938,550,"Participação do valor adicionado bruto a preços correntes da administração, defesa, educação e saúde públicas e seguridade social no valor adicionado bruto a preços correntes da administração, defesa, educação e saúde públicas e seguridade social da grande região",%,2311405,Quixeramobim (CE),2018,0.12,0.12
5938,550,"Participação do valor adicionado bruto a preços correntes da administração, defesa, educação e saúde públicas e seguridade social no valor adicionado bruto a preços correntes da administração, defesa, educação e saúde públicas e seguridade social da grande região",%,2311405,Quixeramobim (CE),2019,0.12,0.12
5938,550,"Participação do valor adicionado bruto a preços correntes da administração, defesa, educação e saúde públicas e seguridade social no valor adicionado bruto a preços correntes da administração, defesa, educação e saúde públicas e seguridade social da grande região",%,2311405,Quixeramobim (CE),2020,0.12,0.12
5938,550,"Participação do valor adicionado bruto a preços correntes da administração, defesa, educação e saúde públicas e seguridade social no valor adicionado bruto a preços correntes da administração, defesa, educação e saúde públicas e seguridade social da grande região",%,2311405,Quixeramobim (CE),2021,0.12,0.12
5938,550,"Participação do valor adicionado bruto a preços correntes da administração, defesa, educação e saúde públicas e seguridade social no valor adicionado bruto a preços correntes da administração, defesa, educação e saúde públicas e seguridade social da grande região",%,2311405,Quixeramobim (CE),2022,...,
5938,550,"Participação do valor adicionado bruto a preços correntes da administração, defesa, educação e saúde públicas e seguridade social no valor adicionado bruto a preços correntes da administração, defesa, educação e saúde públicas e seguridade social da grande região",%,2311405,Quixeramobim (CE),2023,...,
5938,550,"Participação do valor adicionado bruto a preços correntes da administração, defesa, educação e saúde públicas e seguridade social no valor adicionado bruto a preços correntes da administração, defesa, educação e saúde públicas e seguridade social da grande região",%,2302800,Canindé (CE),2018,0.13,0.13
5938,550,"Participação do valor adicionado bruto a preços correntes da administração, defesa, educação e saúde públicas e seguridade social no valor adicionado bruto a preços correntes da administração, defesa, educação e saúde públicas e seguridade social da grande região",%,2302800,Canindé (CE),2019,0.13,0.13
5938,550,"Participação do valor adicionado bruto a preços correntes da administração, defesa, educação e saúde públicas e seguridade social no valor adicionado bruto a preços correntes da administração, defesa, educação e saúde públicas e seguridade social da grande região",%,2302800,Canindé (CE),2020,0.13,0.13
5938,550,"Participação do valor adicionado bruto a preços correntes da administração, defesa, educação e saúde públicas e seguridade social no valor adicionado bruto a preços correntes da administração, defesa, educação e saúde públicas e seguridade social da grande região",%,2302800,Canindé (CE),2021,0.13,0.13
5938,550,"Participação do valor adicionado bruto a preços correntes da administração, defesa, educação e saúde públicas e seguridade social no valor adicionado bruto a preços correntes da administração, defesa, educação e saúde públicas e seguridade social da grande região",%,2302800,Canindé (CE),2022,...,
5938,550,"Participação do valor adicionado bruto a preços correntes da administração, defesa, educação e saúde públicas e seguridade social no valor adicionado bruto a preços correntes da administração, defesa, educação e saúde públicas e seguridade social da grande região",%,2302800,Canindé (CE),2023,...,
5938,550,"Participação do valor adicionado bruto a preços correntes da administração, defesa, educação e saúde públicas e seguridade social no valor adicionado bruto a preços correntes da administração, defesa, educação e saúde públicas e seguridade social da grande região",%,2308609,Monsenhor Tabosa (CE),2018,0.03,0.03
5938,550,"Participação do valor adicionado bruto a preços correntes da administração, defesa, educação e saúde públicas e seguridade social no valor adicionado bruto a preços correntes da administração, defesa, educação e saúde públicas e seguridade social da grande região",%,2308609,Monsenhor Tabosa (CE),2019,0.03,0.03
5938,550,"Participação do valor adicionado bruto a preços correntes da administração, defesa, educação e saúde públicas e seguridade social no valor adicionado bruto a preços correntes da administração, defesa, educação e saúde públicas e seguridade social da grande região",%,2308609,Monsenhor Tabosa (CE),2020,0.03,0.03
5938,550,"Participação do valor adicionado bruto a preços correntes da administração, defesa, educação e saúde públicas e seguridade social no valor adicionado bruto a preços correntes da administração, defesa, educação e saúde públicas e seguridade social da grande região",%,2308609,Monsenhor Tabosa (CE),2021,0.03,0.03
5938,550,"Participação do valor adicionado bruto a preços correntes da administração, defesa, educação e saúde públicas e seguridade social no valor adicionado bruto a preços correntes da administração, defesa, educação e saúde públicas e seguridade social da grande região",%,2308609,Monsenhor Tabosa (CE),2022,...,
5938,550,"Participação do valor adicionado bruto a preços correntes da administração, defesa, educação e saúde públicas e seguridade social no valor adicionado bruto a preços correntes da administração, defesa, educação e saúde públicas e seguridade social da grande região",%,2308609,Monsenhor Tabosa (CE),2023,...,
5938,550,"Participação do valor adicionado bruto a preços correntes da administração, defesa, educação e saúde públicas e seguridade social no valor adicionado bruto a preços correntes da administração, defesa, educação e saúde públicas e seguridade social da grande região",%,2313203,Tamboril (CE),2018,0.04,0.04
5938,550,"Participação do valor adicionado bruto a preços correntes da administração, defesa, educação e saúde públicas e seguridade social no valor adicionado bruto a preços correntes da administração, defesa, educação e saúde públicas e seguridade social da grande região",%,2313203,Tamboril (CE),2019,0.04,0.04
5938,550,"Participação do valor adicionado bruto a preços correntes da administração, defesa, educação e saúde públicas e seguridade social no valor adicionado bruto a preços correntes da administração, defesa, educação e saúde públicas e seguridade social da grande região",%,2313203,Tamboril (CE),2020,0.04,0.04
5938,550,"Participação do valor adicionado bruto a preços correntes da administração, defesa, educação e saúde públicas e seguridade social no valor adicionado bruto a preços correntes da administração, defesa, educação e saúde públicas e seguridade social da grande região",%,2313203,Tamboril (CE),2021,0.05,0.05
5938,550,"Participação do valor adicionado bruto a preços correntes da administração, defesa, educação e saúde públicas e seguridade social no valor adicionado bruto a preços correntes da administração, defesa, educação e saúde públicas e seguridade social da grande região",%,2313203,Tamboril (CE),2022,...,
5938,550,"Participação do valor adicionado bruto a preços correntes da administração, defesa, educação e saúde públicas e seguridade social no valor adicionado bruto a preços correntes da administração, defesa, educação e saúde públicas e seguridade social da grande região",%,2313203,Tamboril (CE),2023,...,
5938,550,"Participação do valor adicionado bruto a preços correntes da administração, defesa, educação e saúde públicas e seguridade social no valor adicionado bruto a preços correntes da administração, defesa, educação e saúde públicas e seguridade social da grande região",%,2310506,Pedra Branca (CE),2018,0.07,0.07
5938,550,"Participação do valor adicionado bruto a preços correntes da administração, defesa, educação e saúde públicas e seguridade social no valor adicionado bruto a preços correntes da administração, defesa, educação e saúde públicas e seguridade social da grande região",%,2310506,Pedra Branca (CE),2019,0.07,0.07
5938,550,"Participação do valor adicionado bruto a preços correntes da administração, defesa, educação e saúde públicas e seguridade social no valor adicionado bruto a preços correntes da administração, defesa, educação e saúde públicas e seguridade social da grande região",%,2310506,Pedra Branca (CE),2020,0.08,0.08
5938,550,"Participação do valor adicionado bruto a preços correntes da administração, defesa, educação e saúde públicas e seguridade social no valor adicionado bruto a preços correntes da administração, defesa, educação e saúde públicas e seguridade social da grande região",%,2310506,Pedra Branca (CE),2021,0.08,0.08
5938,550,"Participação do valor adicionado bruto a preços correntes da administração, defesa, educação e saúde públicas e seguridade social no valor adicionado bruto a preços correntes da administração, defesa, educação e saúde públicas e seguridade social da grande região",%,2310506,Pedra Branca (CE),2022,...,
5938,550,"Participação do valor adicionado bruto a preços correntes da administração, defesa, educação e saúde públicas e seguridade social no valor adicionado bruto a preços correntes da administração, defesa, educação e saúde públicas e seguridade social da grande região",%,2310506,Pedra Branca (CE),2023,...,
5938,526,"Participação do valor adicionado bruto a preços correntes da administração, defesa, educação e saúde públicas e seguridade social no valor adicionado bruto a preços correntes da administração, defesa, educação e saúde públicas e seguridade social do Brasil",%,2302404,Boa Viagem (CE),2018,0.02,0.02
5938,526,"Participação do valor adicionado bruto a preços correntes da administração, defesa, educação e saúde públicas e seguridade social no valor adicionado bruto a preços correntes da administração, defesa, educação e saúde públicas e seguridade social do Brasil",%,2302404,Boa Viagem (CE),2019,0.02,0.02
5938,526,"Participação do valor adicionado bruto a preços correntes da administração, defesa, educação e saúde públicas e seguridade social no valor adicionado bruto a preços correntes da administração, defesa, educação e saúde públicas e seguridade social do Brasil",%,2302404,Boa Viagem (CE),2020,0.02,0.02
5938,526,"Participação do valor adicionado bruto a preços correntes da administração, defesa, educação e saúde públicas e seguridade social no valor adicionado bruto a preços correntes da administração, defesa, educação e saúde públicas e seguridade social do Brasil",%,2302404,Boa Viagem (CE),2021,0.02,0.02
5938,526,"Participação do valor adicionado bruto a preços correntes da administração, defesa, educação e saúde públicas e seguridade social no valor adicionado bruto a preços correntes da administração, defesa, educação e saúde públicas e seguridade social do Brasil",%,2302404,Boa Viagem (CE),2022,...,
5938,526,"Participação do valor adicionado bruto a preços correntes da administração, defesa, educação e saúde públicas e seguridade social no valor adicionado bruto a preços correntes da administração, defesa, educação e saúde públicas e seguridade social do Brasil",%,2302404,Boa Viagem (CE),2023,...,
5938,526,"Participação do valor adicionado bruto a preços correntes da administração, defesa, educação e saúde públicas e seguridade social no valor adicionado bruto a preços correntes da administração, defesa, educação e saúde públicas e seguridade social do Brasil",%,2307635,Madalena (CE),2018,0.01,0.01
5938,526,"Participação do valor adicionado bruto a preços correntes da administração, defesa, educação e saúde públicas e seguridade social no valor adicionado bruto a preços correntes da administração, defesa, educação e saúde públicas e seguridade social do Brasil",%,2307635,Madalena (CE),2019,0.01,0.01
5938,526,"Participação do valor adicionado bruto a preços correntes da administração, defesa, educação e saúde públicas e seguridade social no valor adicionado bruto a preços correntes da administração, defesa, educação e saúde públicas e seguridade social do Brasil",%,2307635,Madalena (CE),2020,0.01,0.01
5938,526,"Participação do valor adicionado bruto a preços correntes da administração, defesa, educação e saúde públicas e seguridade social no valor adicionado bruto a preços correntes da administração, defesa, educação e saúde públicas e seguridade social do Brasil",%,2307635,Madalena (CE),2021,0.01,0.01
5938,526,"Participação do valor adicionado bruto a preços correntes da administração, defesa, educação e saúde públicas e seguridade social no valor adicionado bruto a preços correntes da administração, defesa, educação e saúde públicas e seguridade social do Brasil",%,2307635,Madalena (CE),2022,...,
5938,526,"Participação do valor adicionado bruto a preços correntes da administração, defesa, educação e saúde públicas e seguridade social no valor adicionado bruto a preços correntes da administração, defesa, educação e saúde públicas e seguridade social do Brasil",%,2307635,Madalena (CE),2023,...,
5938,526,"Participação do valor adicionado bruto a preços correntes da administração, defesa, educação e saúde públicas e seguridade social no valor adicionado bruto a preços correntes da administração, defesa, educação e saúde públicas e seguridade social do Brasil",%,2311405,Quixeramobim (CE),2018,0.03,0.03
5938,526,"Participação do valor adicionado bruto a preços correntes da administração, defesa, educação e saúde públicas e seguridade social no valor adicionado bruto a preços correntes da administração, defesa, educação e saúde públicas e seguridade social do Brasil",%,2311405,Quixeramobim (CE),2019,0.03,0.03
5938,526,"Participação do valor adicionado bruto a preços correntes da administração, defesa, educação e saúde públicas e seguridade social no valor adicionado bruto a preços correntes da administração, defesa, educação e saúde públicas e seguridade social do Brasil",%,2311405,Quixeramobim (CE),2020,0.03,0.03
5938,526,"Participação do valor adicionado bruto a preços correntes da administração, defesa, educação e saúde públicas e seguridade social no valor adicionado bruto a preços correntes da administração, defesa, educação e saúde públicas e seguridade social do Brasil",%,2311405,Quixeramobim (CE),2021,0.03,0.03
5938,526,"Participação do valor adicionado bruto a preços correntes da administração, defesa, educação e saúde públicas e seguridade social no valor adicionado bruto a preços correntes da administração, defesa, educação e saúde públicas e seguridade social do Brasil",%,2311405,Quixeramobim (CE),2022,...,
5938,526,"Participação do valor adicionado bruto a preços correntes da administração, defesa, educação e saúde públicas e seguridade social no valor adicionado bruto a preços correntes da administração, defesa, educação e saúde públicas e seguridade social do Brasil",%,2311405,Quixeramobim (CE),2023,...,
5938,526,"Participação do valor adicionado bruto a preços correntes da administração, defesa, educação e saúde públicas e seguridade social no valor adicionado bruto a preços correntes da administração, defesa, educação e saúde públicas e seguridade social do Brasil",%,2302800,Canindé (CE),2018,0.03,0.03
5938,526,"Participação do valor adicionado bruto a preços correntes da administração, defesa, educação e saúde públicas e seguridade social no valor adicionado bruto a preços correntes da administração, defesa, educação e saúde públicas e seguridade social do Brasil",%,2302800,Canindé (CE),2019,0.03,0.03
5938,526,"Participação do valor adicionado bruto a preços correntes da administração, defesa, educação e saúde públicas e seguridade social no valor adicionado bruto a preços correntes da administração, defesa, educação e saúde públicas e seguridade social do Brasil",%,2302800,Canindé (CE),2020,0.03,0.03
5938,526,"Participação do valor adicionado bruto a preços correntes da administração, defesa, educação e saúde públicas e seguridade social no valor adicionado bruto a preços correntes da administração, defesa, educação e saúde públicas e seguridade social do Brasil",%,2302800,Canindé (CE),2021,0.03,0.03
5938,526,"Participação do valor adicionado bruto a preços correntes da administração, defesa, educação e saúde públicas e seguridade social no valor adicionado bruto a preços correntes da administração, defesa, educação e saúde públicas e seguridade social do Brasil",%,2302800,Canindé (CE),2022,...,
5938,526,"Participação do valor adicionado bruto a preços correntes da administração, defesa, educação e saúde públicas e seguridade social no valor adicionado bruto a preços correntes da administração, defesa, educação e saúde públicas e seguridade social do Brasil",%,2302800,Canindé (CE),2023,...,
5938,526,"Participação do valor adicionado bruto a preços correntes da administração, defesa, educação e saúde públicas e seguridade social no valor adicionado bruto a preços correntes da administração, defesa, educação e saúde públicas e seguridade social do Brasil",%,2308609,Monsenhor Tabosa (CE),2018,0.01,0.01
5938,526,"Participação do valor adicionado bruto a preços correntes da administração, defesa, educação e saúde públicas e seguridade social no valor adicionado bruto a preços correntes da administração, defesa, educação e saúde públicas e seguridade social do Brasil",%,2308609,Monsenhor Tabosa (CE),2019,0.01,0.01
5938,526,"Participação do valor adicionado bruto a preços correntes da administração, defesa, educação e saúde públicas e seguridade social no valor adicionado bruto a preços correntes da administração, defesa, educação e saúde públicas e seguridade social do Brasil",%,2308609,Monsenhor Tabosa (CE),2020,0.01,0.01
5938,526,"Participação do valor adicionado bruto a preços correntes da administração, defesa, educação e saúde públicas e seguridade social no valor adicionado bruto a preços correntes da administração, defesa, educação e saúde públicas e seguridade social do Brasil",%,2308609,Monsenhor Tabosa (CE),2021,0.01,0.01
5938,526,"Participação do valor adicionado bruto a preços correntes da administração, defesa, educação e saúde públicas e seguridade social no valor adicionado bruto a preços correntes da administração, defesa, educação e saúde públicas e seguridade social do Brasil",%,2308609,Monsenhor Tabosa (CE),2022,...,
5938,526,"Participação do valor adicionado bruto a preços correntes da administração, defesa, educação e saúde públicas e seguridade social no valor adicionado bruto a preços correntes da administração, defesa, educação e saúde públicas e seguridade social do Brasil",%,2308609,Monsenhor Tabosa (CE),2023,...,
5938,526,"Participação do valor adicionado bruto a preços correntes da administração, defesa, educação e saúde públicas e seguridade social no valor adicionado bruto a preços correntes da administração, defesa, educação e saúde públicas e seguridade social do Brasil",%,2313203,Tamboril (CE),2018,0.01,0.01
5938,526,"Participação do valor adicionado bruto a preços correntes da administração, defesa, educação e saúde públicas e seguridade social no valor adicionado bruto a preços correntes da administração, defesa, educação e saúde públicas e seguridade social do Brasil",%,2313203,Tamboril (CE),2019,0.01,0.01
5938,526,"Participação do valor adicionado bruto a preços correntes da administração, defesa, educação e saúde públicas e seguridade social no valor adicionado bruto a preços correntes da administração, defesa, educação e saúde públicas e seguridade social do Brasil",%,2313203,Tamboril (CE),2020,0.01,0.01
5938,526,"Participação do valor adicionado bruto a preços correntes da administração, defesa, educação e saúde públicas e seguridade social no valor adicionado bruto a preços correntes da administração, defesa, educação e saúde públicas e seguridade social do Brasil",%,2313203,Tamboril (CE),2021,0.01,0.01
5938,526,"Participação do valor adicionado bruto a preços correntes da administração, defesa, educação e saúde públicas e seguridade social no valor adicionado bruto a preços correntes da administração, defesa, educação e saúde públicas e seguridade social do Brasil",%,2313203,Tamboril (CE),2022,...,
5938,526,"Participação do valor adicionado bruto a preços correntes da administração, defesa, educação e saúde públicas e seguridade social no valor adicionado bruto a preços correntes da administração, defesa, educação e saúde públicas e seguridade social do Brasil",%,2313203,Tamboril (CE),2023,...,
5938,526,"Participação do valor adicionado bruto a preços correntes da administração, defesa, educação e saúde públicas e seguridade social no valor adicionado bruto a preços correntes da administração, defesa, educação e saúde públicas e seguridade social do Brasil",%,2310506,Pedra Branca (CE),2018,0.01,0.01
5938,526,"Participação do valor adicionado bruto a preços correntes da administração, defesa, educação e saúde públicas e seguridade social no valor adicionado bruto a preços correntes da administração, defesa, educação e saúde públicas e seguridade social do Brasil",%,2310506,Pedra Branca (CE),2019,0.02,0.02
5938,526,"Participação do valor adicionado bruto a preços correntes da administração, defesa, educação e saúde públicas e seguridade social no valor adicionado bruto a preços correntes da administração, defesa, educação e saúde públicas e seguridade social do Brasil",%,2310506,Pedra Branca (CE),2020,0.02,0.02
5938,526,"Participação do valor adicionado bruto a preços correntes da administração, defesa, educação e saúde públicas e seguridade social no valor adicionado bruto a preços correntes da administração, defesa, educação e saúde públicas e seguridade social do Brasil",%,2310506,Pedra Branca (CE),2021,0.02,0.02
5938,526,"Participação do valor adicionado bruto a preços correntes da administração, defesa, educação e saúde públicas e seguridade social no valor adicionado bruto a preços correntes da administração, defesa, educação e saúde públicas e seguridade social do Brasil",%,2310506,Pedra Branca (CE),2022,...,
5938,526,"Participação do valor adicionado bruto a preços correntes da administração, defesa, educação e saúde públicas e seguridade social no valor adicionado bruto a preços correntes da administração, defesa, educação e saúde públicas e seguridade social do Brasil",%,2310506,Pedra Branca (CE),2023,...,
